2026-06-23 10:37:48,349 | INFO | FraudShieldAI | Connected to MongoDB
2026-06-23 10:38:37,073 | INFO | FraudShieldAI | Connected to MongoDB
2026-06-23 11:29:45,387 | INFO | FraudShieldAI | Closed MongoDB connection
2026-06-23 11:29:45,503 | INFO | FraudShieldAI | Closed MongoDB connection
2026-06-23 11:29:52,716 | INFO | FraudShieldAI | Connected to MongoDB
2026-06-23 11:29:52,717 | INFO | FraudShieldAI | Connected to MongoDB
2026-06-23 11:30:04,746 | INFO | FraudShieldAI | Closed MongoDB connection
2026-06-23 11:30:10,800 | INFO | FraudShieldAI | Connected to MongoDB
2026-06-23 11:30:10,960 | INFO | FraudShieldAI | Connected to MongoDB
2026-06-23 15:06:18,083 | INFO | FraudShieldAI | Closed MongoDB connection
2026-06-23 15:06:18,085 | INFO | FraudShieldAI | Closed MongoDB connection
2026-06-23 15:06:28,362 | INFO | FraudShieldAI | Connected to MongoDB
2026-06-23 15:06:28,379 | INFO | FraudShieldAI | Connected to MongoDB
2026-06-23 15:07:32,712 | INFO | FraudShieldAI | Closed MongoDB connection
2026-06-23 15:07:32,791 | INFO | FraudShieldAI | Closed MongoDB connection
2026-06-23 15:07:40,535 | INFO | FraudShieldAI | Connected to MongoDB
2026-06-23 15:07:40,674 | INFO | FraudShieldAI | Connected to MongoDB
2026-06-23 15:09:55,835 | INFO | FraudShieldAI | Closed MongoDB connection
2026-06-23 15:09:55,916 | INFO | FraudShieldAI | Closed MongoDB connection
2026-06-23 15:10:02,069 | INFO | FraudShieldAI | Connected to MongoDB
2026-06-23 15:10:02,115 | INFO | FraudShieldAI | Connected to MongoDB
2026-06-23 15:32:54,719 | INFO | FraudShieldAI | Closed MongoDB connection
2026-06-23 15:32:54,748 | INFO | FraudShieldAI | Closed MongoDB connection
2026-06-23 15:32:57,980 | INFO | FraudShieldAI | Connected to MongoDB
2026-06-23 15:32:58,068 | INFO | FraudShieldAI | Connected to MongoDB
2026-06-23 15:34:57,298 | INFO | FraudShieldAI | Closed MongoDB connection
2026-06-23 15:34:57,312 | INFO | FraudShieldAI | Closed MongoDB connection
2026-06-23 15:35:00,680 | INFO | FraudShieldAI | Connected to MongoDB
2026-06-23 15:35:00,690 | INFO | FraudShieldAI | Connected to MongoDB
2026-06-23 15:36:53,988 | INFO | FraudShieldAI | Closed MongoDB connection
2026-06-23 15:36:54,004 | INFO | FraudShieldAI | Closed MongoDB connection
2026-06-23 15:36:56,590 | INFO | FraudShieldAI | Connected to MongoDB
2026-06-23 15:36:56,608 | INFO | FraudShieldAI | Connected to MongoDB
2026-06-23 15:38:11,544 | INFO | FraudShieldAI | Closed MongoDB connection
2026-06-23 15:38:11,560 | INFO | FraudShieldAI | Closed MongoDB connection
2026-06-23 15:38:14,640 | INFO | FraudShieldAI | Connected to MongoDB
2026-06-23 15:38:14,658 | INFO | FraudShieldAI | Connected to MongoDB
2026-06-23 15:43:40,672 | INFO | FraudShieldAI | Closed MongoDB connection
2026-06-23 15:43:40,717 | INFO | FraudShieldAI | Closed MongoDB connection
2026-06-23 15:43:48,997 | INFO | FraudShieldAI | Connected to MongoDB
2026-06-23 15:43:49,034 | INFO | FraudShieldAI | Connected to MongoDB
2026-06-23 16:51:31,644 | INFO | FraudShieldAI | Closed MongoDB connection
2026-06-23 16:51:31,648 | INFO | FraudShieldAI | Closed MongoDB connection
2026-06-23 16:51:39,039 | INFO | FraudShieldAI | Connected to MongoDB
2026-06-29 12:47:56,790 | INFO | FraudShieldAI | Connected to MongoDB
2026-06-29 12:50:58,083 | INFO | FraudShieldAI | Closed MongoDB connection
2026-06-29 12:51:27,970 | INFO | FraudShieldAI | Connected to MongoDB
2026-06-29 14:22:02,165 | INFO | FraudShieldAI | Closed MongoDB connection
2026-06-29 14:22:26,255 | INFO | FraudShieldAI | Connected to MongoDB
2026-06-29 14:22:39,707 | INFO | FraudShieldAI | Closed MongoDB connection
2026-06-29 14:49:46,327 | INFO | FraudShieldAI | Connected to MongoDB
2026-06-29 16:19:58,811 | INFO | FraudShieldAI | Closed MongoDB connection
2026-06-29 16:20:03,357 | INFO | FraudShieldAI | Connected to MongoDB
2026-06-29 16:25:45,988 | INFO | FraudShieldAI | Closed MongoDB connection
2026-06-29 16:25:48,675 | INFO | FraudShieldAI | Connected to MongoDB
2026-06-29 16:27:47,492 | INFO | FraudShieldAI | Closed MongoDB connection
2026-06-29 16:27:49,816 | INFO | FraudShieldAI | Connected to MongoDB
2026-06-29 16:29:08,130 | INFO | FraudShieldAI | Connected to MongoDB
2026-06-29 16:38:28,388 | INFO | FraudShieldAI | Closed MongoDB connection
2026-06-29 16:38:28,716 | INFO | FraudShieldAI | Closed MongoDB connection
2026-06-29 16:39:38,334 | INFO | FraudShieldAI | Connected to MongoDB
2026-06-29 16:39:39,235 | INFO | FraudShieldAI | Connected to MongoDB
2026-06-29 16:40:10,913 | INFO | FraudShieldAI | Closed MongoDB connection
2026-06-29 16:40:11,486 | INFO | FraudShieldAI | Closed MongoDB connection
2026-06-29 16:40:13,383 | INFO | FraudShieldAI | Connected to MongoDB
2026-06-29 16:40:14,009 | INFO | FraudShieldAI | Connected to MongoDB
2026-06-29 16:41:21,192 | INFO | FraudShieldAI | Closed MongoDB connection
2026-06-29 16:41:23,471 | INFO | FraudShieldAI | Connected to MongoDB
2026-06-29 16:41:23,628 | INFO | FraudShieldAI | Closed MongoDB connection
2026-06-29 16:41:26,041 | INFO | FraudShieldAI | Connected to MongoDB
2026-06-29 16:52:18,283 | INFO | FraudShieldAI | Closed MongoDB connection
2026-06-29 16:52:18,285 | INFO | FraudShieldAI | Closed MongoDB connection
2026-06-29 16:52:23,324 | INFO | FraudShieldAI | Connected to MongoDB
2026-06-29 16:52:23,360 | INFO | FraudShieldAI | Connected to MongoDB
2026-06-29 16:52:23,469 | INFO | FraudShieldAI | Closed MongoDB connection
2026-06-29 16:54:26,104 | INFO | FraudShieldAI | Closed MongoDB connection
2026-06-29 16:54:31,222 | INFO | FraudShieldAI | Connected to MongoDB
2026-06-29 16:57:04,123 | INFO | FraudShieldAI | Closed MongoDB connection
2026-06-29 16:57:09,401 | INFO | FraudShieldAI | Connected to MongoDB
2026-06-29 17:00:05,582 | INFO | FraudShieldAI | Closed MongoDB connection
2026-06-29 17:00:10,699 | INFO | FraudShieldAI | Connected to MongoDB
2026-06-29 17:00:20,580 | INFO | FraudShieldAI | Connected to MongoDB
2026-06-30 10:15:54,578 | INFO | FraudShieldAI | Closed MongoDB connection
2026-06-30 10:15:54,669 | INFO | FraudShieldAI | Closed MongoDB connection
2026-06-30 10:20:46,190 | INFO | FraudShieldAI | Connected to MongoDB
2026-06-30 10:21:00,795 | INFO | FraudShieldAI | Connected to MongoDB
2026-06-30 10:23:17,175 | INFO | FraudShieldAI | Closed MongoDB connection
2026-06-30 10:24:02,730 | INFO | FraudShieldAI | Closed MongoDB connection
2026-06-30 10:24:04,893 | INFO | FraudShieldAI | Connected to MongoDB
2026-06-30 10:24:25,333 | INFO | FraudShieldAI | Closed MongoDB connection
2026-06-30 10:24:27,704 | INFO | FraudShieldAI | Connected to MongoDB
2026-06-30 10:24:42,323 | INFO | FraudShieldAI | Closed MongoDB connection
2026-06-30 10:24:44,570 | INFO | FraudShieldAI | Connected to MongoDB
2026-06-30 10:25:43,602 | INFO | FraudShieldAI | Closed MongoDB connection
2026-06-30 10:25:46,313 | INFO | FraudShieldAI | Connected to MongoDB
2026-06-30 10:26:17,509 | INFO | FraudShieldAI | Closed MongoDB connection
2026-06-30 10:26:20,004 | INFO | FraudShieldAI | Connected to MongoDB
2026-06-30 10:26:26,327 | INFO | FraudShieldAI | Connected to MongoDB
2026-06-30 10:30:48,860 | INFO | FraudShieldAI | Closed MongoDB connection
2026-06-30 10:31:41,538 | INFO | FraudShieldAI | Closed MongoDB connection
2026-06-30 10:32:34,216 | INFO | FraudShieldAI | Connected to MongoDB
2026-06-30 10:33:08,968 | INFO | FraudShieldAI | Closed MongoDB connection
2026-06-30 10:33:10,987 | INFO | FraudShieldAI | Connected to MongoDB
2026-06-30 10:35:47,856 | INFO | FraudShieldAI | Closed MongoDB connection
2026-06-30 10:35:50,450 | INFO | FraudShieldAI | Connected to MongoDB
2026-06-30 10:36:22,578 | INFO | FraudShieldAI | Closed MongoDB connection
2026-06-30 10:36:24,805 | INFO | FraudShieldAI | Connected to MongoDB
2026-06-30 10:36:44,069 | INFO | FraudShieldAI | Connected to MongoDB
2026-06-30 10:40:21,222 | INFO | FraudShieldAI | Closed MongoDB connection
2026-06-30 10:40:22,191 | INFO | FraudShieldAI | Closed MongoDB connection
2026-06-30 10:40:23,548 | INFO | FraudShieldAI | Connected to MongoDB
2026-06-30 10:40:24,655 | INFO | FraudShieldAI | Connected to MongoDB
2026-06-30 10:47:28,093 | INFO | FraudShieldAI | Closed MongoDB connection
2026-06-30 10:47:36,714 | INFO | FraudShieldAI | Connected to MongoDB
2026-06-30 10:59:30,244 | INFO | FraudShieldAI | Closed MongoDB connection
2026-06-30 10:59:30,246 | INFO | FraudShieldAI | Closed MongoDB connection
2026-06-30 10:59:32,681 | INFO | FraudShieldAI | Connected to MongoDB
2026-06-30 10:59:32,828 | INFO | FraudShieldAI | Connected to MongoDB
2026-06-30 11:14:11,439 | INFO | FraudShieldAI | Closed MongoDB connection
2026-06-30 11:14:11,486 | INFO | FraudShieldAI | Closed MongoDB connection
2026-06-30 11:14:14,690 | INFO | FraudShieldAI | Connected to MongoDB
2026-06-30 11:14:15,029 | INFO | FraudShieldAI | Connected to MongoDB
2026-06-30 11:22:13,063 | INFO | FraudShieldAI | Closed MongoDB connection
2026-06-30 11:22:13,078 | INFO | FraudShieldAI | Closed MongoDB connection
2026-06-30 11:22:15,949 | INFO | FraudShieldAI | Connected to MongoDB
2026-06-30 11:22:15,958 | INFO | FraudShieldAI | Connected to MongoDB
2026-06-30 11:28:30,808 | INFO | FraudShieldAI | Closed MongoDB connection
2026-06-30 11:28:30,838 | INFO | FraudShieldAI | Closed MongoDB connection
2026-06-30 11:28:33,324 | INFO | FraudShieldAI | Connected to MongoDB
2026-06-30 11:28:33,768 | INFO | FraudShieldAI | Connected to MongoDB
2026-06-30 11:31:16,888 | INFO | FraudShieldAI | Closed MongoDB connection
2026-06-30 11:31:20,080 | INFO | FraudShieldAI | Connected to MongoDB
2026-06-30 11:31:20,091 | INFO | FraudShieldAI | Connected to MongoDB
2026-06-30 11:31:49,340 | INFO | FraudShieldAI | Closed MongoDB connection
2026-06-30 11:31:49,464 | INFO | FraudShieldAI | Closed MongoDB connection
2026-06-30 11:31:52,618 | INFO | FraudShieldAI | Connected to MongoDB
2026-06-30 11:31:52,656 | INFO | FraudShieldAI | Connected to MongoDB
2026-06-30 11:32:25,732 | INFO | FraudShieldAI | Closed MongoDB connection
2026-06-30 11:32:25,810 | INFO | FraudShieldAI | Closed MongoDB connection
2026-06-30 11:32:29,038 | INFO | FraudShieldAI | Connected to MongoDB
2026-06-30 11:32:29,040 | INFO | FraudShieldAI | Connected to MongoDB
2026-06-30 11:32:56,671 | INFO | FraudShieldAI | Closed MongoDB connection
2026-06-30 11:32:56,780 | INFO | FraudShieldAI | Closed MongoDB connection
2026-06-30 11:33:00,235 | INFO | FraudShieldAI | Connected to MongoDB
2026-06-30 11:33:00,263 | INFO | FraudShieldAI | Connected to MongoDB
2026-06-30 13:01:04,882 | INFO | FraudShieldAI | Closed MongoDB connection
2026-06-30 13:01:04,924 | INFO | FraudShieldAI | Closed MongoDB connection
2026-06-30 14:14:52,514 | INFO | FraudShieldAI | Connected to MongoDB
2026-06-30 14:14:52,514 | INFO | FraudShieldAI | Connected to MongoDB
2026-06-30 14:15:15,279 | INFO | FraudShieldAI | Connected to MongoDB
2026-06-30 14:32:12,499 | INFO | FraudShieldAI | Closed MongoDB connection
2026-06-30 14:32:16,221 | INFO | FraudShieldAI | Connected to MongoDB
2026-06-30 14:37:40,844 | INFO | FraudShieldAI | Closed MongoDB connection
2026-06-30 14:37:43,259 | INFO | FraudShieldAI | Connected to MongoDB
2026-06-30 14:46:46,654 | INFO | FraudShieldAI | Closed MongoDB connection
2026-06-30 14:46:49,400 | INFO | FraudShieldAI | Connected to MongoDB
2026-06-30 15:07:34,035 | INFO | FraudShieldAI | Closed MongoDB connection
2026-06-30 15:07:37,157 | INFO | FraudShieldAI | Connected to MongoDB
2026-06-30 15:09:16,722 | INFO | FraudShieldAI | Closed MongoDB connection
2026-06-30 15:09:19,602 | INFO | FraudShieldAI | Connected to MongoDB
2026-06-30 15:41:07,461 | INFO | FraudShieldAI | Closed MongoDB connection
2026-06-30 15:41:10,661 | INFO | FraudShieldAI | Connected to MongoDB
2026-06-30 15:54:52,737 | INFO | FraudShieldAI | Closed MongoDB connection
2026-06-30 15:54:56,012 | INFO | FraudShieldAI | Connected to MongoDB
2026-06-30 15:56:25,869 | INFO | FraudShieldAI | Closed MongoDB connection
2026-06-30 15:56:28,197 | INFO | FraudShieldAI | Connected to MongoDB
2026-06-30 16:22:05,035 | INFO | FraudShieldAI | Closed MongoDB connection
2026-06-30 16:22:07,785 | INFO | FraudShieldAI | Connected to MongoDB
2026-06-30 17:02:33,978 | INFO | FraudShieldAI | Closed MongoDB connection
2026-06-30 21:35:07,496 | INFO | FraudShieldAI | Connected to MongoDB
2026-07-01 15:53:35,359 | INFO | FraudShieldAI | Connected to MongoDB
2026-07-01 15:59:41,594 | INFO | FraudShieldAI | Closed MongoDB connection
2026-07-18 21:14:02,481 | INFO | FraudShieldAI | Connected to MongoDB
2026-08-30 13:57:34,207 | INFO | FraudShieldAI | Connected to MongoDB
2026-08-30 15:13:37,744 | INFO | FraudShieldAI | Closed MongoDB connection
2026-08-30 15:14:39,415 | INFO | FraudShieldAI | Connected to MongoDB
2026-08-31 10:53:38,194 | INFO | FraudShieldAI | Connected to MongoDB
2026-08-31 10:58:12,636 | INFO | FraudShieldAI | Closed MongoDB connection
2026-08-31 10:58:56,328 | INFO | FraudShieldAI | Connected to MongoDB
2026-08-31 10:59:26,249 | INFO | FraudShieldAI | Closed MongoDB connection
2026-08-31 11:00:44,520 | INFO | FraudShieldAI | Connected to MongoDB
2026-08-31 11:02:17,104 | INFO | FraudShieldAI | Connected to MongoDB
2026-08-31 11:03:23,378 | INFO | FraudShieldAI | Connected to MongoDB
2026-09-01 12:08:21,689 | INFO | FraudShieldAI | Connected to MongoDB
2026-09-01 12:31:31,872 | INFO | FraudShieldAI | Closed MongoDB connection
2026-09-01 12:39:09,220 | INFO | FraudShieldAI | Connected to MongoDB
2026-09-01 15:51:13,409 | INFO | FraudShieldAI | Closed MongoDB connection
2026-09-01 15:51:22,039 | INFO | FraudShieldAI | Connected to MongoDB
2026-09-01 15:54:15,846 | INFO | FraudShieldAI | Closed MongoDB connection
2026-09-01 15:54:20,551 | INFO | FraudShieldAI | Connected to MongoDB
2026-09-01 15:57:10,841 | INFO | FraudShieldAI | Closed MongoDB connection
2026-09-01 15:57:27,578 | INFO | FraudShieldAI | Connected to MongoDB
2026-09-01 16:33:31,377 | INFO | FraudShieldAI | Closed MongoDB connection
2026-09-01 16:33:37,058 | INFO | FraudShieldAI | Connected to MongoDB
2026-09-01 16:33:58,406 | INFO | FraudShieldAI | Closed MongoDB connection
2026-09-01 16:34:13,367 | INFO | FraudShieldAI | Connected to MongoDB
2026-09-01 16:51:06,465 | INFO | FraudShieldAI | Connected to MongoDB
2026-09-02 15:19:26,882 | INFO | FraudShieldAI | Connected to MongoDB
2026-09-02 15:35:07,459 | INFO | FraudShieldAI | Connected to MongoDB
2026-09-02 15:44:20,161 | INFO | FraudShieldAI | Closed MongoDB connection
2026-09-02 15:44:25,656 | INFO | FraudShieldAI | Connected to MongoDB
2026-09-02 15:55:55,864 | INFO | FraudShieldAI | Closed MongoDB connection
2026-09-02 15:56:00,883 | INFO | FraudShieldAI | Connected to MongoDB
2026-09-02 16:05:32,925 | INFO | FraudShieldAI | Connected to MongoDB
2026-09-02 16:11:14,079 | INFO | FraudShieldAI | Closed MongoDB connection
2026-09-02 16:11:14,832 | INFO | FraudShieldAI | Closed MongoDB connection
2026-09-02 16:11:20,901 | INFO | FraudShieldAI | Connected to MongoDB
2026-09-02 16:11:20,909 | INFO | FraudShieldAI | Connected to MongoDB
2026-09-02 16:12:45,288 | INFO | FraudShieldAI | Closed MongoDB connection
2026-09-02 16:12:45,303 | INFO | FraudShieldAI | Closed MongoDB connection
2026-09-02 16:12:50,907 | INFO | FraudShieldAI | Connected to MongoDB
2026-09-02 16:12:50,912 | INFO | FraudShieldAI | Connected to MongoDB
2026-09-02 16:15:10,809 | INFO | FraudShieldAI | Closed MongoDB connection
2026-09-02 16:15:10,891 | INFO | FraudShieldAI | Closed MongoDB connection
2026-09-02 16:15:15,065 | INFO | FraudShieldAI | Connected to MongoDB
2026-09-02 16:15:15,087 | INFO | FraudShieldAI | Connected to MongoDB
2026-09-02 16:23:40,510 | INFO | FraudShieldAI | Closed MongoDB connection
2026-09-02 16:23:40,885 | INFO | FraudShieldAI | Closed MongoDB connection
2026-09-02 16:23:45,474 | INFO | FraudShieldAI | Connected to MongoDB
2026-09-02 16:23:45,485 | INFO | FraudShieldAI | Connected to MongoDB
2026-09-02 16:26:49,718 | INFO | FraudShieldAI | Closed MongoDB connection
2026-09-02 16:26:49,969 | INFO | FraudShieldAI | Closed MongoDB connection
2026-09-02 16:26:57,813 | INFO | FraudShieldAI | Connected to MongoDB
2026-09-02 16:26:57,820 | INFO | FraudShieldAI | Connected to MongoDB
2026-09-02 16:27:23,157 | INFO | FraudShieldAI | Closed MongoDB connection
2026-09-02 16:27:23,173 | INFO | FraudShieldAI | Closed MongoDB connection
2026-09-02 16:27:32,422 | INFO | FraudShieldAI | Connected to MongoDB
2026-09-02 16:27:32,468 | INFO | FraudShieldAI | Connected to MongoDB
2026-09-02 16:52:55,814 | INFO | FraudShieldAI | Closed MongoDB connection
2026-09-02 16:52:56,349 | INFO | FraudShieldAI | Closed MongoDB connection
2026-09-02 16:53:01,629 | INFO | FraudShieldAI | Connected to MongoDB
2026-09-02 16:53:01,631 | INFO | FraudShieldAI | Connected to MongoDB
2026-09-02 16:57:06,157 | INFO | FraudShieldAI | Closed MongoDB connection
2026-09-02 16:57:06,861 | INFO | FraudShieldAI | Closed MongoDB connection
2026-09-02 16:57:09,115 | INFO | FraudShieldAI | Connected to MongoDB
2026-09-02 16:57:09,905 | INFO | FraudShieldAI | Connected to MongoDB
2026-09-02 18:06:56,658 | INFO | FraudShieldAI | Closed MongoDB connection
2026-09-02 18:06:57,573 | INFO | FraudShieldAI | Closed MongoDB connection
2026-09-02 18:07:03,772 | INFO | FraudShieldAI | Connected to MongoDB
2026-09-02 18:07:03,774 | INFO | FraudShieldAI | Connected to MongoDB
2026-09-02 18:07:38,724 | INFO | FraudShieldAI | Closed MongoDB connection
2026-09-02 18:07:38,896 | INFO | FraudShieldAI | Closed MongoDB connection
2026-09-02 18:07:43,803 | INFO | FraudShieldAI | Connected to MongoDB
2026-09-02 18:07:43,850 | INFO | FraudShieldAI | Connected to MongoDB
2026-09-02 18:17:10,718 | INFO | FraudShieldAI | Closed MongoDB connection
2026-09-02 18:17:10,734 | INFO | FraudShieldAI | Closed MongoDB connection
2026-09-02 18:17:16,711 | INFO | FraudShieldAI | Connected to MongoDB
2026-09-02 18:17:16,711 | INFO | FraudShieldAI | Connected to MongoDB
2026-09-02 18:26:29,732 | INFO | FraudShieldAI | Closed MongoDB connection
2026-09-02 18:26:58,273 | INFO | FraudShieldAI | Connected to MongoDB
2026-09-02 18:31:13,839 | INFO | FraudShieldAI | Connected to MongoDB
2026-09-03 09:38:08,078 | INFO | FraudShieldAI | Closed MongoDB connection
2026-09-03 11:31:55,121 | INFO | FraudShieldAI | Connected to MongoDB
2026-09-03 11:43:17,210 | INFO | FraudShieldAI | Closed MongoDB connection
2026-09-03 11:43:21,959 | INFO | FraudShieldAI | Connected to MongoDB
2026-09-03 11:43:32,980 | INFO | FraudShieldAI | Connected to MongoDB
2026-09-03 11:45:15,583 | INFO | FraudShieldAI | Closed MongoDB connection
2026-09-03 11:45:16,156 | INFO | FraudShieldAI | Closed MongoDB connection
2026-09-03 11:45:18,149 | INFO | FraudShieldAI | Connected to MongoDB
2026-09-03 11:45:18,769 | INFO | FraudShieldAI | Connected to MongoDB
2026-09-03 11:45:54,332 | INFO | FraudShieldAI | Closed MongoDB connection
2026-09-03 11:45:54,940 | INFO | FraudShieldAI | Closed MongoDB connection
2026-09-03 11:45:57,751 | INFO | FraudShieldAI | Connected to MongoDB
2026-09-03 11:45:58,361 | INFO | FraudShieldAI | Connected to MongoDB
2026-09-03 11:46:19,774 | INFO | FraudShieldAI | Closed MongoDB connection
2026-09-03 11:46:22,576 | INFO | FraudShieldAI | Connected to MongoDB
2026-09-03 11:46:23,213 | INFO | FraudShieldAI | Closed MongoDB connection
2026-09-03 11:46:25,521 | INFO | FraudShieldAI | Connected to MongoDB
2026-09-03 11:47:14,158 | INFO | FraudShieldAI | Closed MongoDB connection
2026-09-03 11:47:15,138 | INFO | FraudShieldAI | Closed MongoDB connection
2026-09-03 11:47:17,100 | INFO | FraudShieldAI | Connected to MongoDB
2026-09-03 11:47:18,058 | INFO | FraudShieldAI | Connected to MongoDB
2026-09-03 11:47:50,611 | INFO | FraudShieldAI | Closed MongoDB connection
2026-09-03 11:47:53,065 | INFO | FraudShieldAI | Connected to MongoDB
2026-09-03 11:47:53,811 | INFO | FraudShieldAI | Closed MongoDB connection
2026-09-03 11:47:56,184 | INFO | FraudShieldAI | Connected to MongoDB
2026-09-03 11:48:29,405 | INFO | FraudShieldAI | Closed MongoDB connection
2026-09-03 11:48:30,439 | INFO | FraudShieldAI | Closed MongoDB connection
2026-09-03 11:48:32,446 | INFO | FraudShieldAI | Connected to MongoDB
2026-09-03 11:48:33,643 | INFO | FraudShieldAI | Connected to MongoDB
2026-09-03 11:48:54,313 | INFO | FraudShieldAI | Closed MongoDB connection
2026-09-03 11:48:54,970 | INFO | FraudShieldAI | Closed MongoDB connection
2026-09-03 11:48:57,476 | INFO | FraudShieldAI | Connected to MongoDB
2026-09-03 11:48:58,269 | INFO | FraudShieldAI | Connected to MongoDB
2026-09-03 11:49:09,502 | INFO | FraudShieldAI | Closed MongoDB connection
2026-09-03 11:49:09,972 | INFO | FraudShieldAI | Closed MongoDB connection
2026-09-03 11:49:12,500 | INFO | FraudShieldAI | Connected to MongoDB
2026-09-03 11:49:13,060 | INFO | FraudShieldAI | Connected to MongoDB
2026-09-03 11:49:32,288 | INFO | FraudShieldAI | Closed MongoDB connection
2026-09-03 11:49:33,052 | INFO | FraudShieldAI | Closed MongoDB connection
2026-09-03 11:49:35,129 | INFO | FraudShieldAI | Connected to MongoDB
2026-09-03 11:49:35,851 | INFO | FraudShieldAI | Connected to MongoDB
2026-09-03 11:49:54,106 | INFO | FraudShieldAI | Closed MongoDB connection
2026-09-03 11:49:57,177 | INFO | FraudShieldAI | Connected to MongoDB
2026-09-03 11:49:57,864 | INFO | FraudShieldAI | Closed MongoDB connection
2026-09-03 11:50:00,199 | INFO | FraudShieldAI | Connected to MongoDB
2026-09-03 11:50:15,050 | INFO | FraudShieldAI | Closed MongoDB connection
2026-09-03 11:50:15,647 | INFO | FraudShieldAI | Closed MongoDB connection
2026-09-03 11:50:18,081 | INFO | FraudShieldAI | Connected to MongoDB
2026-09-03 11:50:18,769 | INFO | FraudShieldAI | Connected to MongoDB
2026-09-03 11:51:02,464 | INFO | FraudShieldAI | Closed MongoDB connection
2026-09-03 11:51:03,153 | INFO | FraudShieldAI | Closed MongoDB connection
2026-09-03 11:51:05,026 | INFO | FraudShieldAI | Connected to MongoDB
2026-09-03 11:51:05,764 | INFO | FraudShieldAI | Connected to MongoDB
2026-09-03 11:51:19,301 | INFO | FraudShieldAI | Closed MongoDB connection
2026-09-03 11:51:29,101 | INFO | FraudShieldAI | Connected to MongoDB
2026-09-03 15:48:09,028 | INFO | FraudShieldAI | Closed MongoDB connection
2026-09-03 15:48:09,140 | INFO | FraudShieldAI | Closed MongoDB connection
2026-09-03 15:48:15,777 | INFO | FraudShieldAI | Connected to MongoDB
2026-09-03 15:48:15,781 | INFO | FraudShieldAI | Connected to MongoDB
2026-09-03 15:50:03,071 | INFO | FraudShieldAI | Closed MongoDB connection
2026-09-03 15:50:03,289 | INFO | FraudShieldAI | Closed MongoDB connection
2026-09-03 15:50:06,705 | INFO | FraudShieldAI | Connected to MongoDB
2026-09-03 15:50:06,873 | INFO | FraudShieldAI | Connected to MongoDB
2026-09-03 15:50:59,477 | INFO | FraudShieldAI | Closed MongoDB connection
2026-09-03 15:51:00,192 | INFO | FraudShieldAI | Closed MongoDB connection
2026-09-03 15:51:02,210 | INFO | FraudShieldAI | Connected to MongoDB
2026-09-03 15:51:02,984 | INFO | FraudShieldAI | Connected to MongoDB
2026-09-03 18:23:32,422 | INFO | FraudShieldAI | Closed MongoDB connection
2026-09-03 18:23:33,078 | INFO | FraudShieldAI | Closed MongoDB connection
2026-09-03 18:24:01,990 | INFO | FraudShieldAI | Connected to MongoDB
2026-09-05 15:17:39,660 | INFO | FraudShieldAI | Connected to MongoDB
2026-09-05 16:59:14,603 | INFO | FraudShieldAI | Connected to MongoDB
2026-09-05 17:00:05,565 | INFO | FraudShieldAI | Connected to MongoDB
2026-09-05 17:06:26,388 | INFO | FraudShieldAI | Connected to MongoDB
2026-09-06 14:00:00,201 | INFO | FraudShieldAI | Connected to MongoDB
2026-09-06 14:28:09,970 | INFO | FraudShieldAI | Closed MongoDB connection
2026-09-06 14:28:10,122 | INFO | FraudShieldAI | Closed MongoDB connection
2026-09-06 14:28:51,266 | INFO | FraudShieldAI | Connected to MongoDB
2026-09-06 14:28:51,266 | INFO | FraudShieldAI | Connected to MongoDB
2026-09-06 14:28:51,378 | INFO | FraudShieldAI | Closed MongoDB connection
2026-09-06 14:29:15,579 | INFO | FraudShieldAI | Connected to MongoDB
2026-09-07 09:13:37,141 | INFO | FraudShieldAI | Closed MongoDB connection
2026-09-07 09:14:28,989 | INFO | FraudShieldAI | Connected to MongoDB
2026-09-07 09:22:49,424 | INFO | FraudShieldAI | Connected to MongoDB
2026-09-07 11:36:55,083 | INFO | FraudShieldAI | Connected to MongoDB
2026-09-07 14:02:16,100 | INFO | FraudShieldAI | Closed MongoDB connection
2026-09-07 14:02:23,637 | INFO | FraudShieldAI | Connected to MongoDB
2026-09-07 14:03:03,064 | INFO | FraudShieldAI | Closed MongoDB connection
2026-09-07 14:03:06,548 | INFO | FraudShieldAI | Connected to MongoDB
2026-09-07 14:03:49,927 | INFO | FraudShieldAI | Closed MongoDB connection
2026-09-07 14:03:52,553 | INFO | FraudShieldAI | Connected to MongoDB
2026-09-07 14:04:42,264 | INFO | FraudShieldAI | Closed MongoDB connection
2026-09-07 14:04:44,974 | INFO | FraudShieldAI | Connected to MongoDB
2026-09-07 14:05:07,343 | INFO | FraudShieldAI | Closed MongoDB connection
2026-09-07 14:05:09,934 | INFO | FraudShieldAI | Connected to MongoDB
2026-09-07 14:08:24,776 | INFO | FraudShieldAI | Closed MongoDB connection
2026-09-07 14:08:28,460 | INFO | FraudShieldAI | Connected to MongoDB
2026-09-07 14:09:02,807 | INFO | FraudShieldAI | Closed MongoDB connection
2026-09-07 14:09:05,497 | INFO | FraudShieldAI | Connected to MongoDB
2026-09-07 14:09:48,208 | INFO | FraudShieldAI | Closed MongoDB connection
2026-09-07 14:09:50,804 | INFO | FraudShieldAI | Connected to MongoDB
2026-09-07 14:10:06,118 | INFO | FraudShieldAI | Closed MongoDB connection
2026-09-07 14:10:08,527 | INFO | FraudShieldAI | Connected to MongoDB
2026-09-07 14:10:23,536 | INFO | FraudShieldAI | Closed MongoDB connection
2026-09-07 14:10:26,474 | INFO | FraudShieldAI | Connected to MongoDB
2026-09-07 14:10:41,708 | INFO | FraudShieldAI | Closed MongoDB connection
2026-09-07 14:10:44,526 | INFO | FraudShieldAI | Connected to MongoDB
2026-09-07 14:11:43,551 | INFO | FraudShieldAI | Closed MongoDB connection
2026-09-07 14:11:46,680 | INFO | FraudShieldAI | Connected to MongoDB
2026-09-07 14:14:35,735 | INFO | FraudShieldAI | Connected to MongoDB
2026-09-07 14:18:43,851 | INFO | FraudShieldAI | Connected to MongoDB
2026-09-07 15:15:52,971 | INFO | FraudShieldAI | Closed MongoDB connection
2026-09-07 15:15:55,985 | INFO | FraudShieldAI | Closed MongoDB connection
2026-09-07 15:16:02,529 | INFO | FraudShieldAI | Closed MongoDB connection
2026-09-07 15:16:03,774 | INFO | FraudShieldAI | Connected to MongoDB
2026-09-07 15:16:03,944 | INFO | FraudShieldAI | Connected to MongoDB
2026-09-07 15:16:06,915 | INFO | FraudShieldAI | Connected to MongoDB
2026-09-07 15:16:28,346 | INFO | FraudShieldAI | Streaming ingestion loop activated in [kafka] mode with interval=0.50s
2026-09-07 15:16:29,707 | INFO | FraudShieldAI | Reached target limit of 3 transactions; stopping.
2026-09-07 15:16:29,707 | INFO | FraudShieldAI | Streaming ingestion loop terminated. Processed 3 records.
2026-09-07 15:16:40,933 | INFO | FraudShieldAI | Initiating batch ingestion of 5 rows from balanced_creditcard_new.csv
2026-09-07 15:16:40,996 | ERROR | FraudShieldAI | Failed processing row 1: time data '01-01-2025 16:23' does not match format '%Y-%m-%d %H:%M:%S'
2026-09-07 15:16:40,999 | ERROR | FraudShieldAI | Failed processing row 2: time data '01-01-2025 02:44' does not match format '%Y-%m-%d %H:%M:%S'
2026-09-07 15:16:41,000 | ERROR | FraudShieldAI | Failed processing row 3: time data '02-01-2025 01:50' does not match format '%Y-%m-%d %H:%M:%S'
2026-09-07 15:16:41,001 | ERROR | FraudShieldAI | Failed processing row 4: time data '01-01-2025 23:25' does not match format '%Y-%m-%d %H:%M:%S'
2026-09-07 15:16:41,002 | ERROR | FraudShieldAI | Failed processing row 5: time data '01-01-2025 11:22' does not match format '%Y-%m-%d %H:%M:%S'
2026-09-07 15:16:41,003 | INFO | FraudShieldAI | Batch ingestion finished: {'file': 'backend\\ML\\data\\processed\\balanced_creditcard_new.csv', 'total_rows': 5, 'succeeded': 0, 'failed': 5, 'frauds_flagged': 0, 'alerts_triggered': 0, 'duration_seconds': 0.07, 'rate_records_per_sec': 0.0, 'errors': ["Row 1 error: time data '01-01-2025 16:23' does not match format '%Y-%m-%d %H:%M:%S'", "Row 2 error: time data '01-01-2025 02:44' does not match format '%Y-%m-%d %H:%M:%S'", "Row 3 error: time data '02-01-2025 01:50' does not match format '%Y-%m-%d %H:%M:%S'", "Row 4 error: time data '01-01-2025 23:25' does not match format '%Y-%m-%d %H:%M:%S'", "Row 5 error: time data '01-01-2025 11:22' does not match format '%Y-%m-%d %H:%M:%S'"]}
2026-09-07 15:16:49,183 | INFO | FraudShieldAI | Closed MongoDB connection
2026-09-07 15:16:52,208 | INFO | FraudShieldAI | Connected to MongoDB
2026-09-07 15:16:55,262 | INFO | FraudShieldAI | Closed MongoDB connection
2026-09-07 15:16:56,826 | INFO | FraudShieldAI | Initiating batch ingestion of 5 rows from balanced_creditcard_new.csv
2026-09-07 15:16:57,222 | INFO | FraudShieldAI | [5/5] Ingested successfully (Frauds: 4)
2026-09-07 15:16:57,223 | INFO | FraudShieldAI | Batch ingestion finished: {'file': 'backend\\ML\\data\\processed\\balanced_creditcard_new.csv', 'total_rows': 5, 'succeeded': 5, 'failed': 0, 'frauds_flagged': 4, 'alerts_triggered': 4, 'duration_seconds': 0.4, 'rate_records_per_sec': 12.5, 'errors': []}
2026-09-07 15:16:57,510 | INFO | FraudShieldAI | Closed MongoDB connection
2026-09-07 15:16:58,322 | INFO | FraudShieldAI | Connected to MongoDB
2026-09-07 15:17:00,230 | INFO | FraudShieldAI | Connected to MongoDB
2026-09-07 15:23:20,664 | INFO | FraudShieldAI | Closed MongoDB connection
2026-09-07 15:23:30,165 | INFO | FraudShieldAI | Connected to MongoDB
2026-09-07 15:24:23,449 | INFO | FraudShieldAI | Streaming ingestion loop activated in [kafka] mode with interval=2.00s
2026-09-07 15:31:13,704 | INFO | FraudShieldAI | Closed MongoDB connection
2026-09-08 14:01:32,259 | INFO | FraudShieldAI | Connected to MongoDB
2026-09-08 14:02:12,334 | INFO | FraudShieldAI | Streaming ingestion loop activated in [kafka] mode with interval=2.00s
2026-09-08 14:02:38,018 | INFO | FraudShieldAI | Streaming ingestion loop received cancellation signal.
2026-09-08 14:02:38,019 | INFO | FraudShieldAI | Streaming ingestion loop terminated. Processed 11 records.
2026-09-08 14:02:50,443 | INFO | FraudShieldAI | Streaming ingestion loop activated in [kafka] mode with interval=2.00s
2026-09-08 14:08:20,361 | INFO | FraudShieldAI | Streaming ingestion loop received cancellation signal.
2026-09-08 14:08:20,370 | INFO | FraudShieldAI | Streaming ingestion loop terminated. Processed 106 records.
2026-09-08 14:08:40,260 | INFO | FraudShieldAI | Streaming ingestion loop activated in [kafka] mode with interval=2.00s
2026-09-08 14:08:42,587 | INFO | FraudShieldAI | Streaming ingestion loop received cancellation signal.
2026-09-08 14:08:42,589 | INFO | FraudShieldAI | Streaming ingestion loop terminated. Processed 1 records.
2026-09-08 14:09:01,910 | INFO | FraudShieldAI | Streaming ingestion loop activated in [kafka] mode with interval=2.00s
2026-09-08 14:09:46,721 | INFO | FraudShieldAI | Streaming ingestion loop received cancellation signal.
2026-09-08 14:09:46,725 | INFO | FraudShieldAI | Streaming ingestion loop terminated. Processed 16 records.
2026-09-08 14:16:12,467 | INFO | FraudShieldAI | Closed MongoDB connection
2026-09-08 15:15:32,624 | INFO | FraudShieldAI | Connected to MongoDB
2026-09-08 15:31:16,556 | INFO | FraudShieldAI | Closed MongoDB connection
2026-09-08 15:31:36,082 | INFO | FraudShieldAI | Connected to MongoDB
2026-09-08 16:21:20,231 | INFO | FraudShieldAI | Closed MongoDB connection
2026-09-08 16:21:37,201 | INFO | FraudShieldAI | Connected to MongoDB
2026-09-08 16:34:29,472 | INFO | FraudShieldAI | Kafka consumer start result: {'started': True, 'message': 'Kafka consumer started successfully.'}
2026-09-08 16:34:29,473 | INFO | FraudShieldAI | Kafka streaming pipeline started.
2026-09-08 16:34:29,538 | INFO | FraudShieldAI | Kafka producer initialized successfully.
2026-09-08 16:34:29,543 | INFO | FraudShieldAI | Kafka producer loop started. interval=2.00s max_transactions=None
2026-09-08 16:34:29,830 | INFO | FraudShieldAI | Produced transaction e18d9bbe-78ec-4c41-9520-0fe93fbee95d to Kafka (1)
2026-09-08 16:34:31,883 | INFO | FraudShieldAI | Produced transaction 161e1677-c87c-4a72-8fda-fb37bb3bdb81 to Kafka (2)
2026-09-08 16:34:33,906 | INFO | FraudShieldAI | Produced transaction cf33ec59-ad76-4985-8273-7d0ce7b83f50 to Kafka (3)
2026-09-08 16:34:35,929 | INFO | FraudShieldAI | Produced transaction c3224ada-73cc-499e-bb0d-274233b1789a to Kafka (4)
2026-09-08 16:34:37,972 | INFO | FraudShieldAI | Produced transaction 8cfd3ce9-8399-47b5-b1f0-f0574d810549 to Kafka (5)
2026-09-08 16:34:40,000 | INFO | FraudShieldAI | Produced transaction b0e40665-5212-4653-9b99-d40f76b59f7a to Kafka (6)
2026-09-08 16:34:42,028 | INFO | FraudShieldAI | Produced transaction c602fb97-cf71-4277-8934-e27c7753f873 to Kafka (7)
2026-09-08 16:34:44,060 | INFO | FraudShieldAI | Produced transaction 0dc6a314-219e-44b2-9ead-5db0869f1a95 to Kafka (8)
2026-09-08 16:34:46,079 | INFO | FraudShieldAI | Produced transaction 5135c713-9a06-4bfb-aea6-3bbeb43f9909 to Kafka (9)
2026-09-08 16:34:48,066 | INFO | FraudShieldAI | Produced transaction bb5271ec-2987-444e-985e-1e32773c3772 to Kafka (10)
2026-09-08 16:34:50,066 | INFO | FraudShieldAI | Produced transaction 335bb1b8-56db-4252-ac2a-e455227ca7b1 to Kafka (11)
2026-09-08 16:34:52,091 | INFO | FraudShieldAI | Produced transaction 1923d9ff-29d8-4282-956a-52c9f676602e to Kafka (12)
2026-09-08 16:34:54,099 | INFO | FraudShieldAI | Produced transaction 107f0a91-f829-49a1-b5d9-0c542a79275d to Kafka (13)
2026-09-08 16:34:56,140 | INFO | FraudShieldAI | Produced transaction fe7c64d1-d3dd-4d04-bb9e-0f7ca1f98c28 to Kafka (14)
2026-09-08 16:34:58,160 | INFO | FraudShieldAI | Produced transaction e5fd0c5e-4eb1-4a67-9308-055a94e8f55d to Kafka (15)
2026-09-08 16:35:00,177 | INFO | FraudShieldAI | Produced transaction e5a6d781-670b-44ed-8dd9-1aa8c4d30547 to Kafka (16)
2026-09-08 16:35:02,191 | INFO | FraudShieldAI | Produced transaction b9636a7d-2848-4410-ad63-fbd59b290c0e to Kafka (17)
2026-09-08 16:35:04,204 | INFO | FraudShieldAI | Produced transaction 82d3d855-82b5-4cf8-9abf-fcaac738a640 to Kafka (18)
2026-09-08 16:35:06,208 | INFO | FraudShieldAI | Produced transaction 6be45355-0708-4f87-9329-f8fb34f7b7e4 to Kafka (19)
2026-09-08 16:35:08,245 | INFO | FraudShieldAI | Produced transaction f8928526-141f-4e54-9c78-a557b75dae10 to Kafka (20)
2026-09-08 16:35:10,263 | INFO | FraudShieldAI | Produced transaction e09faa02-7a61-40a0-b97f-e0164072a8d5 to Kafka (21)
2026-09-08 16:35:12,286 | INFO | FraudShieldAI | Produced transaction a01b98c0-318b-44a7-a891-70bad62e620f to Kafka (22)
2026-09-08 16:35:14,303 | INFO | FraudShieldAI | Produced transaction 90de30e0-8fee-4723-b692-b185f94b0b76 to Kafka (23)
2026-09-08 16:35:16,325 | INFO | FraudShieldAI | Produced transaction 2c43be63-90d9-4004-b1f8-5720e1dac326 to Kafka (24)
2026-09-08 16:35:18,336 | INFO | FraudShieldAI | Produced transaction 0f79b12e-db3b-48b3-a4a1-24d54a628318 to Kafka (25)
2026-09-08 16:35:20,364 | INFO | FraudShieldAI | Produced transaction 70542c91-b747-4319-9803-87b6d1472330 to Kafka (26)
2026-09-08 16:35:22,363 | INFO | FraudShieldAI | Produced transaction c3181819-98f6-4b3a-8e20-446bf7b232f7 to Kafka (27)
2026-09-08 16:35:24,372 | INFO | FraudShieldAI | Produced transaction cb9daffc-34d7-4bcf-bbb2-bbb3b2b764f9 to Kafka (28)
2026-09-08 16:35:26,400 | INFO | FraudShieldAI | Produced transaction 715524bf-194f-4769-b4b5-831ddf523caf to Kafka (29)
2026-09-08 16:35:28,419 | INFO | FraudShieldAI | Produced transaction d96c2965-21e9-4102-bacd-965988c82ddd to Kafka (30)
2026-09-08 16:35:30,444 | INFO | FraudShieldAI | Produced transaction e81f8452-242a-42b8-b174-81b2c79ff3cb to Kafka (31)
2026-09-08 16:35:32,451 | INFO | FraudShieldAI | Produced transaction 74e72811-18ae-4e32-a681-0435aaa57d6d to Kafka (32)
2026-09-08 16:35:34,468 | INFO | FraudShieldAI | Produced transaction a2e9415c-8bee-4de7-b6d4-10e12851b626 to Kafka (33)
2026-09-08 16:35:36,473 | INFO | FraudShieldAI | Produced transaction ee419511-631d-4362-a264-15abf056ad99 to Kafka (34)
2026-09-08 16:35:38,248 | INFO | FraudShieldAI | Stopping Kafka streaming pipeline...
2026-09-08 16:35:38,249 | INFO | FraudShieldAI | Kafka producer loop cancelled.
2026-09-08 16:35:38,250 | INFO | FraudShieldAI | Kafka producer loop terminated. Produced=34
2026-09-08 16:35:38,570 | INFO | FraudShieldAI | Kafka streaming pipeline stopped.
2026-09-08 16:35:39,947 | INFO | FraudShieldAI | Kafka consumer start result: {'started': True, 'message': 'Kafka consumer started successfully.'}
2026-09-08 16:35:39,948 | INFO | FraudShieldAI | Kafka streaming pipeline started.
2026-09-08 16:35:39,993 | INFO | FraudShieldAI | Kafka producer initialized successfully.
2026-09-08 16:35:39,994 | INFO | FraudShieldAI | Kafka producer loop started. interval=2.00s max_transactions=None
2026-09-08 16:35:40,097 | INFO | FraudShieldAI | Produced transaction 1b435b53-3cf7-4c42-b0dd-9b1bca0a7df9 to Kafka (1)
2026-09-08 16:35:42,119 | INFO | FraudShieldAI | Produced transaction 3f20b328-cdc9-458a-9ca2-1028393c5bc9 to Kafka (2)
2026-09-08 16:35:44,123 | INFO | FraudShieldAI | Produced transaction baad3086-7853-4664-b107-011606cc1906 to Kafka (3)
2026-09-08 16:35:46,147 | INFO | FraudShieldAI | Produced transaction b6ac56d6-5632-4467-923d-4fd07b299238 to Kafka (4)
2026-09-08 16:35:48,182 | INFO | FraudShieldAI | Produced transaction ba35dd58-c892-469d-9b0f-ce8030f4b97c to Kafka (5)
2026-09-08 16:35:50,216 | INFO | FraudShieldAI | Produced transaction 337d7d6b-e500-4da7-848a-bde5d2df02de to Kafka (6)
2026-09-08 16:35:52,249 | INFO | FraudShieldAI | Produced transaction 4f4e1210-7d32-4a2a-a325-f615f7330dd3 to Kafka (7)
2026-09-08 16:35:54,268 | INFO | FraudShieldAI | Produced transaction 95b857a8-ab10-45e8-880d-b575244c2fa8 to Kafka (8)
2026-09-08 16:35:56,267 | INFO | FraudShieldAI | Produced transaction 39909590-3ff5-4e7d-bfe4-82256f65619c to Kafka (9)
2026-09-08 16:35:57,601 | INFO | FraudShieldAI | Stopping Kafka streaming pipeline...
2026-09-08 16:35:57,603 | INFO | FraudShieldAI | Kafka producer loop cancelled.
2026-09-08 16:35:57,603 | INFO | FraudShieldAI | Kafka producer loop terminated. Produced=9
2026-09-08 16:35:58,292 | INFO | FraudShieldAI | Kafka streaming pipeline stopped.
2026-09-08 16:35:58,824 | INFO | FraudShieldAI | Kafka consumer start result: {'started': True, 'message': 'Kafka consumer started successfully.'}
2026-09-08 16:35:58,825 | INFO | FraudShieldAI | Kafka streaming pipeline started.
2026-09-08 16:35:58,885 | INFO | FraudShieldAI | Kafka producer initialized successfully.
2026-09-08 16:35:58,886 | INFO | FraudShieldAI | Kafka producer loop started. interval=2.00s max_transactions=None
2026-09-08 16:35:59,016 | INFO | FraudShieldAI | Produced transaction 25f1cdba-c073-42ac-a323-9da6ebe8fe43 to Kafka (1)
2026-09-08 16:36:01,037 | INFO | FraudShieldAI | Produced transaction ed6b76e7-536f-4042-b129-86f4113fdd33 to Kafka (2)
2026-09-08 16:36:03,047 | INFO | FraudShieldAI | Produced transaction 1df9c303-2172-40fb-bb94-e2100fd564f7 to Kafka (3)
2026-09-08 16:36:05,050 | INFO | FraudShieldAI | Produced transaction 6db27efd-8303-4724-b0fe-5188b09d43ce to Kafka (4)
2026-09-08 16:36:07,063 | INFO | FraudShieldAI | Produced transaction e8436162-e582-439c-a39b-8313cd70bb16 to Kafka (5)
2026-09-08 16:36:09,078 | INFO | FraudShieldAI | Produced transaction 91fd58fb-b446-46c0-b37a-d9981c8fc51a to Kafka (6)
2026-09-08 16:36:11,072 | INFO | FraudShieldAI | Produced transaction b9604be6-5156-4718-9d6d-d9d6902d157d to Kafka (7)
2026-09-08 16:36:13,083 | INFO | FraudShieldAI | Produced transaction 11fb0e09-b6e1-48da-90cb-04720ad6f751 to Kafka (8)
2026-09-08 16:36:15,130 | INFO | FraudShieldAI | Produced transaction 555dba6c-b851-4144-84e4-3a93a8da9739 to Kafka (9)
2026-09-08 16:36:17,175 | INFO | FraudShieldAI | Produced transaction 41194e9d-cd96-4186-ac53-9b92000487d9 to Kafka (10)
2026-09-08 16:36:19,178 | INFO | FraudShieldAI | Produced transaction b50c800a-56a2-45a8-9b5b-81d2d142f386 to Kafka (11)
2026-09-08 16:36:21,206 | INFO | FraudShieldAI | Produced transaction f2a5221f-7dc8-4c2c-86da-daaeeb08b67d to Kafka (12)
2026-09-08 16:36:23,232 | INFO | FraudShieldAI | Produced transaction 13d55bbe-8c4b-416b-a9c7-4c93592fa260 to Kafka (13)
2026-09-08 16:36:25,254 | INFO | FraudShieldAI | Produced transaction 16a984e4-74fe-436b-8a21-6fa7534f603b to Kafka (14)
2026-09-08 16:36:27,270 | INFO | FraudShieldAI | Produced transaction 9a829547-647c-4557-af78-ad04358f2846 to Kafka (15)
2026-09-08 16:36:29,286 | INFO | FraudShieldAI | Produced transaction 7ab14813-50e4-43db-a690-587bef730742 to Kafka (16)
2026-09-08 16:36:31,313 | INFO | FraudShieldAI | Produced transaction c5beffe5-7738-434d-962c-244221fe82c7 to Kafka (17)
2026-09-08 16:36:33,316 | INFO | FraudShieldAI | Produced transaction 680cc871-8442-48a0-ae2e-78a2d99bb150 to Kafka (18)
2026-09-08 16:36:35,311 | INFO | FraudShieldAI | Produced transaction 43472528-fb20-4140-a014-f7daa2a560c5 to Kafka (19)
2026-09-08 16:36:37,331 | INFO | FraudShieldAI | Produced transaction 049d19d0-cf79-4b6a-a705-7ab682b67430 to Kafka (20)
2026-09-08 16:36:39,330 | INFO | FraudShieldAI | Produced transaction 093b20b7-6d43-4480-8b18-051f0b43ac4f to Kafka (21)
2026-09-08 16:36:41,312 | INFO | FraudShieldAI | Produced transaction c01ce885-fe5c-46a1-8ee6-8d5ad0bb507d to Kafka (22)
2026-09-08 16:36:43,332 | INFO | FraudShieldAI | Produced transaction ad471b64-fd74-4d9f-ad94-5019694c5790 to Kafka (23)
2026-09-08 16:36:45,327 | INFO | FraudShieldAI | Produced transaction a22692b9-feb0-49ad-b699-5b18a516b580 to Kafka (24)
2026-09-08 16:36:47,312 | INFO | FraudShieldAI | Produced transaction b42d2f40-3cd9-45db-9862-aeaefccf8cad to Kafka (25)
2026-09-08 16:36:49,331 | INFO | FraudShieldAI | Produced transaction f3f8b8a3-7de4-4dec-83d1-fa671a7b81d5 to Kafka (26)
2026-09-08 16:36:51,336 | INFO | FraudShieldAI | Produced transaction 651a7051-e66e-4f71-85a1-2b7c48c72b2e to Kafka (27)
2026-09-08 16:36:53,340 | INFO | FraudShieldAI | Produced transaction d616db5a-96f1-4305-ad24-5bde3ba892ce to Kafka (28)
2026-09-08 16:36:55,351 | INFO | FraudShieldAI | Produced transaction f8c68443-3f18-4b7b-9d3c-81f9aec87936 to Kafka (29)
2026-09-08 16:36:57,381 | INFO | FraudShieldAI | Produced transaction 9d7078bb-b295-4e11-b0e5-1158629209ee to Kafka (30)
2026-09-08 16:36:59,399 | INFO | FraudShieldAI | Produced transaction 417db76c-1bb5-4da5-b65c-ad897cc24c31 to Kafka (31)
2026-09-08 16:37:01,427 | INFO | FraudShieldAI | Produced transaction 18b9fc34-322c-4143-a09c-9e12d564ba32 to Kafka (32)
2026-09-08 16:37:03,432 | INFO | FraudShieldAI | Produced transaction d292d844-bd35-4ac8-a5a3-832c1086b42b to Kafka (33)
2026-09-08 16:37:05,454 | INFO | FraudShieldAI | Produced transaction 7fc888dc-94ee-4cf4-8a8f-1a387fbafbaf to Kafka (34)
2026-09-08 16:37:07,452 | INFO | FraudShieldAI | Produced transaction a0ab6418-63da-47b8-a350-1eb75a1107f9 to Kafka (35)
2026-09-08 16:37:09,483 | INFO | FraudShieldAI | Produced transaction d75adfc9-1735-461f-9d90-0f1bdc474a01 to Kafka (36)
2026-09-08 16:37:11,486 | INFO | FraudShieldAI | Produced transaction 3b3dc78b-12e6-4b70-8049-661583989980 to Kafka (37)
2026-09-08 16:37:13,494 | INFO | FraudShieldAI | Produced transaction 67a7cca0-de35-4ee6-9495-8464d9301845 to Kafka (38)
2026-09-08 16:37:15,506 | INFO | FraudShieldAI | Produced transaction 5c74ac57-74f6-42bd-9ee9-c8bf77b04bce to Kafka (39)
2026-09-08 16:37:17,521 | INFO | FraudShieldAI | Produced transaction 70c22666-d72c-4e4f-b372-137e95394caa to Kafka (40)
2026-09-08 16:37:19,535 | INFO | FraudShieldAI | Produced transaction 50698cba-090f-4f28-a155-683fd30331ad to Kafka (41)
2026-09-08 16:37:21,542 | INFO | FraudShieldAI | Produced transaction 55c79cc6-d58d-485c-9bba-d718dc5efcfa to Kafka (42)
2026-09-08 16:37:23,536 | INFO | FraudShieldAI | Produced transaction 908e69b5-11f2-42fa-aa26-bbf22c6f5f7f to Kafka (43)
2026-09-08 16:37:25,546 | INFO | FraudShieldAI | Produced transaction 8b32e835-8713-4fd1-9894-a562e017d622 to Kafka (44)
2026-09-08 16:37:27,543 | INFO | FraudShieldAI | Produced transaction 26ec7aad-6da3-4e87-a4a4-3b872fb346de to Kafka (45)
2026-09-08 16:37:29,543 | INFO | FraudShieldAI | Produced transaction ce9cdf06-3391-4d36-84b7-a4b0e1e9e492 to Kafka (46)
2026-09-08 16:37:31,554 | INFO | FraudShieldAI | Produced transaction 036b5ba3-72be-43fd-9ab7-c700f72aaece to Kafka (47)
2026-09-08 16:37:33,564 | INFO | FraudShieldAI | Produced transaction 922b587a-2599-4b16-8571-32d778427a71 to Kafka (48)
2026-09-08 16:37:35,590 | INFO | FraudShieldAI | Produced transaction 270c332d-77b1-47f6-8325-facd64406013 to Kafka (49)
2026-09-08 16:37:37,611 | INFO | FraudShieldAI | Produced transaction 0e09d5bc-6f1b-4141-9b25-c33171416f3d to Kafka (50)
2026-09-08 16:37:39,625 | INFO | FraudShieldAI | Produced transaction 05729379-6463-4159-bd3f-cd146d4a13d0 to Kafka (51)
2026-09-08 16:37:41,612 | INFO | FraudShieldAI | Produced transaction 2f9c0e75-cea6-467f-ae9e-b9ea935e8dfe to Kafka (52)
2026-09-08 16:37:43,636 | INFO | FraudShieldAI | Produced transaction a36374f6-7cdb-4c89-a133-e31742416df0 to Kafka (53)
2026-09-08 16:37:45,670 | INFO | FraudShieldAI | Produced transaction de1868bd-d362-4072-9741-d5d1860fa424 to Kafka (54)
2026-09-08 16:37:47,696 | INFO | FraudShieldAI | Produced transaction 517ca8ce-b4dd-49bd-8b51-05a1073b60b8 to Kafka (55)
2026-09-08 16:37:49,709 | INFO | FraudShieldAI | Produced transaction 3b1c488f-4b6f-4413-8f8f-13b376a80ce4 to Kafka (56)
2026-09-08 16:37:51,738 | INFO | FraudShieldAI | Produced transaction 4e1ae7ba-c288-474d-bbc6-c76d3b4bf21d to Kafka (57)
2026-09-08 16:37:53,750 | INFO | FraudShieldAI | Produced transaction c54d89fa-f0e7-46de-a4f3-50195b9a2fe8 to Kafka (58)
2026-09-08 16:37:55,766 | INFO | FraudShieldAI | Produced transaction d81dd1a9-55ff-4353-823a-aa11df6a8d17 to Kafka (59)
2026-09-08 16:37:57,791 | INFO | FraudShieldAI | Produced transaction e316fb07-cce4-4b1b-909e-312cb63fb1f1 to Kafka (60)
2026-09-08 16:37:59,827 | INFO | FraudShieldAI | Produced transaction 99fc1a64-0d92-43ab-b410-644b8dd0fac5 to Kafka (61)
2026-09-08 16:38:01,845 | INFO | FraudShieldAI | Produced transaction 72ec396c-70e4-42ab-b000-8155caf1ba43 to Kafka (62)
2026-09-08 16:38:03,853 | INFO | FraudShieldAI | Produced transaction 3c7b7655-26ca-4aed-a8d6-65004a9aca9a to Kafka (63)
2026-09-08 16:38:05,872 | INFO | FraudShieldAI | Produced transaction a6287f0d-0d1e-43ec-9ea5-0d6946aae67c to Kafka (64)
2026-09-08 16:38:07,901 | INFO | FraudShieldAI | Produced transaction 2c0d78d5-d308-43a4-a746-5fff0739c384 to Kafka (65)
2026-09-08 16:38:09,926 | INFO | FraudShieldAI | Produced transaction 36e89681-a258-4e1d-bdd2-9e52d8bbdb32 to Kafka (66)
2026-09-08 16:38:11,931 | INFO | FraudShieldAI | Produced transaction b0f98adf-f4f1-4514-bc94-20591f356458 to Kafka (67)
2026-09-08 16:38:13,944 | INFO | FraudShieldAI | Produced transaction fc74edcb-f3fa-4cbe-9794-d26733ca830d to Kafka (68)
2026-09-08 16:38:15,964 | INFO | FraudShieldAI | Produced transaction cbb46d8f-6f05-4bdb-a72e-24a5ec45eb6d to Kafka (69)
2026-09-08 16:38:17,978 | INFO | FraudShieldAI | Produced transaction f0860be9-7e17-4566-93a4-f223d954dc43 to Kafka (70)
2026-09-08 16:38:20,010 | INFO | FraudShieldAI | Produced transaction 355e165f-da5a-452e-bbc5-c5cdd8f4f13a to Kafka (71)
2026-09-08 16:38:22,026 | INFO | FraudShieldAI | Produced transaction 71cd8152-e3bc-4cff-92a3-9f8c242ed093 to Kafka (72)
2026-09-08 16:38:24,048 | INFO | FraudShieldAI | Produced transaction 01b950bb-cf1d-475a-9a18-60a9b6a4adf7 to Kafka (73)
2026-09-08 16:38:26,066 | INFO | FraudShieldAI | Produced transaction 39ee895f-f5df-44d0-88a5-5655bb6d57db to Kafka (74)
2026-09-08 16:38:28,067 | INFO | FraudShieldAI | Produced transaction ae8f8e55-5948-4a9b-ab65-134bde272fc1 to Kafka (75)
2026-09-08 16:38:30,093 | INFO | FraudShieldAI | Produced transaction 1981bce7-d0b4-43ce-ba1a-c0faf1e31cfd to Kafka (76)
2026-09-08 16:38:32,110 | INFO | FraudShieldAI | Produced transaction 16b6e984-58f7-470d-9e40-e5756a47f9ad to Kafka (77)
2026-09-08 16:38:34,123 | INFO | FraudShieldAI | Produced transaction 75aa13a2-3668-414f-85e9-612768e74b18 to Kafka (78)
2026-09-08 16:38:36,134 | INFO | FraudShieldAI | Produced transaction 6dd7ce5d-a600-4151-b823-48f74968f2ea to Kafka (79)
2026-09-08 16:38:38,169 | INFO | FraudShieldAI | Produced transaction cdc395fe-7353-4d52-bc12-f2454cbbf52c to Kafka (80)
2026-09-08 16:38:40,185 | INFO | FraudShieldAI | Produced transaction 89463f88-5317-4a0a-9404-5d89d284330a to Kafka (81)
2026-09-08 16:38:42,208 | INFO | FraudShieldAI | Produced transaction a140274e-305f-4f93-bed4-ae8eeb7252a8 to Kafka (82)
2026-09-08 16:38:44,228 | INFO | FraudShieldAI | Produced transaction b9a5fd5c-23fc-4dab-b835-b7f7244b4bc6 to Kafka (83)
2026-09-08 16:38:46,246 | INFO | FraudShieldAI | Produced transaction 415d720b-bce8-4453-8637-3d18a36606d5 to Kafka (84)
2026-09-08 16:38:48,269 | INFO | FraudShieldAI | Produced transaction 43e2cca8-21e1-4185-a798-7b04742645e7 to Kafka (85)
2026-09-08 16:38:50,267 | INFO | FraudShieldAI | Produced transaction 9fe27af5-4f99-4b40-ae35-7c5f0d656cfe to Kafka (86)
2026-09-08 16:38:52,273 | INFO | FraudShieldAI | Produced transaction 85ffc475-f49e-4171-816e-4a0b724499d5 to Kafka (87)
2026-09-08 16:38:54,299 | INFO | FraudShieldAI | Produced transaction 5147cdf0-8396-44da-8ab3-c71f462442ee to Kafka (88)
2026-09-08 16:38:56,275 | INFO | FraudShieldAI | Produced transaction 54d0c726-f7fd-4678-aca0-935a88af816e to Kafka (89)
2026-09-08 16:38:58,304 | INFO | FraudShieldAI | Produced transaction e34842e8-7402-4150-aba0-1d10079f4b59 to Kafka (90)
2026-09-08 16:39:00,323 | INFO | FraudShieldAI | Produced transaction d870e831-b90e-4490-9d82-005b5ee58907 to Kafka (91)
2026-09-08 16:39:02,309 | INFO | FraudShieldAI | Produced transaction b8a92d17-1ff3-4e88-b3a7-609c9f218745 to Kafka (92)
2026-09-08 16:39:04,334 | INFO | FraudShieldAI | Produced transaction 38727ede-87be-4e5e-acc0-e8971c167412 to Kafka (93)
2026-09-08 16:39:06,353 | INFO | FraudShieldAI | Produced transaction 6fe0e013-f642-4728-99d3-fd27a5c1a78a to Kafka (94)
2026-09-08 16:39:08,360 | INFO | FraudShieldAI | Produced transaction d2e8052a-30af-4abd-abd5-411e533b948b to Kafka (95)
2026-09-08 16:39:10,380 | INFO | FraudShieldAI | Produced transaction 782404c6-cb72-4980-ade8-0e13574f09f3 to Kafka (96)
2026-09-08 16:39:12,395 | INFO | FraudShieldAI | Produced transaction 6ea9f192-80c3-4a29-8648-96b2abcfc72f to Kafka (97)
2026-09-08 16:39:14,402 | INFO | FraudShieldAI | Produced transaction 3bf11398-54e0-4a7d-94ff-fde131d1d7d5 to Kafka (98)
2026-09-08 16:39:16,402 | INFO | FraudShieldAI | Produced transaction e5e24a41-8df8-4c3e-81bd-11fc3c14305f to Kafka (99)
2026-09-08 16:39:18,416 | INFO | FraudShieldAI | Produced transaction 395f3b08-b5c5-45dc-b116-f3a50cad88d2 to Kafka (100)
2026-09-08 16:39:20,428 | INFO | FraudShieldAI | Produced transaction 93265baa-e7a6-4fb0-8661-dedd1b98e341 to Kafka (101)
2026-09-08 16:39:22,459 | INFO | FraudShieldAI | Produced transaction 0dc2b61d-e764-48b3-bfe6-c89a0ebbfec5 to Kafka (102)
2026-09-08 16:39:24,488 | INFO | FraudShieldAI | Produced transaction 9afd3031-3947-4f38-af29-0b49846d8c7a to Kafka (103)
2026-09-08 16:39:26,511 | INFO | FraudShieldAI | Produced transaction 674a7a64-75fb-4d7b-acbf-50cfddcbf6c8 to Kafka (104)
2026-09-08 16:39:28,528 | INFO | FraudShieldAI | Produced transaction ea00ac6b-35c1-49ff-a529-484565bc6a3c to Kafka (105)
2026-09-08 16:39:30,532 | INFO | FraudShieldAI | Produced transaction fd06cea8-638a-447e-af69-e2bcfa409c77 to Kafka (106)
2026-09-08 16:39:32,527 | INFO | FraudShieldAI | Produced transaction d7fc1538-fb28-44fd-b1aa-edca6e9d8ac9 to Kafka (107)
2026-09-08 16:39:34,550 | INFO | FraudShieldAI | Produced transaction 40b0d3b6-d51f-4ad7-949c-3426f8d0c855 to Kafka (108)
2026-09-08 16:39:36,534 | INFO | FraudShieldAI | Produced transaction 61fdc5af-863b-40a4-ac5d-cabda5b4da26 to Kafka (109)
2026-09-08 16:39:38,541 | INFO | FraudShieldAI | Produced transaction 1e559ff1-ec79-44ed-ba3a-2b9092d227e4 to Kafka (110)
2026-09-08 16:39:40,546 | INFO | FraudShieldAI | Produced transaction 76899322-cee2-4ea4-97c8-b80c2fc44628 to Kafka (111)
2026-09-08 16:39:42,555 | INFO | FraudShieldAI | Produced transaction aabd2b1e-33bc-4140-aaca-bf45b924d053 to Kafka (112)
2026-09-08 16:39:44,574 | INFO | FraudShieldAI | Produced transaction 8a36d257-06c2-43e3-9e7c-135e01bdad30 to Kafka (113)
2026-09-08 16:39:46,584 | INFO | FraudShieldAI | Produced transaction 74048df8-6c47-4630-a00e-984d29ee408e to Kafka (114)
2026-09-08 16:39:48,602 | INFO | FraudShieldAI | Produced transaction 9b2f8865-bbf3-45c0-b9ba-cf1255bbf6e5 to Kafka (115)
2026-09-08 16:39:50,628 | INFO | FraudShieldAI | Produced transaction 4a464702-52c1-4189-83cf-f4bf401262c9 to Kafka (116)
2026-09-08 16:39:52,634 | INFO | FraudShieldAI | Produced transaction 236a43c0-6c87-480a-8df2-086ab3eb27b1 to Kafka (117)
2026-09-08 16:39:54,641 | INFO | FraudShieldAI | Produced transaction d311abca-6e8b-4dca-a851-ac63e5b3f5cb to Kafka (118)
2026-09-08 16:39:56,650 | INFO | FraudShieldAI | Produced transaction fa27b470-554f-4097-8120-158fa75eec2f to Kafka (119)
2026-09-08 16:39:58,652 | INFO | FraudShieldAI | Produced transaction bae4ea0e-fb72-4f8d-a194-3fb972901310 to Kafka (120)
2026-09-08 16:40:00,660 | INFO | FraudShieldAI | Produced transaction dc49b8c5-0747-4d84-8ad9-bef3bc198c7a to Kafka (121)
2026-09-08 16:40:02,665 | INFO | FraudShieldAI | Produced transaction 13c9f571-c8c8-424d-a654-2fb1df52e761 to Kafka (122)
2026-09-08 16:40:04,666 | INFO | FraudShieldAI | Produced transaction 1a552643-0354-4939-8f4c-024f44acde21 to Kafka (123)
2026-09-08 16:40:06,672 | INFO | FraudShieldAI | Produced transaction e837ea9c-69c4-4a88-8dc1-fb73359bda0d to Kafka (124)
2026-09-08 16:40:08,688 | INFO | FraudShieldAI | Produced transaction 5c129e8f-c259-49c4-9be8-6583907854ec to Kafka (125)
2026-09-08 16:40:10,709 | INFO | FraudShieldAI | Produced transaction 35d7d969-e31b-4bbc-9583-9503b695a4a4 to Kafka (126)
2026-09-08 16:40:12,728 | INFO | FraudShieldAI | Produced transaction 7edc4231-d705-4d57-8262-18654ce7fae1 to Kafka (127)
2026-09-08 16:40:14,749 | INFO | FraudShieldAI | Produced transaction d1806301-dc95-4904-b413-99075560894f to Kafka (128)
2026-09-08 16:40:16,734 | INFO | FraudShieldAI | Produced transaction a83a1e7c-a82b-4146-9a9b-1fd5ad6666f2 to Kafka (129)
2026-09-08 16:40:18,748 | INFO | FraudShieldAI | Produced transaction 00fba4b5-fa6f-4a95-b78b-d58b332e18df to Kafka (130)
2026-09-08 16:40:20,745 | INFO | FraudShieldAI | Produced transaction e5313be4-4bfd-4176-ace8-d2b8a4f75e98 to Kafka (131)
2026-09-08 16:40:22,755 | INFO | FraudShieldAI | Produced transaction a460828c-43f7-4e86-a8fb-2003e9eae9e8 to Kafka (132)
2026-09-08 16:40:24,759 | INFO | FraudShieldAI | Produced transaction 75e1ca92-8c85-4dfd-a104-5e95c31888e7 to Kafka (133)
2026-09-08 16:40:26,781 | INFO | FraudShieldAI | Produced transaction 6604017b-ff57-445e-b2f6-f5fa02112412 to Kafka (134)
2026-09-08 16:40:28,788 | INFO | FraudShieldAI | Produced transaction 093a6166-848d-4a1a-905e-8ffe15bfa959 to Kafka (135)
2026-09-08 16:40:30,803 | INFO | FraudShieldAI | Produced transaction ea2d1692-6f22-42bf-a3a5-1b085d151bb7 to Kafka (136)
2026-09-08 16:40:32,832 | INFO | FraudShieldAI | Produced transaction a17590a4-5868-4602-a742-b36ceb88365d to Kafka (137)
2026-09-08 16:40:34,838 | INFO | FraudShieldAI | Produced transaction 47caa4c4-5e47-49c3-b029-b1151ecc8509 to Kafka (138)
2026-09-08 16:40:36,851 | INFO | FraudShieldAI | Produced transaction 2eb507f0-8bb4-4bb8-bddb-eecdb8bd4aee to Kafka (139)
2026-09-08 16:40:38,887 | INFO | FraudShieldAI | Produced transaction 0e106147-693f-4794-b1d7-86ce384fe1e7 to Kafka (140)
2026-09-08 16:40:40,907 | INFO | FraudShieldAI | Produced transaction 5b2c2a81-b0d3-4a59-b05b-728bcdc89dbe to Kafka (141)
2026-09-08 16:40:42,918 | INFO | FraudShieldAI | Produced transaction bbbac84d-be73-475a-b501-0a26377c0085 to Kafka (142)
2026-09-08 16:40:44,916 | INFO | FraudShieldAI | Produced transaction a74027d2-0820-48a1-ac58-2c12b0066ba5 to Kafka (143)
2026-09-08 16:40:46,942 | INFO | FraudShieldAI | Produced transaction 9f3ac8a9-14f5-4b12-937e-7a5790851afd to Kafka (144)
2026-09-08 16:40:48,960 | INFO | FraudShieldAI | Produced transaction b092e888-5fcb-4d91-8226-897cf56956f0 to Kafka (145)
2026-09-08 16:40:50,987 | INFO | FraudShieldAI | Produced transaction 302104b0-0179-4bdb-92ff-fb1c00948cd3 to Kafka (146)
2026-09-08 16:40:53,005 | INFO | FraudShieldAI | Produced transaction f34f9c73-ad10-4af2-8f07-12640c014ead to Kafka (147)
2026-09-08 16:40:55,029 | INFO | FraudShieldAI | Produced transaction 3df64627-0f2a-43c5-9901-9ac1ebc5fd0b to Kafka (148)
2026-09-08 16:40:57,039 | INFO | FraudShieldAI | Produced transaction cfc55064-fe36-47e2-b270-01772c0c3819 to Kafka (149)
2026-09-08 16:40:59,053 | INFO | FraudShieldAI | Produced transaction d619019c-c20f-47a7-b151-65668bb02e7d to Kafka (150)
2026-09-08 16:41:01,082 | INFO | FraudShieldAI | Produced transaction 69e85236-164b-404d-821d-900a52b1624a to Kafka (151)
2026-09-08 16:41:03,074 | INFO | FraudShieldAI | Produced transaction 1945b607-70dd-48a4-98c6-464572d9b434 to Kafka (152)
2026-09-08 16:41:05,077 | INFO | FraudShieldAI | Produced transaction 89f156d9-0864-48c0-8c1b-5c361f763925 to Kafka (153)
2026-09-08 16:41:07,095 | INFO | FraudShieldAI | Produced transaction 55f65f3c-22fa-441a-9885-319ca2e8de57 to Kafka (154)
2026-09-08 16:41:09,119 | INFO | FraudShieldAI | Produced transaction 17880cab-e99e-421e-80cb-6eedc24fb76f to Kafka (155)
2026-09-08 16:41:11,130 | INFO | FraudShieldAI | Produced transaction 8a539634-5002-4cfa-91d2-0f1eb12b93d6 to Kafka (156)
2026-09-08 16:41:13,128 | INFO | FraudShieldAI | Produced transaction 5df8a1ea-8560-407c-a805-b7906c926288 to Kafka (157)
2026-09-08 16:41:15,135 | INFO | FraudShieldAI | Produced transaction 2f25321b-fc84-401a-9889-cc2793e5f0ad to Kafka (158)
2026-09-08 16:41:17,154 | INFO | FraudShieldAI | Produced transaction 122b9b4f-e0a2-412a-99c7-26bfff06b010 to Kafka (159)
2026-09-08 16:41:19,183 | INFO | FraudShieldAI | Produced transaction 3ca76fc7-1137-4544-966f-bf75fb397b35 to Kafka (160)
2026-09-08 16:41:21,191 | INFO | FraudShieldAI | Produced transaction f28925b1-6396-4e0d-bc64-75e80956970c to Kafka (161)
2026-09-08 16:41:23,211 | INFO | FraudShieldAI | Produced transaction 7a393731-a639-4105-95c0-75a2c21fbc5f to Kafka (162)
2026-09-08 16:41:25,257 | INFO | FraudShieldAI | Produced transaction 036ad4a0-e98f-4c11-9f31-ac649f067ba9 to Kafka (163)
2026-09-08 16:41:27,276 | INFO | FraudShieldAI | Produced transaction 57b4a247-3db2-4a97-a6d9-583b2f5e0ff3 to Kafka (164)
2026-09-08 16:41:29,284 | INFO | FraudShieldAI | Produced transaction b4da44cb-1984-4aff-9b92-06d3a1903f0b to Kafka (165)
2026-09-08 16:41:31,295 | INFO | FraudShieldAI | Produced transaction 80efeb6d-d0a3-47d6-8251-0cb733ed254d to Kafka (166)
2026-09-08 16:41:33,307 | INFO | FraudShieldAI | Produced transaction 3fa1fbc7-5e9f-4f96-a3ae-af160dd3a6ba to Kafka (167)
2026-09-08 16:41:35,312 | INFO | FraudShieldAI | Produced transaction 1d138557-73a6-402f-a381-f65e3ded68b2 to Kafka (168)
2026-09-08 16:41:37,331 | INFO | FraudShieldAI | Produced transaction d974162f-f4c5-4fe1-bc60-3eeed6172a22 to Kafka (169)
2026-09-08 16:41:39,343 | INFO | FraudShieldAI | Produced transaction 20ec6b76-bb18-4a7f-8bee-6eb83c10e439 to Kafka (170)
2026-09-08 16:41:41,354 | INFO | FraudShieldAI | Produced transaction 4b446743-8c63-4c6f-8b65-2c151d9f4f7b to Kafka (171)
2026-09-08 16:41:43,387 | INFO | FraudShieldAI | Produced transaction 79ee6879-970d-4a12-9329-eb76e7b715b4 to Kafka (172)
2026-09-08 16:41:45,413 | INFO | FraudShieldAI | Produced transaction b454725b-68b8-43b8-832a-ca7c86d33354 to Kafka (173)
2026-09-08 16:41:47,418 | INFO | FraudShieldAI | Produced transaction 7b529347-ccfa-449e-b09b-6d6c51e9a61a to Kafka (174)
2026-09-08 16:41:49,427 | INFO | FraudShieldAI | Produced transaction c15b0ba2-ce2b-425f-a316-9482bd5d66d9 to Kafka (175)
2026-09-08 16:41:51,451 | INFO | FraudShieldAI | Produced transaction 8a417f98-c004-41ea-8c80-522725138747 to Kafka (176)
2026-09-08 16:41:53,482 | INFO | FraudShieldAI | Produced transaction b9d7537d-7ffe-40fc-836d-a04c6e7236d6 to Kafka (177)
2026-09-08 16:41:55,495 | INFO | FraudShieldAI | Produced transaction fd63d256-bf08-449c-b13f-728227303500 to Kafka (178)
2026-09-08 16:41:57,516 | INFO | FraudShieldAI | Produced transaction 880512b0-1fda-41b6-aa51-0b5c1501b119 to Kafka (179)
2026-09-08 16:41:59,535 | INFO | FraudShieldAI | Produced transaction 5c26038d-2470-40c1-add8-d75f8907360a to Kafka (180)
2026-09-08 16:42:01,556 | INFO | FraudShieldAI | Produced transaction 1d3fd79c-8f83-430c-9028-ae8c1ac6b042 to Kafka (181)
2026-09-08 16:42:03,584 | INFO | FraudShieldAI | Produced transaction e4252778-548e-4794-a7eb-5b2e4258cdf8 to Kafka (182)
2026-09-08 16:42:05,649 | INFO | FraudShieldAI | Produced transaction bd825b2d-6df3-46c5-bff8-d034c04031c4 to Kafka (183)
2026-09-08 16:42:07,664 | INFO | FraudShieldAI | Produced transaction fc087ebb-8535-4fab-883b-852c5aa14d4a to Kafka (184)
2026-09-08 16:42:09,689 | INFO | FraudShieldAI | Produced transaction 79ecdb07-32d4-45cc-b4e5-6c5de3f11371 to Kafka (185)
2026-09-08 16:42:11,706 | INFO | FraudShieldAI | Produced transaction 2745cc8e-b305-4fc4-bd29-3db0ba91c128 to Kafka (186)
2026-09-08 16:42:13,701 | INFO | FraudShieldAI | Produced transaction abecdf06-22f0-4113-a80b-173366a034fa to Kafka (187)
2026-09-08 16:42:15,716 | INFO | FraudShieldAI | Produced transaction c36738cd-1d16-4786-8db3-5aab7937caec to Kafka (188)
2026-09-08 16:42:17,741 | INFO | FraudShieldAI | Produced transaction a33f4c56-1a00-4719-8327-8a3b9cb9eae0 to Kafka (189)
2026-09-08 16:42:19,770 | INFO | FraudShieldAI | Produced transaction 43e8b632-3a28-4607-8db8-0b5b58868670 to Kafka (190)
2026-09-08 16:42:21,818 | INFO | FraudShieldAI | Produced transaction 6e8d5bf5-0556-476a-bba4-c5313243ce1c to Kafka (191)
2026-09-08 16:42:23,835 | INFO | FraudShieldAI | Produced transaction 65cec4f3-baf3-4049-9bc2-9423c9a9aa30 to Kafka (192)
2026-09-08 16:42:25,869 | INFO | FraudShieldAI | Produced transaction 24bd5fc1-6207-4b18-a863-10c257f52a3f to Kafka (193)
2026-09-08 16:42:27,905 | INFO | FraudShieldAI | Produced transaction 3b195eb0-373e-4924-aa05-89b0a060481f to Kafka (194)
2026-09-08 16:42:29,932 | INFO | FraudShieldAI | Produced transaction a47792a1-1eb5-4ac8-a6cc-337303bdf6dd to Kafka (195)
2026-09-08 16:42:31,947 | INFO | FraudShieldAI | Produced transaction 04813d4a-38d3-4df2-a736-f08b167727aa to Kafka (196)
2026-09-08 16:42:33,512 | INFO | FraudShieldAI | Stopping Kafka streaming pipeline...
2026-09-08 16:42:33,513 | INFO | FraudShieldAI | Kafka producer loop cancelled.
2026-09-08 16:42:33,514 | INFO | FraudShieldAI | Kafka producer loop terminated. Produced=196
2026-09-08 16:42:33,968 | INFO | FraudShieldAI | Kafka streaming pipeline stopped.
2026-09-08 16:42:34,915 | INFO | FraudShieldAI | Kafka consumer start result: {'started': True, 'message': 'Kafka consumer started successfully.'}
2026-09-08 16:42:34,916 | INFO | FraudShieldAI | Kafka streaming pipeline started.
2026-09-08 16:42:34,962 | INFO | FraudShieldAI | Kafka producer initialized successfully.
2026-09-08 16:42:34,963 | INFO | FraudShieldAI | Kafka producer loop started. interval=2.00s max_transactions=None
2026-09-08 16:42:35,077 | INFO | FraudShieldAI | Produced transaction 3dbeb21c-9b45-42c7-b7e5-0e8504df38c4 to Kafka (1)
2026-09-08 16:42:37,091 | INFO | FraudShieldAI | Produced transaction 36b6fe9e-9ef2-4079-9c61-1e4269ab047b to Kafka (2)
2026-09-08 16:42:39,118 | INFO | FraudShieldAI | Produced transaction 56db25fd-ae70-4b08-aacf-f528be7530f7 to Kafka (3)
2026-09-08 16:42:41,148 | INFO | FraudShieldAI | Produced transaction 9b6da18f-63a0-4c13-aedf-d33573207899 to Kafka (4)
2026-09-08 16:42:43,174 | INFO | FraudShieldAI | Produced transaction ee7e2dc3-fd16-417b-b4f4-33b6c058bcdc to Kafka (5)
2026-09-08 16:42:45,180 | INFO | FraudShieldAI | Produced transaction 722d3363-b568-433d-b51e-b45d9a77ef59 to Kafka (6)
2026-09-08 16:42:47,205 | INFO | FraudShieldAI | Produced transaction 3e0d02f7-a1bf-4792-a59b-1d5498c4a812 to Kafka (7)
2026-09-08 16:42:49,231 | INFO | FraudShieldAI | Produced transaction d7e431b2-7d5b-446c-b449-d408a6e47985 to Kafka (8)
2026-09-08 16:42:51,263 | INFO | FraudShieldAI | Produced transaction bac45859-482f-44d3-969e-6d68959e2ead to Kafka (9)
2026-09-08 16:42:53,289 | INFO | FraudShieldAI | Produced transaction 81913229-6f79-4cbe-afcb-ecae24aae39a to Kafka (10)
2026-09-08 16:42:55,297 | INFO | FraudShieldAI | Produced transaction 023a02e6-6563-4090-8f18-a9f912ea446b to Kafka (11)
2026-09-08 16:42:57,284 | INFO | FraudShieldAI | Produced transaction ec87d967-4b92-412a-9b6c-1cddf5ce8d35 to Kafka (12)
2026-09-08 16:42:59,301 | INFO | FraudShieldAI | Produced transaction 9eb83824-af19-40b1-b18f-3e6c71b2aee0 to Kafka (13)
2026-09-08 16:43:01,292 | INFO | FraudShieldAI | Produced transaction 67764d9c-c265-4f48-9dff-adc5e3663516 to Kafka (14)
2026-09-08 16:43:03,324 | INFO | FraudShieldAI | Produced transaction 0d3212c1-5225-4981-8029-fe13f9a86bac to Kafka (15)
2026-09-08 16:43:05,335 | INFO | FraudShieldAI | Produced transaction 975f5ea5-cbf0-47c1-b6d5-0e4d11cb02a6 to Kafka (16)
2026-09-08 16:43:07,356 | INFO | FraudShieldAI | Produced transaction b64c63d9-6f25-423e-ae80-d5ba5431b705 to Kafka (17)
2026-09-08 16:43:09,379 | INFO | FraudShieldAI | Produced transaction c822d384-4862-49ac-b291-69fd9aa5dee7 to Kafka (18)
2026-09-08 16:43:11,385 | INFO | FraudShieldAI | Produced transaction 5aab7334-f35d-458b-97cb-207843fa5c17 to Kafka (19)
2026-09-08 16:43:13,405 | INFO | FraudShieldAI | Produced transaction 0c7dd10b-fb89-4c34-86c0-5b4245d6af87 to Kafka (20)
2026-09-08 16:43:15,414 | INFO | FraudShieldAI | Produced transaction a32246a0-87f1-4a4c-aefa-005c3c13e9d2 to Kafka (21)
2026-09-08 16:43:17,438 | INFO | FraudShieldAI | Produced transaction 51278575-539a-4c07-9756-7c9ddc9f22ed to Kafka (22)
2026-09-08 16:43:19,479 | INFO | FraudShieldAI | Produced transaction 1e133ccd-96f6-4b7e-9990-3ec19399ab17 to Kafka (23)
2026-09-08 16:43:21,507 | INFO | FraudShieldAI | Produced transaction 9a92d629-b85b-454b-95a9-c89d1528b864 to Kafka (24)
2026-09-08 16:43:23,542 | INFO | FraudShieldAI | Produced transaction d8941638-c35d-4642-9fb5-cc076a45be0a to Kafka (25)
2026-09-08 16:43:25,559 | INFO | FraudShieldAI | Produced transaction ee13342d-6021-4718-bbc7-37afe43e3740 to Kafka (26)
2026-09-08 16:43:27,595 | INFO | FraudShieldAI | Produced transaction 24fa5b70-4d74-4b0e-8894-aef4cd0bd051 to Kafka (27)
2026-09-08 16:43:29,606 | INFO | FraudShieldAI | Produced transaction 58c11202-1e07-48a8-ae52-8599472fb6de to Kafka (28)
2026-09-08 16:43:31,642 | INFO | FraudShieldAI | Produced transaction 0abd10cf-e905-4dab-970f-1522c4728b71 to Kafka (29)
2026-09-08 16:43:33,648 | INFO | FraudShieldAI | Produced transaction a788fd38-05b1-40b6-9d70-8f0e9c5efcc5 to Kafka (30)
2026-09-08 16:43:35,680 | INFO | FraudShieldAI | Produced transaction abb70ee4-4622-448d-92f6-743ba90c2fdd to Kafka (31)
2026-09-08 16:43:37,697 | INFO | FraudShieldAI | Produced transaction 6fdb511d-0139-4596-a042-c6353295676c to Kafka (32)
2026-09-08 16:43:39,700 | INFO | FraudShieldAI | Produced transaction a96c1295-a3c8-40bb-b7f7-79cd3714e22f to Kafka (33)
2026-09-08 16:43:41,711 | INFO | FraudShieldAI | Produced transaction 74956e7b-f636-4b4f-9764-f3fbb6007d72 to Kafka (34)
2026-09-08 16:43:43,743 | INFO | FraudShieldAI | Produced transaction 8e22073c-3098-49a4-b5ea-cd15e0f1363e to Kafka (35)
2026-09-08 16:43:45,748 | INFO | FraudShieldAI | Produced transaction 751cffa1-fabd-4563-8b90-277c1c7e49be to Kafka (36)
2026-09-08 16:43:47,767 | INFO | FraudShieldAI | Produced transaction d035e659-5f22-4631-87cf-f3ca3b29e30d to Kafka (37)
2026-09-08 16:43:49,780 | INFO | FraudShieldAI | Produced transaction 86eb8533-1b68-45cb-8c2e-30b2abd16e10 to Kafka (38)
2026-09-08 16:43:51,790 | INFO | FraudShieldAI | Produced transaction bd4cb1fe-a2bb-48c0-83f2-26755f077190 to Kafka (39)
2026-09-08 16:43:53,800 | INFO | FraudShieldAI | Produced transaction 05b96291-3208-45d9-953f-d77611ac3af1 to Kafka (40)
2026-09-08 16:43:55,801 | INFO | FraudShieldAI | Produced transaction b94d7e9e-216f-4c63-bf55-913e2c1d8696 to Kafka (41)
2026-09-08 16:43:57,813 | INFO | FraudShieldAI | Produced transaction 705f81b3-a632-42f6-b47c-4a7b130d7959 to Kafka (42)
2026-09-08 16:43:59,828 | INFO | FraudShieldAI | Produced transaction 06210cf8-9472-4826-8bcb-15928887f7dc to Kafka (43)
2026-09-08 16:44:01,830 | INFO | FraudShieldAI | Produced transaction ef221c6e-981a-45d0-9c5a-3a569ce077a8 to Kafka (44)
2026-09-08 16:44:03,847 | INFO | FraudShieldAI | Produced transaction f54b374e-2530-47aa-bbaa-ff435ed90640 to Kafka (45)
2026-09-08 16:44:06,762 | INFO | FraudShieldAI | Produced transaction 274e9d35-2ee0-47be-8f1a-49e698adfe22 to Kafka (46)
2026-09-08 16:44:08,787 | INFO | FraudShieldAI | Produced transaction ac06b0e5-2bf4-428a-97cf-516ba39b99b8 to Kafka (47)
2026-09-08 16:44:10,815 | INFO | FraudShieldAI | Produced transaction 9f8e50c0-59cb-4903-98f5-a30c1a831d6c to Kafka (48)
2026-09-08 16:44:12,832 | INFO | FraudShieldAI | Produced transaction 66273f92-bc07-4c7c-92ae-a0a79ef0b748 to Kafka (49)
2026-09-08 16:44:14,854 | INFO | FraudShieldAI | Produced transaction 34591543-a9e5-4037-a245-d85b2b1470f6 to Kafka (50)
2026-09-08 16:44:16,888 | INFO | FraudShieldAI | Produced transaction f62de786-af24-4d71-94f4-b6ec632c1708 to Kafka (51)
2026-09-08 16:44:18,893 | INFO | FraudShieldAI | Produced transaction d135139d-a05a-418c-81b5-70868c3790a1 to Kafka (52)
2026-09-08 16:44:20,910 | INFO | FraudShieldAI | Produced transaction d35f96bc-bab6-4679-a47e-cfeb77d01b96 to Kafka (53)
2026-09-08 16:44:22,908 | INFO | FraudShieldAI | Produced transaction 7c1104ef-6ddf-4ae3-82c5-2c4d072032f1 to Kafka (54)
2026-09-08 16:44:24,926 | INFO | FraudShieldAI | Produced transaction 46f4eb1d-c637-4427-b2b1-17866bf00ec5 to Kafka (55)
2026-09-08 16:44:26,926 | INFO | FraudShieldAI | Produced transaction f2960b2d-6ed9-4bf1-82ca-2f841d3eccb5 to Kafka (56)
2026-09-08 16:44:28,932 | INFO | FraudShieldAI | Produced transaction 4bc1fa33-431e-4f0e-80d7-e33933199270 to Kafka (57)
2026-09-08 16:44:30,962 | INFO | FraudShieldAI | Produced transaction 278f56ff-438a-439e-a27a-eec46ffd96b3 to Kafka (58)
2026-09-08 16:44:32,992 | INFO | FraudShieldAI | Produced transaction 30526c6e-9518-4865-b72a-470a3225f235 to Kafka (59)
2026-09-08 16:44:35,023 | INFO | FraudShieldAI | Produced transaction f0fed188-1d72-4e4c-a9be-5b284209debc to Kafka (60)
2026-09-08 16:44:37,052 | INFO | FraudShieldAI | Produced transaction 7fd5e759-aa82-46b9-87f6-c5beb0273957 to Kafka (61)
2026-09-08 16:44:39,085 | INFO | FraudShieldAI | Produced transaction 717c8e84-0e66-45e4-8a22-62a99db162eb to Kafka (62)
2026-09-08 16:44:41,112 | INFO | FraudShieldAI | Produced transaction 5300deb5-edab-4e0b-95b4-2da4890f5b5a to Kafka (63)
2026-09-08 16:44:41,923 | INFO | FraudShieldAI | Closed MongoDB connection
2026-09-08 16:44:41,926 | INFO | FraudShieldAI | Kafka producer loop cancelled.
2026-09-08 16:44:41,926 | INFO | FraudShieldAI | Kafka producer loop terminated. Produced=63
2026-09-08 16:53:03,609 | INFO | FraudShieldAI | Connected to MongoDB
2026-09-08 16:53:13,045 | INFO | FraudShieldAI | Kafka consumer start result: {'started': True, 'message': 'Kafka consumer started successfully.'}
2026-09-08 16:53:13,046 | INFO | FraudShieldAI | Kafka streaming pipeline started.
2026-09-08 16:53:13,104 | INFO | FraudShieldAI | Kafka producer initialized successfully.
2026-09-08 16:53:13,106 | INFO | FraudShieldAI | Kafka producer loop started. interval=2.00s max_transactions=None
2026-09-08 16:53:13,221 | INFO | FraudShieldAI | Produced transaction 91a242dc-dba7-43c7-ae86-9e3d62d43f19 to Kafka (1)
2026-09-08 16:53:15,233 | INFO | FraudShieldAI | Produced transaction cedc5a85-b6bb-4595-b5c1-4185552ab2a1 to Kafka (2)
2026-09-08 16:53:17,264 | INFO | FraudShieldAI | Produced transaction 6348dab4-bc86-44ff-880a-2e51c8c00b37 to Kafka (3)
2026-09-08 16:53:19,283 | INFO | FraudShieldAI | Produced transaction d5981203-2d57-4b16-bc6e-a4a2074d88d1 to Kafka (4)
2026-09-08 16:53:21,302 | INFO | FraudShieldAI | Produced transaction 355a93af-0cc4-405c-bc50-a1f117188ca1 to Kafka (5)
2026-09-08 16:53:23,333 | INFO | FraudShieldAI | Produced transaction 0d213a66-d540-4d9e-ac3f-f72f0f8933f1 to Kafka (6)
2026-09-08 16:53:25,339 | INFO | FraudShieldAI | Produced transaction 3bb53b91-1980-413d-b6ac-e83f71125d66 to Kafka (7)
2026-09-08 16:53:27,356 | INFO | FraudShieldAI | Produced transaction 71ae35c0-f45b-46be-b0a8-90af804d6539 to Kafka (8)
2026-09-08 16:53:29,360 | INFO | FraudShieldAI | Produced transaction 2ce2dc1a-863c-4a27-9a08-2c28bbc32d50 to Kafka (9)
2026-09-08 16:53:31,383 | INFO | FraudShieldAI | Produced transaction 3c96c6bd-3f9a-4037-a367-c96434d83489 to Kafka (10)
2026-09-08 16:53:33,389 | INFO | FraudShieldAI | Produced transaction 74855dda-9554-4c96-9319-e29998b09d3a to Kafka (11)
2026-09-08 16:53:35,402 | INFO | FraudShieldAI | Produced transaction f5d3ce5a-476e-48d4-ad08-a48f75b07558 to Kafka (12)
2026-09-08 16:53:37,430 | INFO | FraudShieldAI | Produced transaction c348d339-b4b2-4d54-8faa-1844238beeab to Kafka (13)
2026-09-08 16:53:39,454 | INFO | FraudShieldAI | Produced transaction b7403bff-1440-4a1d-a38e-eb05e4a0e86b to Kafka (14)
2026-09-08 16:53:41,470 | INFO | FraudShieldAI | Produced transaction 3400488d-a0cf-4473-be0f-2ede7f857937 to Kafka (15)
2026-09-08 16:53:43,479 | INFO | FraudShieldAI | Produced transaction 23517593-6fbc-43d9-b455-cc44e0fafa13 to Kafka (16)
2026-09-08 16:53:45,514 | INFO | FraudShieldAI | Produced transaction 9cf72708-d296-418e-99ab-f3f2f623976e to Kafka (17)
2026-09-08 16:53:47,530 | INFO | FraudShieldAI | Produced transaction d8a04405-b6c9-4dae-be2d-9810392ee0c5 to Kafka (18)
2026-09-08 16:53:49,552 | INFO | FraudShieldAI | Produced transaction e9cd0dc9-415f-40c0-b29a-0a0dbda28d79 to Kafka (19)
2026-09-08 16:53:51,589 | INFO | FraudShieldAI | Produced transaction 3574289d-30f1-4974-9720-fbc98c416c7d to Kafka (20)
2026-09-08 16:53:53,601 | INFO | FraudShieldAI | Produced transaction fc1588bf-e9bc-4bb4-bb21-8ee91645a224 to Kafka (21)
2026-09-08 16:53:55,610 | INFO | FraudShieldAI | Produced transaction d6c19e24-4a93-4e43-8d2b-165ea769fba9 to Kafka (22)
2026-09-08 16:53:57,626 | INFO | FraudShieldAI | Produced transaction 6f3c1bef-5a2d-44c5-af76-24a74b08126e to Kafka (23)
2026-09-08 16:53:59,654 | INFO | FraudShieldAI | Produced transaction b193cccf-6138-43a5-b3ac-3ae95a8a76f8 to Kafka (24)
2026-09-08 16:54:01,670 | INFO | FraudShieldAI | Produced transaction 8ca97914-c6aa-40c0-add9-a4ceefed10fe to Kafka (25)
2026-09-08 16:54:03,674 | INFO | FraudShieldAI | Produced transaction dc4e2532-937e-4913-a856-ca0262dc91ae to Kafka (26)
2026-09-08 16:54:05,681 | INFO | FraudShieldAI | Produced transaction 9e11e236-4aa4-4473-932f-31342c536204 to Kafka (27)
2026-09-08 16:54:07,707 | INFO | FraudShieldAI | Produced transaction d6b1b0a9-fb13-49b0-90c9-237eadaca6b1 to Kafka (28)
2026-09-08 16:54:09,725 | INFO | FraudShieldAI | Produced transaction 75714308-73de-4314-b47c-c6d378113f28 to Kafka (29)
2026-09-08 16:54:11,760 | INFO | FraudShieldAI | Produced transaction ea39a0ec-2e84-4541-8bf4-049f54bd0050 to Kafka (30)
2026-09-08 16:54:13,769 | INFO | FraudShieldAI | Produced transaction c95a37a6-2d1c-466a-b5eb-72782b65003c to Kafka (31)
2026-09-08 16:54:15,780 | INFO | FraudShieldAI | Produced transaction 7e61a02c-d8a0-493c-b6b2-8fbc2775c64e to Kafka (32)
2026-09-08 16:54:17,795 | INFO | FraudShieldAI | Produced transaction df4c3e75-a175-43fa-bbb0-06d3eca2524a to Kafka (33)
2026-09-08 16:54:19,801 | INFO | FraudShieldAI | Produced transaction 5a3c6908-1a10-462f-9845-1c66e4dd21eb to Kafka (34)
2026-09-08 16:54:21,805 | INFO | FraudShieldAI | Produced transaction c0e55639-e070-4f2c-a94c-9726b80f2792 to Kafka (35)
2026-09-08 16:54:23,822 | INFO | FraudShieldAI | Produced transaction 6dbe52ce-1fe3-4e34-b16b-c1725e41aad7 to Kafka (36)
2026-09-08 16:54:25,846 | INFO | FraudShieldAI | Produced transaction 60580d7b-e9c5-482d-9a8b-517b59a04ab5 to Kafka (37)
2026-09-08 16:54:27,866 | INFO | FraudShieldAI | Produced transaction cb7a9c66-1b61-4e04-bff7-a07d8c288172 to Kafka (38)
2026-09-08 16:54:29,890 | INFO | FraudShieldAI | Produced transaction dfe914d8-397d-424c-988f-3064e28875eb to Kafka (39)
2026-09-08 16:54:31,894 | INFO | FraudShieldAI | Produced transaction 703417a0-6e10-4372-8792-3b6c3d2a5010 to Kafka (40)
2026-09-08 16:54:33,927 | INFO | FraudShieldAI | Produced transaction b6dd9ce7-9ae1-494a-a070-0da7c59c76c6 to Kafka (41)
2026-09-08 16:54:35,949 | INFO | FraudShieldAI | Produced transaction df43a76d-a55a-47c7-ba80-8571182416f8 to Kafka (42)
2026-09-08 16:54:37,955 | INFO | FraudShieldAI | Produced transaction c778187b-39b7-4027-813f-46e79cd8d376 to Kafka (43)
2026-09-08 16:54:39,960 | INFO | FraudShieldAI | Produced transaction 3b63466b-20ac-48a7-b126-6b48f9d6e104 to Kafka (44)
2026-09-08 16:54:41,987 | INFO | FraudShieldAI | Produced transaction d42c318d-85db-4e92-a528-516ccd0a2aeb to Kafka (45)
2026-09-08 16:54:44,001 | INFO | FraudShieldAI | Produced transaction 16143768-ce9f-4203-8c16-07693dc9bedf to Kafka (46)
2026-09-08 16:54:45,997 | INFO | FraudShieldAI | Produced transaction 134121b6-43cb-402e-bfa2-426306cf1557 to Kafka (47)
2026-09-08 16:54:48,014 | INFO | FraudShieldAI | Produced transaction fa145fd6-4506-4a48-9f52-7bb4b24dc4e6 to Kafka (48)
2026-09-08 16:54:50,035 | INFO | FraudShieldAI | Produced transaction 06b66413-36c6-4bce-b4c4-21526cdcbdd5 to Kafka (49)
2026-09-08 16:54:52,029 | INFO | FraudShieldAI | Produced transaction 7b349737-02a9-445d-9b9a-355cd230369e to Kafka (50)
2026-09-08 16:54:54,040 | INFO | FraudShieldAI | Produced transaction 99664a54-c8b2-494c-a925-e32790738cfa to Kafka (51)
2026-09-08 16:54:56,056 | INFO | FraudShieldAI | Produced transaction 4afed8e4-8a92-4d03-b888-0f0431a231de to Kafka (52)
2026-09-08 16:54:58,074 | INFO | FraudShieldAI | Produced transaction ab6605b7-53ea-4465-821f-11d977bb67a2 to Kafka (53)
2026-09-08 16:55:00,110 | INFO | FraudShieldAI | Produced transaction cca3c472-7644-4b0a-8d80-c00d2ce2d761 to Kafka (54)
2026-09-08 16:55:02,130 | INFO | FraudShieldAI | Produced transaction 95689d31-ed34-44cc-aa2c-5355dce88a04 to Kafka (55)
2026-09-08 16:55:04,139 | INFO | FraudShieldAI | Produced transaction a7ac8b76-e669-41cb-92ea-695e2eaf8265 to Kafka (56)
2026-09-08 16:55:06,149 | INFO | FraudShieldAI | Produced transaction c6f9db16-bfb8-4bbb-b485-20ede67d6171 to Kafka (57)
2026-09-08 16:55:08,173 | INFO | FraudShieldAI | Produced transaction 8ed23831-a4c8-40a3-a345-2c8e24eff0ee to Kafka (58)
2026-09-08 16:55:10,182 | INFO | FraudShieldAI | Produced transaction 52b616e9-969c-4ea0-afb6-59bc6af3282a to Kafka (59)
2026-09-08 16:55:12,187 | INFO | FraudShieldAI | Produced transaction d73002b4-436d-477f-a50c-68719cea5aaf to Kafka (60)
2026-09-08 16:55:14,188 | INFO | FraudShieldAI | Produced transaction 9055cd52-1f4a-4646-b473-d14eaeeefd9e to Kafka (61)
2026-09-08 16:55:16,185 | INFO | FraudShieldAI | Produced transaction fe129022-ef57-4e6a-9241-20e56a791d84 to Kafka (62)
2026-09-08 16:55:18,200 | INFO | FraudShieldAI | Produced transaction c210f2ea-8635-46ec-b082-3af268b3a089 to Kafka (63)
2026-09-08 16:55:20,214 | INFO | FraudShieldAI | Produced transaction 2006dfe7-669f-47ac-93fe-76630ad58463 to Kafka (64)
2026-09-08 16:55:22,242 | INFO | FraudShieldAI | Produced transaction 2ad1c664-7079-4cd3-b26a-e0a331cb28c7 to Kafka (65)
2026-09-08 16:55:24,275 | INFO | FraudShieldAI | Produced transaction f20f29c4-6170-442c-a3c8-6b12b6235060 to Kafka (66)
2026-09-08 16:55:26,306 | INFO | FraudShieldAI | Produced transaction d82ab627-a6a6-4bc1-9847-8c086696e1e8 to Kafka (67)
2026-09-08 16:55:28,316 | INFO | FraudShieldAI | Produced transaction 41586ceb-2b33-4bc2-8cd6-48bf87f60926 to Kafka (68)
2026-09-08 16:55:30,324 | INFO | FraudShieldAI | Produced transaction 75c3db09-e8fc-4ac2-84e9-bd2f5bf099fc to Kafka (69)
2026-09-08 16:55:32,336 | INFO | FraudShieldAI | Produced transaction 0c442386-ffa4-44b9-99ca-71bdbeb587c2 to Kafka (70)
2026-09-08 16:55:33,417 | INFO | FraudShieldAI | Closed MongoDB connection
2026-09-08 16:55:33,421 | INFO | FraudShieldAI | Kafka producer loop cancelled.
2026-09-08 16:55:33,423 | INFO | FraudShieldAI | Kafka producer loop terminated. Produced=70
2026-09-08 16:55:37,395 | INFO | FraudShieldAI | Connected to MongoDB
2026-09-08 16:55:48,893 | INFO | FraudShieldAI | Closed MongoDB connection
2026-09-08 16:56:27,424 | INFO | FraudShieldAI | Connected to MongoDB
2026-09-08 16:56:54,483 | INFO | FraudShieldAI | Kafka consumer start result: {'started': False, 'message': 'FastAPI event loop is required.'}
2026-09-08 16:56:54,484 | INFO | FraudShieldAI | Kafka streaming pipeline started.
2026-09-08 16:56:54,530 | INFO | FraudShieldAI | Kafka producer initialized successfully.
2026-09-08 16:56:54,531 | INFO | FraudShieldAI | Kafka producer loop started. interval=2.00s max_transactions=None
2026-09-08 16:56:54,685 | INFO | FraudShieldAI | Produced transaction 87b285fc-a5b6-4d4a-8f00-68d0a20c5608 to Kafka (1)
2026-09-08 16:56:56,710 | INFO | FraudShieldAI | Produced transaction 4bd0f5fd-d57b-4a7f-aacf-ab81fd056875 to Kafka (2)
2026-09-08 16:56:58,727 | INFO | FraudShieldAI | Produced transaction 1307c20d-f2c9-488f-b2f5-7824ace24c7d to Kafka (3)
2026-09-08 16:57:00,747 | INFO | FraudShieldAI | Produced transaction 728c765d-1914-4659-881b-441ddefa94a6 to Kafka (4)
2026-09-08 16:57:02,772 | INFO | FraudShieldAI | Produced transaction 88c26557-197e-4745-ac94-cdae094910f2 to Kafka (5)
2026-09-08 16:57:04,800 | INFO | FraudShieldAI | Produced transaction 74ba3557-d588-4cd8-b005-895dda68a3f2 to Kafka (6)
2026-09-08 16:57:06,820 | INFO | FraudShieldAI | Produced transaction c2eb309e-cd0e-4a94-ab6a-db35fa7e00ff to Kafka (7)
2026-09-08 16:57:08,845 | INFO | FraudShieldAI | Produced transaction b042c835-403f-4dd3-a9dc-af29594574e7 to Kafka (8)
2026-09-08 16:57:10,864 | INFO | FraudShieldAI | Produced transaction 49c533c7-842e-4273-be1e-18d3d45a6310 to Kafka (9)
2026-09-08 16:57:12,886 | INFO | FraudShieldAI | Produced transaction 7aacc13f-37e0-486d-bc0b-feae07b0e18d to Kafka (10)
2026-09-08 16:57:14,908 | INFO | FraudShieldAI | Produced transaction a61db1f9-2cb7-498b-a79b-6cc4bbfab509 to Kafka (11)
2026-09-08 16:57:16,934 | INFO | FraudShieldAI | Produced transaction 56c4c6db-0154-46a9-abf5-72393dc46294 to Kafka (12)
2026-09-08 16:57:18,962 | INFO | FraudShieldAI | Produced transaction 06593bbb-6c88-4684-8689-d230f5cb08a4 to Kafka (13)
2026-09-08 16:57:20,973 | INFO | FraudShieldAI | Produced transaction d17fb890-840e-4c5a-be14-beb519936e34 to Kafka (14)
2026-09-08 16:57:22,984 | INFO | FraudShieldAI | Produced transaction d69f4ee1-7730-454f-a617-0314ec13d16f to Kafka (15)
2026-09-08 16:57:25,020 | INFO | FraudShieldAI | Produced transaction ac62406c-4468-496b-a634-9ecebfc3b3f1 to Kafka (16)
2026-09-08 16:57:27,063 | INFO | FraudShieldAI | Produced transaction bb5d659c-af86-4c66-9896-1c05c301e433 to Kafka (17)
2026-09-08 16:57:29,082 | INFO | FraudShieldAI | Produced transaction 77a172c0-06e9-4c6f-873b-af8a4386a2bd to Kafka (18)
2026-09-08 16:57:31,095 | INFO | FraudShieldAI | Produced transaction f77924d8-1648-4d50-805b-364c1ced9703 to Kafka (19)
2026-09-08 16:57:31,989 | INFO | FraudShieldAI | Stopping Kafka streaming pipeline...
2026-09-08 16:57:31,992 | INFO | FraudShieldAI | Kafka producer loop cancelled.
2026-09-08 16:57:31,996 | INFO | FraudShieldAI | Kafka producer loop terminated. Produced=19
2026-09-08 16:57:32,011 | INFO | FraudShieldAI | Kafka streaming pipeline stopped.
2026-09-08 16:57:33,181 | INFO | FraudShieldAI | Kafka consumer start result: {'started': False, 'message': 'FastAPI event loop is required.'}
2026-09-08 16:57:33,182 | INFO | FraudShieldAI | Kafka streaming pipeline started.
2026-09-08 16:57:33,219 | INFO | FraudShieldAI | Kafka producer initialized successfully.
2026-09-08 16:57:33,222 | INFO | FraudShieldAI | Kafka producer loop started. interval=2.00s max_transactions=None
2026-09-08 16:57:33,336 | INFO | FraudShieldAI | Produced transaction 1085f07e-8aad-458b-b988-294730c6bf6b to Kafka (1)
2026-09-08 16:57:35,351 | INFO | FraudShieldAI | Produced transaction 61ad2fdf-3f94-4fc2-a50c-c65f62bc15ae to Kafka (2)
2026-09-08 16:57:35,984 | INFO | FraudShieldAI | Stopping Kafka streaming pipeline...
2026-09-08 16:57:35,988 | INFO | FraudShieldAI | Kafka producer loop cancelled.
2026-09-08 16:57:35,989 | INFO | FraudShieldAI | Kafka producer loop terminated. Produced=2
2026-09-08 16:57:35,997 | INFO | FraudShieldAI | Kafka streaming pipeline stopped.
2026-09-08 17:03:03,750 | INFO | FraudShieldAI | Closed MongoDB connection
2026-09-08 21:06:41,030 | INFO | FraudShieldAI | Connected to MongoDB
2026-09-08 21:07:55,022 | INFO | FraudShieldAI | Kafka consumer start result: {'started': True, 'message': 'Kafka consumer started successfully.'}
2026-09-08 21:07:55,022 | INFO | FraudShieldAI | Kafka streaming pipeline started.
2026-09-08 21:07:55,180 | INFO | FraudShieldAI | Kafka producer initialized successfully.
2026-09-08 21:07:55,182 | INFO | FraudShieldAI | Kafka producer loop started. interval=2.00s max_transactions=None
2026-09-08 21:07:55,483 | INFO | FraudShieldAI | Produced transaction d23acd79-c0bc-48d1-ac3b-9960bbe6a7e2 to Kafka (1)
2026-09-08 21:07:57,512 | INFO | FraudShieldAI | Produced transaction cc9cd47a-3e60-4f6b-b8b7-d704dd23b3be to Kafka (2)
2026-09-08 21:07:59,553 | INFO | FraudShieldAI | Produced transaction 8690500a-5006-419b-8970-1c5d1d368ec5 to Kafka (3)
2026-09-08 21:08:01,592 | INFO | FraudShieldAI | Produced transaction cc855d21-dc98-4ad4-a601-a2f05f49da37 to Kafka (4)
2026-09-08 21:08:03,608 | INFO | FraudShieldAI | Produced transaction 9b2f6472-ded7-4edb-a192-bd39e13dba16 to Kafka (5)
2026-09-08 21:08:05,639 | INFO | FraudShieldAI | Produced transaction 93ebd123-5a5b-4b22-86a8-4f171f3cbdd6 to Kafka (6)
2026-09-08 21:08:07,664 | INFO | FraudShieldAI | Produced transaction 52e97bd4-7d12-44ef-b634-a675da450d4b to Kafka (7)
2026-09-08 21:08:09,665 | INFO | FraudShieldAI | Produced transaction 20bdfbe0-a48b-40a1-9fee-fa6334a4592e to Kafka (8)
2026-09-08 21:08:11,693 | INFO | FraudShieldAI | Produced transaction e15160af-3cdb-461f-940b-60b813e174fb to Kafka (9)
2026-09-08 21:08:13,730 | INFO | FraudShieldAI | Produced transaction 949846de-008d-467e-a27d-285ecc5c99db to Kafka (10)
2026-09-08 21:08:15,752 | INFO | FraudShieldAI | Produced transaction 91d95533-1180-486f-b28c-63bf1f4d4530 to Kafka (11)
2026-09-08 21:08:17,790 | INFO | FraudShieldAI | Produced transaction da2f5f10-6cc6-4e36-8b37-1ea0fa934915 to Kafka (12)
2026-09-08 21:08:19,819 | INFO | FraudShieldAI | Produced transaction b4e385e9-5a83-41eb-99de-9ce01c4b0b5f to Kafka (13)
2026-09-08 21:08:21,860 | INFO | FraudShieldAI | Produced transaction 4b0f74e0-2aaa-4027-872e-fa709dd2311e to Kafka (14)
2026-09-08 21:08:23,753 | INFO | FraudShieldAI | Stopping Kafka streaming pipeline...
2026-09-08 21:08:23,755 | INFO | FraudShieldAI | Kafka producer loop cancelled.
2026-09-08 21:08:23,756 | INFO | FraudShieldAI | Kafka producer loop terminated. Produced=14
2026-09-08 21:08:23,767 | INFO | FraudShieldAI | Kafka streaming pipeline stopped.
2026-09-08 21:08:48,277 | INFO | FraudShieldAI | Closed MongoDB connection
2026-09-08 21:16:17,927 | INFO | FraudShieldAI | Connected to MongoDB
2026-09-08 21:42:45,200 | INFO | FraudShieldAI | Closed MongoDB connection
2026-09-08 21:43:12,315 | INFO | FraudShieldAI | Connected to MongoDB
2026-09-08 21:55:31,619 | INFO | FraudShieldAI | Closed MongoDB connection
2026-09-08 21:56:03,152 | INFO | FraudShieldAI | Connected to MongoDB
2026-09-08 22:48:11,824 | INFO | FraudShieldAI | Closed MongoDB connection
2026-09-08 23:17:48,063 | INFO | FraudShieldAI | Connected to MongoDB
2026-09-08 23:18:10,096 | INFO | FraudShieldAI | Kafka consumer start result: {'started': True, 'message': 'Kafka consumer started successfully.'}
2026-09-08 23:18:10,097 | INFO | FraudShieldAI | Kafka streaming pipeline started.
2026-09-08 23:18:10,175 | INFO | FraudShieldAI | Kafka producer initialized successfully.
2026-09-08 23:18:10,183 | INFO | FraudShieldAI | Kafka producer loop started. interval=2.00s max_transactions=None
2026-09-08 23:18:10,380 | INFO | FraudShieldAI | Produced transaction 778d9d9e-9513-4c54-ac14-48e0e853595f to Kafka (1)
2026-09-08 23:18:12,415 | INFO | FraudShieldAI | Produced transaction 923c49d5-dcd9-45f9-9146-f6ccbb43b128 to Kafka (2)
2026-09-08 23:18:14,438 | INFO | FraudShieldAI | Produced transaction bace1e94-ce43-4b9d-9b85-100e9b16d8af to Kafka (3)
2026-09-08 23:18:16,466 | INFO | FraudShieldAI | Produced transaction dbe4a6a4-6370-4e1c-9a99-dd63865c45cf to Kafka (4)
2026-09-08 23:18:18,498 | INFO | FraudShieldAI | Produced transaction 6497f0ba-8ced-4f23-a622-1d688e1cc794 to Kafka (5)
2026-09-08 23:18:20,539 | INFO | FraudShieldAI | Produced transaction e4a94947-4eea-4fbb-9887-aa5422d40d93 to Kafka (6)
2026-09-08 23:18:22,572 | INFO | FraudShieldAI | Produced transaction e6960ed4-1f4f-4e4d-b6af-60a6a551567b to Kafka (7)
2026-09-08 23:18:24,599 | INFO | FraudShieldAI | Produced transaction 3580187a-bece-4a03-90f9-17f962b45d64 to Kafka (8)
2026-09-08 23:18:26,619 | INFO | FraudShieldAI | Produced transaction 5c54b02a-5d37-4ade-a8fd-011b408b3260 to Kafka (9)
2026-09-08 23:18:28,649 | INFO | FraudShieldAI | Produced transaction d44330e5-ee00-4e03-91e1-fd0f8619dfa8 to Kafka (10)
2026-09-08 23:18:30,657 | INFO | FraudShieldAI | Produced transaction 2ad13297-632d-4ee0-be4a-07839d32b4e0 to Kafka (11)
2026-09-08 23:18:32,664 | INFO | FraudShieldAI | Produced transaction 8bc16bbc-c803-410e-87f6-9f8bac5c7cc6 to Kafka (12)
2026-09-08 23:18:34,694 | INFO | FraudShieldAI | Produced transaction 1e4cccdc-4b5e-424c-96aa-f380fbe2433e to Kafka (13)
2026-09-08 23:18:36,721 | INFO | FraudShieldAI | Produced transaction ab2219ac-7774-486e-a476-0d509589bfc1 to Kafka (14)
2026-09-08 23:18:38,753 | INFO | FraudShieldAI | Produced transaction dc18e55b-eabc-4ab6-af83-4aa24fb8aad0 to Kafka (15)
2026-09-08 23:18:40,783 | INFO | FraudShieldAI | Produced transaction ae9b90c9-87f7-41c7-9fd4-11d5ce4cb5a1 to Kafka (16)
2026-09-08 23:18:42,794 | INFO | FraudShieldAI | Produced transaction f468c50c-b2b5-4845-b78b-a5cbf0991957 to Kafka (17)
2026-09-08 23:18:44,790 | INFO | FraudShieldAI | Produced transaction 7d23d4c7-3195-45ab-93e9-39a79662ad17 to Kafka (18)
2026-09-08 23:18:46,820 | INFO | FraudShieldAI | Produced transaction af96f970-e9f6-4284-814b-f0bf84d61ccc to Kafka (19)
2026-09-08 23:18:48,841 | INFO | FraudShieldAI | Produced transaction 5c7aa060-dd8a-4f59-81c6-5bc7c89a715c to Kafka (20)
2026-09-08 23:18:50,866 | INFO | FraudShieldAI | Produced transaction 259db776-d4ff-4328-a174-626a57c7aa55 to Kafka (21)
2026-09-08 23:18:52,896 | INFO | FraudShieldAI | Produced transaction 416689ae-6dd9-4311-b5f6-a9c4f02aafad to Kafka (22)
2026-09-08 23:18:54,920 | INFO | FraudShieldAI | Produced transaction 88c57f42-eb5b-40ab-bd15-e6662d9db0ec to Kafka (23)
2026-09-08 23:18:56,941 | INFO | FraudShieldAI | Produced transaction fc8aef57-ca48-40a7-97c3-26b0f01df085 to Kafka (24)
2026-09-08 23:18:58,962 | INFO | FraudShieldAI | Produced transaction a1d07cf5-94a3-47ff-ba54-04b05fbfa4cf to Kafka (25)
2026-09-08 23:19:00,989 | INFO | FraudShieldAI | Produced transaction d1c2d5a4-0da1-4e43-96ab-f28d42424b2b to Kafka (26)
2026-09-08 23:19:03,002 | INFO | FraudShieldAI | Produced transaction 513f075d-f36a-4c90-8efe-affbed89c3af to Kafka (27)
2026-09-08 23:19:05,031 | INFO | FraudShieldAI | Produced transaction 80d05708-ecc2-46d3-852b-4fc332ed8e74 to Kafka (28)
2026-09-08 23:19:05,998 | INFO | FraudShieldAI | Stopping Kafka streaming pipeline...
2026-09-08 23:19:05,999 | INFO | FraudShieldAI | Kafka producer loop cancelled.
2026-09-08 23:19:06,000 | INFO | FraudShieldAI | Kafka producer loop terminated. Produced=28
2026-09-08 23:19:06,005 | INFO | FraudShieldAI | Kafka streaming pipeline stopped.
2026-09-08 23:20:20,406 | INFO | FraudShieldAI | Closed MongoDB connection
2026-09-08 23:28:26,332 | INFO | FraudShieldAI | Connected to MongoDB
2026-09-08 23:30:53,776 | INFO | FraudShieldAI | Closed MongoDB connection
2026-09-08 23:31:06,240 | INFO | FraudShieldAI | Connected to MongoDB
2026-09-08 23:31:17,138 | INFO | FraudShieldAI | Closed MongoDB connection
2026-09-08 23:31:23,005 | INFO | FraudShieldAI | Connected to MongoDB
2026-09-08 23:31:51,128 | INFO | FraudShieldAI | Closed MongoDB connection
2026-09-08 23:40:32,328 | INFO | FraudShieldAI | Connected to MongoDB
2026-09-08 23:40:59,052 | INFO | FraudShieldAI | Kafka consumer start result: {'started': True, 'message': 'Kafka consumer started successfully.'}
2026-09-08 23:40:59,057 | INFO | FraudShieldAI | Kafka streaming pipeline started.
2026-09-08 23:40:59,177 | INFO | FraudShieldAI | Kafka producer initialized successfully.
2026-09-08 23:40:59,178 | INFO | FraudShieldAI | Kafka producer loop started. interval=2.00s max_transactions=None
2026-09-08 23:40:59,390 | INFO | FraudShieldAI | Produced transaction 6194da5e-8497-45fe-9361-a512bd2b665f to Kafka (1)
2026-09-08 23:41:01,412 | INFO | FraudShieldAI | Produced transaction 868402a1-f639-4104-9ce2-464356fab753 to Kafka (2)
2026-09-08 23:41:03,464 | INFO | FraudShieldAI | Produced transaction 7f65ddf4-ea74-4e3c-b0bc-7f48ec82a001 to Kafka (3)
2026-09-08 23:41:06,613 | INFO | FraudShieldAI | Produced transaction 3c87067e-7a7f-4b9a-a4f2-b68b743b0325 to Kafka (4)
2026-09-08 23:41:08,643 | INFO | FraudShieldAI | Produced transaction 5989f01e-f3bb-4df4-bfa7-bc42d2a15ebd to Kafka (5)
2026-09-08 23:41:10,666 | INFO | FraudShieldAI | Produced transaction 1f5175ba-8fb1-47f4-b173-6b85aa2799c0 to Kafka (6)
2026-09-08 23:41:12,712 | INFO | FraudShieldAI | Produced transaction 26b8b5df-02d7-4cf8-991b-a06bf595d5e4 to Kafka (7)
2026-09-08 23:41:14,736 | INFO | FraudShieldAI | Produced transaction 95cdd4da-c6b4-4a6b-acdf-198c9d6913f1 to Kafka (8)
2026-09-08 23:41:16,774 | INFO | FraudShieldAI | Produced transaction 02745f62-233a-497c-aa16-49871860ab5c to Kafka (9)
2026-09-08 23:41:18,811 | INFO | FraudShieldAI | Produced transaction 217b91a2-94a7-438f-8c14-1f2854e2d75a to Kafka (10)
2026-09-08 23:41:20,829 | INFO | FraudShieldAI | Produced transaction bb96b3bc-c8a2-4d9b-8ca6-78d7a1f46729 to Kafka (11)
2026-09-08 23:41:22,840 | INFO | FraudShieldAI | Produced transaction c32e86b4-d86d-487c-8505-64ce055638fc to Kafka (12)
2026-09-08 23:41:24,873 | INFO | FraudShieldAI | Produced transaction 8988be3b-d888-40c6-9c52-2c1680593209 to Kafka (13)
2026-09-08 23:41:26,904 | INFO | FraudShieldAI | Produced transaction e0fff3a9-b9e4-4b2d-b257-6947ebb47301 to Kafka (14)
2026-09-08 23:41:28,929 | INFO | FraudShieldAI | Produced transaction 97ce80bc-333b-4f7f-9e84-ad898dfee20a to Kafka (15)
2026-09-08 23:41:31,146 | INFO | FraudShieldAI | Produced transaction 122aef0a-99b0-4ec9-b927-d4573835b1df to Kafka (16)
2026-09-08 23:41:33,166 | INFO | FraudShieldAI | Produced transaction 9c2f1ae9-42c2-430d-b438-9838854f269c to Kafka (17)
2026-09-08 23:41:35,209 | INFO | FraudShieldAI | Produced transaction 761ab1a4-42cc-4f70-8c1c-3e44f711bf78 to Kafka (18)
2026-09-08 23:41:37,244 | INFO | FraudShieldAI | Produced transaction fea402a1-91c5-4c47-96ad-ee06a38151d9 to Kafka (19)
2026-09-08 23:41:39,261 | INFO | FraudShieldAI | Produced transaction 8b4ccd0a-6e39-47ef-a8d0-9584c2c38cfd to Kafka (20)
2026-09-08 23:41:41,690 | INFO | FraudShieldAI | Produced transaction 5ba54520-5ce3-406d-8c9d-9a8e2eb5e321 to Kafka (21)
2026-09-08 23:41:43,790 | INFO | FraudShieldAI | Produced transaction cb9ab92f-587d-494b-bd3b-2075d39a66f3 to Kafka (22)
2026-09-08 23:41:45,818 | INFO | FraudShieldAI | Produced transaction f7d95f97-d57f-4973-b722-b13f46d0dd90 to Kafka (23)
2026-09-08 23:41:47,836 | INFO | FraudShieldAI | Produced transaction 7fb24da4-6f1a-44de-9617-1f11e262764d to Kafka (24)
2026-09-08 23:41:49,960 | INFO | FraudShieldAI | Produced transaction e8391a0c-1384-4694-b51e-2482485b4b15 to Kafka (25)
2026-09-08 23:41:51,972 | INFO | FraudShieldAI | Produced transaction 5a5e196f-278e-4ed4-a896-30711f251b97 to Kafka (26)
2026-09-08 23:41:54,071 | INFO | FraudShieldAI | Produced transaction 58812c89-2450-4642-834a-56f3ad1e15cc to Kafka (27)
2026-09-08 23:41:56,085 | INFO | FraudShieldAI | Produced transaction d99857fd-c794-4dc5-8a8e-7d20e3d47ff1 to Kafka (28)
2026-09-08 23:41:58,107 | INFO | FraudShieldAI | Produced transaction 4a94fbe6-a37b-47fc-84fc-a1d9bcee7652 to Kafka (29)
2026-09-08 23:42:00,125 | INFO | FraudShieldAI | Produced transaction ab084bf3-91d2-4c71-8298-45f17a92bdba to Kafka (30)
2026-09-08 23:42:02,134 | INFO | FraudShieldAI | Produced transaction 992d612e-237f-4e7d-a2c5-e8d7c64bc633 to Kafka (31)
2026-09-08 23:42:04,352 | INFO | FraudShieldAI | Produced transaction 1d335aa3-8d9e-4c08-b9e9-0b1885c5f523 to Kafka (32)
2026-09-08 23:42:06,584 | INFO | FraudShieldAI | Produced transaction bb37396a-7cf7-4384-85e2-ac7f993c3cfc to Kafka (33)
2026-09-08 23:42:08,595 | INFO | FraudShieldAI | Produced transaction 8c4d9801-832d-4129-baf4-2b5e67aba8ef to Kafka (34)
2026-09-08 23:42:10,604 | INFO | FraudShieldAI | Produced transaction f3d90b85-3f8d-432a-8657-b1d8c2f960ec to Kafka (35)
2026-09-08 23:42:12,664 | INFO | FraudShieldAI | Produced transaction 6d2cc7fa-2680-4d1b-8868-f4ae276fc174 to Kafka (36)
2026-09-08 23:42:14,949 | INFO | FraudShieldAI | Produced transaction 89d0beb1-d7b7-4460-ad0f-820d54327669 to Kafka (37)
2026-09-08 23:42:18,548 | INFO | FraudShieldAI | Produced transaction 79c50f36-c85f-4bf7-b12f-00a24262c7ff to Kafka (38)
2026-09-08 23:42:20,599 | INFO | FraudShieldAI | Produced transaction e1ea1af4-a7d6-42f9-a8a1-d677dab8d5d4 to Kafka (39)
2026-09-08 23:42:22,664 | INFO | FraudShieldAI | Produced transaction e9fb3672-8c51-465c-85ea-d9d1832ed8f8 to Kafka (40)
2026-09-08 23:42:25,739 | INFO | FraudShieldAI | Produced transaction 2f8ac934-8364-4996-b4a8-d57113666676 to Kafka (41)
2026-09-08 23:42:27,806 | INFO | FraudShieldAI | Produced transaction 2ba1a609-500a-4cbc-ab0f-e416d6e295dd to Kafka (42)
2026-09-08 23:42:29,823 | INFO | FraudShieldAI | Produced transaction 94996238-fe18-4a16-bcbb-e404ba6201ae to Kafka (43)
2026-09-08 23:42:31,840 | INFO | FraudShieldAI | Produced transaction 07d3d110-97dd-46ef-b7c2-c9c3f01f28b2 to Kafka (44)
2026-09-08 23:42:33,859 | INFO | FraudShieldAI | Produced transaction 9fd74003-2f3b-4e12-87bc-c312f6e55057 to Kafka (45)
2026-09-08 23:42:35,870 | INFO | FraudShieldAI | Produced transaction f2620903-6ceb-4f58-9eac-8c8397cb9f44 to Kafka (46)
2026-09-08 23:42:37,883 | INFO | FraudShieldAI | Produced transaction a47aafa4-25e2-4fe1-bc91-0812deaeb97b to Kafka (47)
2026-09-08 23:42:39,902 | INFO | FraudShieldAI | Produced transaction fb40b210-beea-4dad-af33-05483d2eb714 to Kafka (48)
2026-09-08 23:42:41,937 | INFO | FraudShieldAI | Produced transaction 8b6b0d67-ce36-43f2-8b0a-6f9d2d2836e0 to Kafka (49)
2026-09-08 23:42:43,964 | INFO | FraudShieldAI | Produced transaction cf5a75b6-755c-46a2-b3bc-2a185116befb to Kafka (50)
2026-09-08 23:42:45,983 | INFO | FraudShieldAI | Produced transaction c644e0f2-3077-47b5-85d2-54da25c19259 to Kafka (51)
2026-09-08 23:42:48,010 | INFO | FraudShieldAI | Produced transaction a88d2754-a9d6-49ca-ae07-abdc106d24cf to Kafka (52)
2026-09-08 23:42:50,029 | INFO | FraudShieldAI | Produced transaction 6a250532-a4fb-4c90-b3e2-1048b512d8f4 to Kafka (53)
2026-09-08 23:42:52,069 | INFO | FraudShieldAI | Produced transaction 51414ea5-48c9-43fa-bbca-34655316cd7c to Kafka (54)
2026-09-08 23:42:54,101 | INFO | FraudShieldAI | Produced transaction db32ab44-ebb3-449c-8bba-4ac476c20924 to Kafka (55)
2026-09-08 23:42:56,118 | INFO | FraudShieldAI | Produced transaction ce57530c-d973-4691-a015-0b09497bb2fd to Kafka (56)
2026-09-08 23:42:58,131 | INFO | FraudShieldAI | Produced transaction 8365bd54-24d1-4d38-a700-4f4ba86b3c12 to Kafka (57)
2026-09-08 23:43:00,164 | INFO | FraudShieldAI | Produced transaction f3a06821-0477-4f41-b53e-0c23bcbda859 to Kafka (58)
2026-09-08 23:43:02,198 | INFO | FraudShieldAI | Produced transaction 26cb27d5-f09f-4a95-98e9-86262e04ccce to Kafka (59)
2026-09-08 23:43:04,216 | INFO | FraudShieldAI | Produced transaction 0769e414-106b-4f1b-aa6e-3ddc66f32671 to Kafka (60)
2026-09-08 23:43:06,223 | INFO | FraudShieldAI | Produced transaction ca2e6707-5851-4eb1-97b5-2ad50b08d7ef to Kafka (61)
2026-09-08 23:43:08,230 | INFO | FraudShieldAI | Produced transaction be7beef1-2fae-4ecd-90d1-816af8adf66f to Kafka (62)
2026-09-08 23:43:10,255 | INFO | FraudShieldAI | Produced transaction f13a5e07-bb45-4e3d-9c2f-39d996c5b028 to Kafka (63)
2026-09-08 23:43:12,292 | INFO | FraudShieldAI | Produced transaction 6ad21766-68ea-4542-b53f-3cafd0ec15a3 to Kafka (64)
2026-09-08 23:43:14,324 | INFO | FraudShieldAI | Produced transaction 85d26b30-a672-4c10-8af8-0da25a8bded3 to Kafka (65)
2026-09-08 23:43:16,359 | INFO | FraudShieldAI | Produced transaction a0307200-2877-44f6-825e-3bb3784552ae to Kafka (66)
2026-09-08 23:43:18,375 | INFO | FraudShieldAI | Produced transaction 9d1670f4-b24b-40af-a850-fbd12d6f6bfd to Kafka (67)
2026-09-08 23:43:20,383 | INFO | FraudShieldAI | Produced transaction ca577c9d-e30b-4ec4-a33f-465b9e799efe to Kafka (68)
2026-09-08 23:43:22,403 | INFO | FraudShieldAI | Produced transaction 5087008b-cbde-4278-8b53-b7c13f2f64c7 to Kafka (69)
2026-09-08 23:43:24,425 | INFO | FraudShieldAI | Produced transaction 1b2869cc-b1dc-42d5-81f6-f8a3edd34851 to Kafka (70)
2026-09-08 23:43:26,431 | INFO | FraudShieldAI | Produced transaction 3faf6aca-6941-4805-b9bf-024e3b94b070 to Kafka (71)
2026-09-08 23:43:28,452 | INFO | FraudShieldAI | Produced transaction 635aa155-bc39-4829-ab0f-fb25dd5de984 to Kafka (72)
2026-09-08 23:43:30,466 | INFO | FraudShieldAI | Produced transaction a1b5a087-3375-4476-b8aa-1f75d2f69bf4 to Kafka (73)
2026-09-08 23:43:32,473 | INFO | FraudShieldAI | Produced transaction 52cc9fe6-d0dc-489d-98d5-3ec4592ec4a1 to Kafka (74)
2026-09-08 23:43:34,494 | INFO | FraudShieldAI | Produced transaction f93605b5-4317-420f-9d1b-e7b9dd64ba2c to Kafka (75)
2026-09-08 23:43:36,518 | INFO | FraudShieldAI | Produced transaction b482ff64-d2b8-4eb2-a4f2-9e040f66b991 to Kafka (76)
2026-09-08 23:43:38,547 | INFO | FraudShieldAI | Produced transaction 4aa55f51-e670-473a-a778-0ed649093ccb to Kafka (77)
2026-09-08 23:43:40,565 | INFO | FraudShieldAI | Produced transaction 095bf7fa-9366-4876-9dbe-24e4de0520ae to Kafka (78)
2026-09-08 23:43:42,562 | INFO | FraudShieldAI | Produced transaction 18874f96-a763-417d-b782-3c6bcab27fdc to Kafka (79)
2026-09-08 23:43:44,583 | INFO | FraudShieldAI | Produced transaction 7ba0d441-bfd1-4fd4-a67c-6ac4208bc2cc to Kafka (80)
2026-09-08 23:43:46,625 | INFO | FraudShieldAI | Produced transaction 675510f1-0acb-400c-a8f8-d115db841b14 to Kafka (81)
2026-09-08 23:43:48,975 | INFO | FraudShieldAI | Produced transaction b3eb3421-1eb0-4beb-b8df-07346bbc00fd to Kafka (82)
2026-09-08 23:43:51,020 | INFO | FraudShieldAI | Produced transaction 2e558676-853d-4d46-a97e-c1baa005ee8b to Kafka (83)
2026-09-08 23:43:53,037 | INFO | FraudShieldAI | Produced transaction f4c39ad2-19f4-404a-9a4b-6ef8b3294b85 to Kafka (84)
2026-09-08 23:43:55,058 | INFO | FraudShieldAI | Produced transaction 578d4829-feab-40fe-b9bf-58d2b24c6043 to Kafka (85)
2026-09-08 23:43:57,082 | INFO | FraudShieldAI | Produced transaction 8d13f650-f473-4499-a7ee-f0046ba819aa to Kafka (86)
2026-09-08 23:43:59,108 | INFO | FraudShieldAI | Produced transaction 913f40fc-703e-411f-812a-2b612dcaa1c5 to Kafka (87)
2026-09-08 23:44:01,119 | INFO | FraudShieldAI | Produced transaction ae7315af-3181-48e1-8ff9-0325f7c210e4 to Kafka (88)
2026-09-08 23:44:03,123 | INFO | FraudShieldAI | Produced transaction b6e37b32-64c1-489f-8b85-c3f438c8f329 to Kafka (89)
2026-09-08 23:44:05,140 | INFO | FraudShieldAI | Produced transaction b7b0d050-522a-4ba3-9d26-8cb6948e1b39 to Kafka (90)
2026-09-08 23:44:07,146 | INFO | FraudShieldAI | Produced transaction 203c5b48-4d98-4895-946f-0124475583a3 to Kafka (91)
2026-09-08 23:44:09,178 | INFO | FraudShieldAI | Produced transaction 45fb6627-ed33-4f6c-9144-5adfee897efc to Kafka (92)
2026-09-08 23:44:11,199 | INFO | FraudShieldAI | Produced transaction 42262d3e-256d-4870-9a5b-fbf3c4285d1a to Kafka (93)
2026-09-08 23:44:13,204 | INFO | FraudShieldAI | Produced transaction fac82676-885a-4148-86dc-686d7122d4b4 to Kafka (94)
2026-09-08 23:44:15,204 | INFO | FraudShieldAI | Produced transaction 37bfdd2c-201d-40a5-ab83-0562ed82461c to Kafka (95)
2026-09-08 23:44:17,220 | INFO | FraudShieldAI | Produced transaction 778f51b9-efd8-4d68-84fe-4bb88bb19a78 to Kafka (96)
2026-09-08 23:44:19,242 | INFO | FraudShieldAI | Produced transaction 8f16c825-8f73-43c3-bd1b-fbd24cd7bcdc to Kafka (97)
2026-09-08 23:44:21,277 | INFO | FraudShieldAI | Produced transaction d52bf906-b744-42dc-9c0a-d75db30a3f5d to Kafka (98)
2026-09-08 23:44:23,301 | INFO | FraudShieldAI | Produced transaction e477bc9c-62a8-42bd-9e69-dfa601f4f737 to Kafka (99)
2026-09-08 23:44:25,306 | INFO | FraudShieldAI | Produced transaction 5a7fa6a4-a408-4e3a-99f0-2fb38e60d057 to Kafka (100)
2026-09-08 23:44:27,338 | INFO | FraudShieldAI | Produced transaction 877e582f-918d-47a9-a245-88d5e438e7df to Kafka (101)
2026-09-08 23:44:29,349 | INFO | FraudShieldAI | Produced transaction 75938d78-f58c-4703-b7f6-5f168b747894 to Kafka (102)
2026-09-08 23:44:31,378 | INFO | FraudShieldAI | Produced transaction 60b3926f-3c2f-44be-ae35-f4a14799e9da to Kafka (103)
2026-09-08 23:44:33,377 | INFO | FraudShieldAI | Produced transaction 82b06148-c5cd-401f-8dcc-2e4534fa01b2 to Kafka (104)
2026-09-08 23:44:35,391 | INFO | FraudShieldAI | Produced transaction 7e9b3a5e-7a20-428d-8cb6-8ef4d26cb4b9 to Kafka (105)
2026-09-08 23:44:37,417 | INFO | FraudShieldAI | Produced transaction 8e71f5a5-7b39-4dd2-971a-d25b85ca75d6 to Kafka (106)
2026-09-08 23:44:39,437 | INFO | FraudShieldAI | Produced transaction e28ae29b-9e69-4538-a9e7-f22e24fae975 to Kafka (107)
2026-09-08 23:44:41,448 | INFO | FraudShieldAI | Produced transaction d131f092-9287-43f3-aed9-5e15910ac74d to Kafka (108)
2026-09-08 23:44:43,467 | INFO | FraudShieldAI | Produced transaction af148f36-122a-41a3-8126-648822b91777 to Kafka (109)
2026-09-08 23:44:45,484 | INFO | FraudShieldAI | Produced transaction df7f2b54-6d71-49f2-804d-2b16f4294266 to Kafka (110)
2026-09-08 23:44:47,497 | INFO | FraudShieldAI | Produced transaction 25a5197f-d649-47ec-8e69-13b340e1328b to Kafka (111)
2026-09-08 23:44:49,524 | INFO | FraudShieldAI | Produced transaction 59773711-5fa5-46bf-a9ed-e5bda90017cd to Kafka (112)
2026-09-08 23:44:51,562 | INFO | FraudShieldAI | Produced transaction b38e73a7-a944-41ed-9fbb-717a9467f2d3 to Kafka (113)
2026-09-08 23:44:53,590 | INFO | FraudShieldAI | Produced transaction 45cddd16-0a11-41e3-ba4f-d1636ad1e0c5 to Kafka (114)
2026-09-08 23:44:55,598 | INFO | FraudShieldAI | Produced transaction 9acaae7f-9a42-475b-a2af-229c8b1e3ba8 to Kafka (115)
2026-09-08 23:44:57,602 | INFO | FraudShieldAI | Produced transaction 49fbf8e2-c5f0-47ee-ba62-2bb5c63bf664 to Kafka (116)
2026-09-08 23:44:59,620 | INFO | FraudShieldAI | Produced transaction 253cfe7a-8300-4c75-924b-d5f11296fa9c to Kafka (117)
2026-09-08 23:45:01,639 | INFO | FraudShieldAI | Produced transaction e5f742de-12ba-499d-a755-4bf929642dc3 to Kafka (118)
2026-09-08 23:45:03,651 | INFO | FraudShieldAI | Produced transaction f82652a8-e9a8-4f4c-b67f-7a07cf7367f2 to Kafka (119)
2026-09-08 23:45:05,668 | INFO | FraudShieldAI | Produced transaction d6c85b4e-df14-4400-bf4d-64cdb4745f9c to Kafka (120)
2026-09-08 23:45:07,684 | INFO | FraudShieldAI | Produced transaction f7ef4ca4-9686-432d-8921-44548feadc42 to Kafka (121)
2026-09-08 23:45:10,003 | INFO | FraudShieldAI | Produced transaction 469721ca-bcbf-4b25-9dcc-01d40b775460 to Kafka (122)
2026-09-08 23:45:12,023 | INFO | FraudShieldAI | Produced transaction 5926fdc2-7e81-40c1-bcb8-2815552932bc to Kafka (123)
2026-09-08 23:45:14,057 | INFO | FraudShieldAI | Produced transaction 3da3f341-caa5-45e6-8cb9-b1bfeed05e9e to Kafka (124)
2026-09-08 23:45:16,090 | INFO | FraudShieldAI | Produced transaction 437afba7-ba7d-4ec8-968c-52a34271a3e8 to Kafka (125)
2026-09-08 23:45:18,100 | INFO | FraudShieldAI | Produced transaction b9353d39-4a1d-4b2d-9175-449d7fe316a5 to Kafka (126)
2026-09-08 23:45:20,114 | INFO | FraudShieldAI | Produced transaction 441c4233-4706-473c-a1fb-47ea5c52888a to Kafka (127)
2026-09-08 23:45:22,135 | INFO | FraudShieldAI | Produced transaction 3ba65ffe-1d04-4fed-92f3-9d85fdfbc51b to Kafka (128)
2026-09-08 23:45:24,169 | INFO | FraudShieldAI | Produced transaction 5e8e8731-1280-44f2-b02d-5b744703fbee to Kafka (129)
2026-09-08 23:45:26,191 | INFO | FraudShieldAI | Produced transaction 05e686a6-cb23-4c4e-a989-e1e660ab1d7a to Kafka (130)
2026-09-08 23:45:28,210 | INFO | FraudShieldAI | Produced transaction 28aea4a8-09dd-4160-85d6-42a9cab6e9d1 to Kafka (131)
2026-09-08 23:45:30,229 | INFO | FraudShieldAI | Produced transaction 8339009a-fa1c-4783-9a2e-5ef74f428ca4 to Kafka (132)
2026-09-08 23:45:32,252 | INFO | FraudShieldAI | Produced transaction 191a0638-aea5-4423-a51b-653cefe36e84 to Kafka (133)
2026-09-08 23:45:34,270 | INFO | FraudShieldAI | Produced transaction b14df816-adcd-4d6b-9144-c5b91db3d3c6 to Kafka (134)
2026-09-08 23:45:36,298 | INFO | FraudShieldAI | Produced transaction 316bc7b4-96a4-45ca-afe1-293222a442b6 to Kafka (135)
2026-09-08 23:45:38,344 | INFO | FraudShieldAI | Produced transaction f76de7b5-6854-42ec-9052-fc4706af741a to Kafka (136)
2026-09-08 23:45:40,345 | INFO | FraudShieldAI | Produced transaction 550e79fc-429e-4e2e-aa62-ca5bfba3acf9 to Kafka (137)
2026-09-08 23:45:42,381 | INFO | FraudShieldAI | Produced transaction 5c7c6af0-aa3c-44d0-bc76-93e22b6d2170 to Kafka (138)
2026-09-08 23:45:44,407 | INFO | FraudShieldAI | Produced transaction 5467b7b2-4019-4f15-938b-1e1127a5cc68 to Kafka (139)
2026-09-08 23:45:46,418 | INFO | FraudShieldAI | Produced transaction 1a4c512c-5aa0-4191-9ce9-b20b4dda36b2 to Kafka (140)
2026-09-08 23:45:48,436 | INFO | FraudShieldAI | Produced transaction 7a1a174c-2c0a-4827-83c4-aa76580d28c3 to Kafka (141)
2026-09-08 23:45:50,467 | INFO | FraudShieldAI | Produced transaction b45853a8-167a-44ef-b585-2fe52344d2a7 to Kafka (142)
2026-09-08 23:45:52,490 | INFO | FraudShieldAI | Produced transaction d32f8e2b-385b-4573-9004-28663124c48b to Kafka (143)
2026-09-08 23:45:54,511 | INFO | FraudShieldAI | Produced transaction a70e8a3f-38d4-4a0b-aa20-6d20e2bd656d to Kafka (144)
2026-09-08 23:45:56,540 | INFO | FraudShieldAI | Produced transaction b95c7304-c093-4d74-893f-6b064587db80 to Kafka (145)
2026-09-08 23:45:58,576 | INFO | FraudShieldAI | Produced transaction 565b8176-e0ab-4332-90da-dc55510bf4ef to Kafka (146)
2026-09-08 23:46:00,622 | INFO | FraudShieldAI | Produced transaction eaaea066-81a6-4857-9840-3468683dbf16 to Kafka (147)
2026-09-08 23:46:02,645 | INFO | FraudShieldAI | Produced transaction e5d9f7c2-5787-4ab4-a832-2854ac30ac66 to Kafka (148)
2026-09-08 23:46:04,658 | INFO | FraudShieldAI | Produced transaction 3deacec9-8ab6-494e-bb34-e58a1f8b0052 to Kafka (149)
2026-09-08 23:46:06,679 | INFO | FraudShieldAI | Produced transaction 272150b4-21f7-474c-8f20-83593cc78c1b to Kafka (150)
2026-09-08 23:46:08,703 | INFO | FraudShieldAI | Produced transaction b2aac464-ff1f-4351-9b93-dbf9ccac8ae5 to Kafka (151)
2026-09-08 23:46:10,715 | INFO | FraudShieldAI | Produced transaction 15f0e659-0476-4883-b14c-c37065b06e4e to Kafka (152)
2026-09-08 23:46:12,745 | INFO | FraudShieldAI | Produced transaction be8a9107-bde2-4b85-a81a-ad2da41e7a63 to Kafka (153)
2026-09-08 23:46:14,746 | INFO | FraudShieldAI | Produced transaction 56c80aa8-6223-4a82-aafd-c1fc257ee132 to Kafka (154)
2026-09-08 23:46:16,755 | INFO | FraudShieldAI | Produced transaction f1f03c87-6ad8-4752-b9be-0106622ae753 to Kafka (155)
2026-09-08 23:46:18,761 | INFO | FraudShieldAI | Produced transaction 69cc8e36-7292-45ac-8ee3-06b737a3d8b6 to Kafka (156)
2026-09-08 23:46:20,815 | INFO | FraudShieldAI | Produced transaction 26c2e5af-47a7-4f6b-9e79-7f429fc00854 to Kafka (157)
2026-09-08 23:46:22,856 | INFO | FraudShieldAI | Produced transaction 5207d976-0963-4e4b-b7ba-15d03d93a489 to Kafka (158)
2026-09-08 23:46:24,887 | INFO | FraudShieldAI | Produced transaction a9215ebf-ba2c-4b62-b36a-0eea897c76b6 to Kafka (159)
2026-09-08 23:46:26,907 | INFO | FraudShieldAI | Produced transaction 6f1d0a81-681c-45d7-8013-dc985716e6f7 to Kafka (160)
2026-09-08 23:46:28,909 | INFO | FraudShieldAI | Produced transaction 7206e059-467c-48a6-be29-7471279a9ced to Kafka (161)
2026-09-08 23:46:30,914 | INFO | FraudShieldAI | Produced transaction 06d74ad7-1681-4cd3-963b-3ef2a9c6e1fd to Kafka (162)
2026-09-08 23:46:32,953 | INFO | FraudShieldAI | Produced transaction b10f5aa6-fdad-436a-b180-974738ee4d12 to Kafka (163)
2026-09-08 23:46:35,038 | INFO | FraudShieldAI | Produced transaction b31b68b5-027d-4792-b1d6-b9abb9d91269 to Kafka (164)
2026-09-08 23:46:37,066 | INFO | FraudShieldAI | Produced transaction de5984a4-3c66-468d-979d-a999d23d15d8 to Kafka (165)
2026-09-08 23:46:39,085 | INFO | FraudShieldAI | Produced transaction 517415be-2f98-4030-93de-20759cdf3576 to Kafka (166)
2026-09-08 23:46:41,108 | INFO | FraudShieldAI | Produced transaction 1c776af9-f9b4-4544-adda-22de7fb02a40 to Kafka (167)
2026-09-08 23:46:43,129 | INFO | FraudShieldAI | Produced transaction bea15bab-bb1a-45ea-b432-153675d4dbce to Kafka (168)
2026-09-08 23:46:45,137 | INFO | FraudShieldAI | Produced transaction 34aa4225-b10a-40fc-9685-8d5334bf8bee to Kafka (169)
2026-09-08 23:46:47,161 | INFO | FraudShieldAI | Produced transaction 23470294-13f3-4f88-8340-49563655e655 to Kafka (170)
2026-09-08 23:46:49,201 | INFO | FraudShieldAI | Produced transaction ee6bada8-ec47-45be-9981-7f497e9149d9 to Kafka (171)
2026-09-08 23:46:51,220 | INFO | FraudShieldAI | Produced transaction c62096ab-40e0-4862-945e-cf46e9100db0 to Kafka (172)
2026-09-08 23:46:53,218 | INFO | FraudShieldAI | Produced transaction 5954447b-c0ca-484d-97b6-efb0f2800151 to Kafka (173)
2026-09-08 23:46:55,232 | INFO | FraudShieldAI | Produced transaction 08a908c4-6e84-4889-8565-77bc45ad2a62 to Kafka (174)
2026-09-08 23:46:57,253 | INFO | FraudShieldAI | Produced transaction 41944a76-403c-454c-b4c0-7a144c83e03f to Kafka (175)
2026-09-08 23:46:59,261 | INFO | FraudShieldAI | Produced transaction 28e4c02f-87bf-4bef-aede-ea7ccf2ef356 to Kafka (176)
2026-09-08 23:47:01,281 | INFO | FraudShieldAI | Produced transaction e59a72aa-5506-4b6e-b797-8adccbeb16ff to Kafka (177)
2026-09-08 23:47:03,325 | INFO | FraudShieldAI | Produced transaction f29e625d-7891-4971-ba7c-7db06760e303 to Kafka (178)
2026-09-08 23:47:05,394 | INFO | FraudShieldAI | Produced transaction cc6cff2f-0cef-4c85-9f9a-4f93e7e614b8 to Kafka (179)
2026-09-08 23:47:07,430 | INFO | FraudShieldAI | Produced transaction 99389b0e-4976-42f4-a3b6-002cf34b2615 to Kafka (180)
2026-09-08 23:47:09,456 | INFO | FraudShieldAI | Produced transaction 75362d92-2d90-45b6-8cb2-01b8f22c6a2d to Kafka (181)
2026-09-08 23:47:11,446 | INFO | FraudShieldAI | Produced transaction 3edc3d4f-7f1a-4a37-b181-b99e0277d5ca to Kafka (182)
2026-09-08 23:47:13,469 | INFO | FraudShieldAI | Produced transaction a51bd3e2-1429-4eff-9a11-7cf143b0e7be to Kafka (183)
2026-09-08 23:47:15,528 | INFO | FraudShieldAI | Produced transaction eb8c7ad3-50ff-4bbf-bd88-4e916515cd09 to Kafka (184)
2026-09-08 23:47:17,554 | INFO | FraudShieldAI | Produced transaction 75205cea-cd1e-4c91-85b0-a8de4270d6a1 to Kafka (185)
2026-09-08 23:47:19,588 | INFO | FraudShieldAI | Produced transaction 949c6620-3558-4149-98f6-a71556008070 to Kafka (186)
2026-09-08 23:47:21,604 | INFO | FraudShieldAI | Produced transaction 0d5e3a9b-e82b-48fd-a3e8-f17852f322aa to Kafka (187)
2026-09-08 23:47:23,628 | INFO | FraudShieldAI | Produced transaction 686e536b-12c9-494e-b7aa-09913f2f1b8b to Kafka (188)
2026-09-08 23:47:25,629 | INFO | FraudShieldAI | Produced transaction 4132b74a-bdfc-4e86-b681-bee3acec81d6 to Kafka (189)
2026-09-08 23:47:27,643 | INFO | FraudShieldAI | Produced transaction b63bf909-438d-45ee-8a74-b9882d6c4b61 to Kafka (190)
2026-09-08 23:47:29,666 | INFO | FraudShieldAI | Produced transaction 20a2f7f0-daaa-4cdc-84ea-a5433c634f91 to Kafka (191)
2026-09-08 23:47:31,693 | INFO | FraudShieldAI | Produced transaction 67a8bbdf-1a1f-46d8-9479-33597d1616b4 to Kafka (192)
2026-09-08 23:47:33,714 | INFO | FraudShieldAI | Produced transaction 4178036f-876d-4de1-a0b4-0fe6e7d65d3f to Kafka (193)
2026-09-08 23:47:35,749 | INFO | FraudShieldAI | Produced transaction 07215b6b-56e2-41ea-b855-da05028ffbda to Kafka (194)
2026-09-08 23:47:37,759 | INFO | FraudShieldAI | Produced transaction 76d36fdf-8b19-43a8-a66c-dc3afb4dd45a to Kafka (195)
2026-09-08 23:47:39,782 | INFO | FraudShieldAI | Produced transaction 91e64a2d-5cac-40f3-963d-e945477abd90 to Kafka (196)
2026-09-08 23:47:41,797 | INFO | FraudShieldAI | Produced transaction 42129a57-4688-47e9-a995-6d4cc5d21771 to Kafka (197)
2026-09-08 23:47:43,805 | INFO | FraudShieldAI | Produced transaction 597b4d16-c831-49c1-a1e0-6590cbef255f to Kafka (198)
2026-09-08 23:47:45,824 | INFO | FraudShieldAI | Produced transaction 77ece049-7d10-422a-bcd9-67fbd63e022c to Kafka (199)
2026-09-08 23:47:47,840 | INFO | FraudShieldAI | Produced transaction 6ad99cdf-2ef9-4b2c-a19d-ff912029a371 to Kafka (200)
2026-09-08 23:47:49,871 | INFO | FraudShieldAI | Produced transaction 4efb39aa-193f-42a5-bb89-7d88a441dcdd to Kafka (201)
2026-09-08 23:47:51,876 | INFO | FraudShieldAI | Produced transaction 1dc58dff-423f-48ef-a8a3-74135e36fe83 to Kafka (202)
2026-09-08 23:47:53,880 | INFO | FraudShieldAI | Produced transaction 806d9381-2f4a-4e80-abd8-519840979b7d to Kafka (203)
2026-09-08 23:47:55,901 | INFO | FraudShieldAI | Produced transaction d13f5f56-3179-450f-9899-67a270b236e8 to Kafka (204)
2026-09-08 23:47:57,925 | INFO | FraudShieldAI | Produced transaction 71b15471-af89-4756-99e4-5b6ea4dbfe1d to Kafka (205)
2026-09-08 23:47:59,947 | INFO | FraudShieldAI | Produced transaction ca6077ed-0f6b-442d-9dc7-0e9311fcb6b1 to Kafka (206)
2026-09-08 23:48:01,972 | INFO | FraudShieldAI | Produced transaction 0c8baf89-e479-4156-b4eb-5d553f1d4f63 to Kafka (207)
2026-09-08 23:48:04,001 | INFO | FraudShieldAI | Produced transaction 5c88c1d4-d029-47ea-b7f1-0ebcd4dd8a80 to Kafka (208)
2026-09-08 23:48:06,075 | INFO | FraudShieldAI | Produced transaction f53086b4-1451-4b25-807a-a088c59f1af7 to Kafka (209)
2026-09-08 23:48:08,110 | INFO | FraudShieldAI | Produced transaction 623b0c85-9777-4d75-80c4-9460fc06d8b8 to Kafka (210)
2026-09-08 23:48:10,132 | INFO | FraudShieldAI | Produced transaction 35639b06-d5be-4feb-9718-fcc05c4785c5 to Kafka (211)
2026-09-08 23:48:12,149 | INFO | FraudShieldAI | Produced transaction bb782640-40ab-462f-86f0-a003bc227621 to Kafka (212)
2026-09-08 23:48:14,175 | INFO | FraudShieldAI | Produced transaction 81496469-8474-4ca3-884b-7589b33ea1bb to Kafka (213)
2026-09-08 23:48:16,198 | INFO | FraudShieldAI | Produced transaction 5289e5ed-6c19-4046-95b8-a790e064a004 to Kafka (214)
2026-09-08 23:48:18,230 | INFO | FraudShieldAI | Produced transaction a41af31a-c6eb-44b2-a6de-32bf23c9c0e3 to Kafka (215)
2026-09-08 23:48:20,255 | INFO | FraudShieldAI | Produced transaction e82ebde3-dc2b-4bfe-8969-4cf509c0b50a to Kafka (216)
2026-09-08 23:48:22,287 | INFO | FraudShieldAI | Produced transaction 350f77a8-9538-4514-8d17-d501f4aa9f81 to Kafka (217)
2026-09-08 23:48:24,280 | INFO | FraudShieldAI | Produced transaction 8c792b8d-c161-4f7f-be64-538abe9626ba to Kafka (218)
2026-09-08 23:48:26,307 | INFO | FraudShieldAI | Produced transaction feb1147a-5ecb-428c-8358-c4a11ea74e47 to Kafka (219)
2026-09-08 23:48:28,339 | INFO | FraudShieldAI | Produced transaction 0dae11c3-5af6-4c29-9c99-9fbb378b1d49 to Kafka (220)
2026-09-08 23:48:30,344 | INFO | FraudShieldAI | Produced transaction 28f6047e-13fa-40fa-b0f2-428afeae0a0e to Kafka (221)
2026-09-08 23:48:32,367 | INFO | FraudShieldAI | Produced transaction 7dffe523-8d95-4481-8b57-a07a8be27bc2 to Kafka (222)
2026-09-08 23:48:34,390 | INFO | FraudShieldAI | Produced transaction 13afeade-7048-4075-9c6c-6c7e38e0e30d to Kafka (223)
2026-09-08 23:48:36,414 | INFO | FraudShieldAI | Produced transaction b9ba9537-0ddc-4da0-b69e-96e27c332f64 to Kafka (224)
2026-09-08 23:48:38,413 | INFO | FraudShieldAI | Produced transaction 1cb30846-5bea-4dfe-854b-0cd95918ef9e to Kafka (225)
2026-09-08 23:48:40,429 | INFO | FraudShieldAI | Produced transaction fabf3d1b-f122-4e77-8491-0ae0901af510 to Kafka (226)
2026-09-08 23:48:42,447 | INFO | FraudShieldAI | Produced transaction 6da522f6-c755-4cec-8876-2333c2122764 to Kafka (227)
2026-09-08 23:48:44,472 | INFO | FraudShieldAI | Produced transaction 236b3c1c-2a86-4d11-968c-3e4165b08cb9 to Kafka (228)
2026-09-08 23:48:46,490 | INFO | FraudShieldAI | Produced transaction 5b459cb9-dfe6-4afb-a374-6da21dd5d5d7 to Kafka (229)
2026-09-08 23:48:48,498 | INFO | FraudShieldAI | Produced transaction d8898bf4-fa3e-4044-8aaf-b090832e8b3f to Kafka (230)
2026-09-08 23:48:50,512 | INFO | FraudShieldAI | Produced transaction 551b9cfb-7b67-47f6-9f47-5b953df89127 to Kafka (231)
2026-09-08 23:48:52,543 | INFO | FraudShieldAI | Produced transaction 97238185-4f76-4972-a7f2-ea699a9d0498 to Kafka (232)
2026-09-08 23:48:54,564 | INFO | FraudShieldAI | Produced transaction 329a1cf5-59a6-4f40-9784-93c745892546 to Kafka (233)
2026-09-08 23:48:56,565 | INFO | FraudShieldAI | Produced transaction 2c0816d8-c83f-4505-bc34-71affa90fa17 to Kafka (234)
2026-09-08 23:48:58,581 | INFO | FraudShieldAI | Produced transaction eccc2658-5b76-442b-9176-ac42090725ee to Kafka (235)
2026-09-08 23:49:00,588 | INFO | FraudShieldAI | Produced transaction a06544ce-4446-4747-bfb8-0031551ddf0d to Kafka (236)
2026-09-08 23:49:02,601 | INFO | FraudShieldAI | Produced transaction 1ad7620e-4884-42ac-92fe-a9e342ca1ebf to Kafka (237)
2026-09-08 23:49:04,613 | INFO | FraudShieldAI | Produced transaction b247a098-3a87-48f3-990b-dbf568bf17dd to Kafka (238)
2026-09-08 23:49:06,639 | INFO | FraudShieldAI | Produced transaction 1293946a-0dd3-4e8a-9635-f3e2c182dc66 to Kafka (239)
2026-09-08 23:49:08,659 | INFO | FraudShieldAI | Produced transaction 83cd2ba9-6be6-4499-9647-b0bac62e2470 to Kafka (240)
2026-09-08 23:49:10,689 | INFO | FraudShieldAI | Produced transaction ef5cf45f-e42a-4597-abba-e1b05f484803 to Kafka (241)
2026-09-08 23:49:12,687 | INFO | FraudShieldAI | Produced transaction b6deb843-45a5-4912-a7bf-99f5068a8e20 to Kafka (242)
2026-09-08 23:49:14,718 | INFO | FraudShieldAI | Produced transaction 089ae3a7-5ae2-4b5a-8146-20fc11226396 to Kafka (243)
2026-09-08 23:49:16,742 | INFO | FraudShieldAI | Produced transaction c5ce7b02-02b0-4c1d-b1ba-17de4d3a271e to Kafka (244)
2026-09-08 23:49:18,764 | INFO | FraudShieldAI | Produced transaction bc5abf43-81e5-48ff-b9e3-c09e14ec4c03 to Kafka (245)
2026-09-08 23:49:20,764 | INFO | FraudShieldAI | Produced transaction 6bb89e83-f02d-44f0-b83e-51fd7b7ca175 to Kafka (246)
2026-09-08 23:49:22,785 | INFO | FraudShieldAI | Produced transaction d0a70c59-74ad-47dd-b081-712927e63d76 to Kafka (247)
2026-09-08 23:49:24,808 | INFO | FraudShieldAI | Produced transaction f9687c2b-b613-42dc-b82a-2de1b517d510 to Kafka (248)
2026-09-08 23:49:26,830 | INFO | FraudShieldAI | Produced transaction 56a13a15-1b18-4ce8-a9dc-fe0f15151a7d to Kafka (249)
2026-09-08 23:49:28,831 | INFO | FraudShieldAI | Produced transaction 949f9b47-339d-40ff-9c59-c1041bdfa6c7 to Kafka (250)
2026-09-08 23:49:30,858 | INFO | FraudShieldAI | Produced transaction 00e1ad79-014e-42ea-9a6f-0021a608e751 to Kafka (251)
2026-09-08 23:49:32,871 | INFO | FraudShieldAI | Produced transaction c0fb697d-a440-4972-b131-4ef88abf42d0 to Kafka (252)
2026-09-08 23:49:34,880 | INFO | FraudShieldAI | Produced transaction 07dbe4d5-741c-4791-a490-1f5b3f0858dd to Kafka (253)
2026-09-08 23:49:36,910 | INFO | FraudShieldAI | Produced transaction bbaa9372-3e93-4abb-a1fe-37ac1997983d to Kafka (254)
2026-09-08 23:49:38,929 | INFO | FraudShieldAI | Produced transaction b5578a5e-c330-41b4-885c-b64a78cb27a5 to Kafka (255)
2026-09-08 23:49:40,970 | INFO | FraudShieldAI | Produced transaction 0e91e36a-aacb-4b96-a05d-403adaf54ecc to Kafka (256)
2026-09-08 23:49:42,976 | INFO | FraudShieldAI | Produced transaction 7bceb34c-da24-4614-90db-c1eed5765d74 to Kafka (257)
2026-09-08 23:49:44,999 | INFO | FraudShieldAI | Produced transaction 50cbef4a-ff42-418d-9cff-00f2fd485b56 to Kafka (258)
2026-09-08 23:49:47,022 | INFO | FraudShieldAI | Produced transaction 3f7f179d-356e-43b5-ae40-0676cf14cf16 to Kafka (259)
2026-09-08 23:49:49,052 | INFO | FraudShieldAI | Produced transaction febc29b1-e848-42c6-b904-036aefda9bee to Kafka (260)
2026-09-08 23:49:51,094 | INFO | FraudShieldAI | Produced transaction 32f93bee-3636-4b7f-85c2-e31960e5ae54 to Kafka (261)
2026-09-08 23:49:53,096 | INFO | FraudShieldAI | Produced transaction 96e36590-670e-4da2-9f00-5aaaa87645e8 to Kafka (262)
2026-09-08 23:49:55,126 | INFO | FraudShieldAI | Produced transaction b2d8eda6-0486-4313-9d15-7f6a81f2632c to Kafka (263)
2026-09-08 23:49:57,146 | INFO | FraudShieldAI | Produced transaction c0c1a246-cee4-4607-b5bb-3c51fd597142 to Kafka (264)
2026-09-08 23:49:59,184 | INFO | FraudShieldAI | Produced transaction 28a0a54b-6440-4b5b-816b-26ad8419924c to Kafka (265)
2026-09-08 23:50:01,214 | INFO | FraudShieldAI | Produced transaction 49f64620-bab8-4e6a-9745-9b9af42fcd6c to Kafka (266)
2026-09-08 23:50:03,223 | INFO | FraudShieldAI | Produced transaction cbab068c-b4f0-4744-81de-7813cfd0c31f to Kafka (267)
2026-09-08 23:50:05,249 | INFO | FraudShieldAI | Produced transaction 81d4ce35-724f-4882-9719-4da9a41de327 to Kafka (268)
2026-09-08 23:50:07,271 | INFO | FraudShieldAI | Produced transaction bd66fb32-29d0-4c85-bc27-a9a069c71350 to Kafka (269)
2026-09-08 23:50:09,308 | INFO | FraudShieldAI | Produced transaction 44425569-d1d0-4cb1-9b4e-bbd964dbaaf6 to Kafka (270)
2026-09-08 23:50:11,320 | INFO | FraudShieldAI | Produced transaction 62a932ee-9f46-474f-9609-b5544139a651 to Kafka (271)
2026-09-08 23:50:13,339 | INFO | FraudShieldAI | Produced transaction 2b0101e6-43d2-48d5-914a-871f2c60fd8c to Kafka (272)
2026-09-08 23:50:15,350 | INFO | FraudShieldAI | Produced transaction 6d3ffc25-c72f-4f49-8b15-03b1c0068856 to Kafka (273)
2026-09-08 23:50:17,373 | INFO | FraudShieldAI | Produced transaction 73712934-bcf9-4eea-9aaf-1bd793389efd to Kafka (274)
2026-09-08 23:50:19,361 | INFO | FraudShieldAI | Produced transaction f65a9dcf-30cc-4d85-8056-0f32d6fb323c to Kafka (275)
2026-09-08 23:50:21,367 | INFO | FraudShieldAI | Produced transaction e05aca24-58e4-4366-a5bc-ebbd9f69b2c4 to Kafka (276)
2026-09-08 23:50:23,401 | INFO | FraudShieldAI | Produced transaction adc5609b-83e7-44f0-b425-60611e68e67d to Kafka (277)
2026-09-08 23:50:25,431 | INFO | FraudShieldAI | Produced transaction e864549c-1e7f-4800-b7bf-d2004bc79b58 to Kafka (278)
2026-09-08 23:50:27,465 | INFO | FraudShieldAI | Produced transaction 264a1c58-5863-4e01-baf5-8ea562807f5a to Kafka (279)
2026-09-08 23:50:29,493 | INFO | FraudShieldAI | Produced transaction 0ed12935-69bc-4d81-8eeb-1a008e1ba66b to Kafka (280)
2026-09-08 23:50:31,511 | INFO | FraudShieldAI | Produced transaction ec4e7c53-65ae-4592-ab00-13bb82beec9d to Kafka (281)
2026-09-08 23:50:33,540 | INFO | FraudShieldAI | Produced transaction be2c6d80-95b9-44e0-a303-ff7d22d33623 to Kafka (282)
2026-09-08 23:50:35,553 | INFO | FraudShieldAI | Produced transaction 1288ec88-fe7c-439a-8fb9-be13b94eeeff to Kafka (283)
2026-09-08 23:50:37,593 | INFO | FraudShieldAI | Produced transaction 81b02715-5b28-4e38-b802-bb16391a1a3a to Kafka (284)
2026-09-08 23:50:39,613 | INFO | FraudShieldAI | Produced transaction b051c892-fa54-4cf8-b801-ea9605f539df to Kafka (285)
2026-09-08 23:50:41,629 | INFO | FraudShieldAI | Produced transaction c610f067-1704-41eb-869c-62e55452cec4 to Kafka (286)
2026-09-08 23:50:43,643 | INFO | FraudShieldAI | Produced transaction bea0ecba-612d-44ef-a774-d8922ba08e5d to Kafka (287)
2026-09-08 23:50:45,655 | INFO | FraudShieldAI | Produced transaction 1a6f5fcb-4e28-4d4c-903d-f0c21c691c5b to Kafka (288)
2026-09-08 23:50:47,676 | INFO | FraudShieldAI | Produced transaction 5c46b1f8-972b-4622-91b0-5d4fc479ac1c to Kafka (289)
2026-09-08 23:50:49,669 | INFO | FraudShieldAI | Produced transaction eb7c1254-8f03-41a8-85b1-0aacbcfb7ef0 to Kafka (290)
2026-09-08 23:50:51,656 | INFO | FraudShieldAI | Produced transaction 806aaac3-8480-40d2-aa22-a39a3d8412a8 to Kafka (291)
2026-09-08 23:50:53,678 | INFO | FraudShieldAI | Produced transaction 1de43584-17e2-4bff-af64-e0db156cd788 to Kafka (292)
2026-09-08 23:50:55,719 | INFO | FraudShieldAI | Produced transaction 7f961115-d650-49d4-b6ad-bad232b266ff to Kafka (293)
2026-09-08 23:50:57,725 | INFO | FraudShieldAI | Produced transaction 083eeb60-954a-4de9-a331-0a11a9888fd4 to Kafka (294)
2026-09-08 23:50:59,741 | INFO | FraudShieldAI | Produced transaction 41ddc8a2-94a1-42d9-8e1b-f96291d0f717 to Kafka (295)
2026-09-08 23:51:01,758 | INFO | FraudShieldAI | Produced transaction e0824241-95ee-4c2c-b125-7bc6f1c4df62 to Kafka (296)
2026-09-08 23:51:03,790 | INFO | FraudShieldAI | Produced transaction aa35a9b7-9efe-49bf-9b98-c413897ce74a to Kafka (297)
2026-09-08 23:51:05,811 | INFO | FraudShieldAI | Produced transaction 81aa4e6d-7c89-488f-990f-72b86289c45b to Kafka (298)
2026-09-08 23:51:07,837 | INFO | FraudShieldAI | Produced transaction 6f7bdd4e-7831-46d9-b377-eb02467ecf48 to Kafka (299)
2026-09-08 23:51:09,855 | INFO | FraudShieldAI | Produced transaction 1b4ab295-a6a1-401f-bd43-b0b919006b11 to Kafka (300)
2026-09-08 23:51:11,881 | INFO | FraudShieldAI | Produced transaction 6b76c3f9-3de9-4b8b-aa74-2580bdb72d51 to Kafka (301)
2026-09-08 23:51:13,906 | INFO | FraudShieldAI | Produced transaction 1b25dbf2-3d11-4f62-b09b-70a43a6d4c91 to Kafka (302)
2026-09-08 23:51:15,921 | INFO | FraudShieldAI | Produced transaction 2e3e2d96-88c0-4bd0-878f-72d6b01277d6 to Kafka (303)
2026-09-08 23:51:17,936 | INFO | FraudShieldAI | Produced transaction 38cf6fcc-f0ad-4dff-8edc-c4a2e44197aa to Kafka (304)
2026-09-08 23:51:19,937 | INFO | FraudShieldAI | Produced transaction f7ae297a-de96-4b4b-9555-66700d4af054 to Kafka (305)
2026-09-08 23:51:21,942 | INFO | FraudShieldAI | Produced transaction 32e4289b-2906-449c-acf6-a2db95e747c3 to Kafka (306)
2026-09-08 23:51:23,946 | INFO | FraudShieldAI | Produced transaction 31571210-28c7-4d03-b9d1-ba7aab94db1f to Kafka (307)
2026-09-08 23:51:25,953 | INFO | FraudShieldAI | Produced transaction 3b52512b-fc85-4bf8-ac0c-d857de2ae366 to Kafka (308)
2026-09-08 23:51:27,955 | INFO | FraudShieldAI | Produced transaction 0eb85dfa-7bb6-41b6-ab80-7670b95b8ef5 to Kafka (309)
2026-09-08 23:51:29,969 | INFO | FraudShieldAI | Produced transaction 06f90c87-9280-4785-9d91-067cfe9f1cba to Kafka (310)
2026-09-08 23:51:31,991 | INFO | FraudShieldAI | Produced transaction 27676b24-ad3a-4405-86fa-f3f6a58da313 to Kafka (311)
2026-09-08 23:51:34,024 | INFO | FraudShieldAI | Produced transaction e066e3b3-b39c-43a4-8a6a-1e526b4e6944 to Kafka (312)
2026-09-08 23:51:36,061 | INFO | FraudShieldAI | Produced transaction b41f0ab0-f584-4432-8d4f-1855e08af78c to Kafka (313)
2026-09-08 23:51:38,093 | INFO | FraudShieldAI | Produced transaction db5d5548-0c92-4587-8265-47669035fe21 to Kafka (314)
2026-09-08 23:51:40,118 | INFO | FraudShieldAI | Produced transaction bbc629a7-0f2f-4a1b-a2d6-de443f1f7c81 to Kafka (315)
2026-09-08 23:51:42,139 | INFO | FraudShieldAI | Produced transaction 9c8f9aba-c60c-4342-aac9-2e7399c8234e to Kafka (316)
2026-09-08 23:51:44,180 | INFO | FraudShieldAI | Produced transaction 5450ce12-92c9-4f43-81da-edad79402148 to Kafka (317)
2026-09-08 23:51:46,187 | INFO | FraudShieldAI | Produced transaction eb0be1bb-89fa-444d-b803-e0f5b81c31bf to Kafka (318)
2026-09-08 23:51:48,205 | INFO | FraudShieldAI | Produced transaction 64aea158-cc18-4c5d-a961-ccc537afca56 to Kafka (319)
2026-09-08 23:51:50,215 | INFO | FraudShieldAI | Produced transaction 99a5e593-ab39-4283-98b4-183671884d8e to Kafka (320)
2026-09-08 23:51:52,241 | INFO | FraudShieldAI | Produced transaction a629a6ad-9b35-4bbf-943e-e73bc06976ff to Kafka (321)
2026-09-08 23:51:54,265 | INFO | FraudShieldAI | Produced transaction c06c4676-72b3-4442-871e-53e3b071d488 to Kafka (322)
2026-09-08 23:51:56,288 | INFO | FraudShieldAI | Produced transaction 34b312d4-6e4c-41bf-8db1-3b1f03ec23f8 to Kafka (323)
2026-09-08 23:51:58,309 | INFO | FraudShieldAI | Produced transaction 05a90601-d2d7-4130-b049-10f1829ed9f6 to Kafka (324)
2026-09-08 23:52:00,347 | INFO | FraudShieldAI | Produced transaction 449f5cc5-f15b-4a07-ad1e-2c0d5bd7ea45 to Kafka (325)
2026-09-08 23:52:02,369 | INFO | FraudShieldAI | Produced transaction 581d2c7e-6258-4fa3-96bf-55be6415114e to Kafka (326)
2026-09-08 23:52:04,392 | INFO | FraudShieldAI | Produced transaction fb7c48c6-33aa-46eb-b4bf-eb31927c3086 to Kafka (327)
2026-09-08 23:52:06,409 | INFO | FraudShieldAI | Produced transaction d0ec495e-8144-47c6-a59e-15e3398f46c5 to Kafka (328)
2026-09-08 23:52:08,442 | INFO | FraudShieldAI | Produced transaction 019585c9-2ae0-4c23-883c-df36a06727ac to Kafka (329)
2026-09-08 23:52:10,457 | INFO | FraudShieldAI | Produced transaction dde0ef6e-c96a-492e-b32a-4b4ffe095251 to Kafka (330)
2026-09-08 23:52:12,445 | INFO | FraudShieldAI | Produced transaction e182c435-8c72-4e9f-9d44-3199302a2cb1 to Kafka (331)
2026-09-08 23:52:14,455 | INFO | FraudShieldAI | Produced transaction da115e9e-a594-4ae4-af39-8ae8e4c2eb7d to Kafka (332)
2026-09-08 23:52:16,462 | INFO | FraudShieldAI | Produced transaction e4ae5ba5-9f76-4a6e-a3b4-1d697fc26918 to Kafka (333)
2026-09-08 23:52:18,472 | INFO | FraudShieldAI | Produced transaction d672f3a8-5260-4a19-972b-4824568988f5 to Kafka (334)
2026-09-08 23:52:20,511 | INFO | FraudShieldAI | Produced transaction 2f2503d7-5720-4a77-80c3-1589b241e804 to Kafka (335)
2026-09-08 23:52:22,531 | INFO | FraudShieldAI | Produced transaction 2fcb7162-fc80-4e34-9c4e-ac4bbcdb9d3b to Kafka (336)
2026-09-08 23:52:24,556 | INFO | FraudShieldAI | Produced transaction 20d38e9f-ad16-4530-a645-f5cea8b00af6 to Kafka (337)
2026-09-08 23:52:26,584 | INFO | FraudShieldAI | Produced transaction ecba6ca9-6b9b-4469-affd-f0618e787804 to Kafka (338)
2026-09-08 23:52:28,600 | INFO | FraudShieldAI | Produced transaction 16cf1438-9c0d-4f64-9014-f54299674142 to Kafka (339)
2026-09-08 23:52:30,593 | INFO | FraudShieldAI | Produced transaction 6c1c5681-c4d1-4437-86f3-4244c01ebc43 to Kafka (340)
2026-09-08 23:52:32,618 | INFO | FraudShieldAI | Produced transaction d1266522-44ab-4c68-932f-18386757690d to Kafka (341)
2026-09-08 23:52:34,625 | INFO | FraudShieldAI | Produced transaction dba6c9db-be2a-471d-86e9-b827dfe56e59 to Kafka (342)
2026-09-08 23:52:36,652 | INFO | FraudShieldAI | Produced transaction a1e911d2-e6b6-4eab-8718-b4aa32f9ef2a to Kafka (343)
2026-09-08 23:52:38,689 | INFO | FraudShieldAI | Produced transaction 218ef221-4f36-491f-bf10-fc9410ea045a to Kafka (344)
2026-09-08 23:52:40,710 | INFO | FraudShieldAI | Produced transaction e6e62466-69b7-47b4-96b9-90ab5c59327f to Kafka (345)
2026-09-08 23:52:42,761 | INFO | FraudShieldAI | Produced transaction 81ba5ccc-db2f-46a4-8646-57f06c370ee3 to Kafka (346)
2026-09-08 23:52:44,779 | INFO | FraudShieldAI | Produced transaction 41e860af-ee0f-4361-bc4c-3aa77295ce75 to Kafka (347)
2026-09-08 23:52:46,822 | INFO | FraudShieldAI | Produced transaction c5a875b6-7d98-47a2-a2db-4413b4aa26fd to Kafka (348)
2026-09-08 23:52:48,843 | INFO | FraudShieldAI | Produced transaction 61fd4c4c-d663-4847-82cd-34632a1bcfe6 to Kafka (349)
2026-09-08 23:52:50,873 | INFO | FraudShieldAI | Produced transaction 1d692945-6727-478e-bfbf-37067e0acecb to Kafka (350)
2026-09-08 23:52:52,879 | INFO | FraudShieldAI | Produced transaction 395acc5f-dbde-4aa6-93ec-8da470e9440d to Kafka (351)
2026-09-08 23:52:54,900 | INFO | FraudShieldAI | Produced transaction c3d52691-4072-4ca9-b188-e4acf12343ea to Kafka (352)
2026-09-08 23:52:56,932 | INFO | FraudShieldAI | Produced transaction 748956e9-05fa-45d0-8a94-d1a6da0df888 to Kafka (353)
2026-09-08 23:52:58,944 | INFO | FraudShieldAI | Produced transaction 414184e0-3972-44b9-89b6-50b38d583848 to Kafka (354)
2026-09-08 23:53:00,953 | INFO | FraudShieldAI | Produced transaction fec726fe-e00b-477c-85ef-dd7b2521a228 to Kafka (355)
2026-09-08 23:53:02,989 | INFO | FraudShieldAI | Produced transaction d590f164-abfd-487e-adee-fb21dce9fea3 to Kafka (356)
2026-09-08 23:53:05,093 | INFO | FraudShieldAI | Produced transaction 3d747fcb-a121-4003-bccd-58e109064a07 to Kafka (357)
2026-09-08 23:53:07,112 | INFO | FraudShieldAI | Produced transaction 61c87832-f3ba-487f-b88a-4b448fd01ea6 to Kafka (358)
2026-09-08 23:53:09,139 | INFO | FraudShieldAI | Produced transaction 1b2e627d-989a-45aa-b883-3c17ca38529d to Kafka (359)
2026-09-08 23:53:11,179 | INFO | FraudShieldAI | Produced transaction 3d188cb6-4b72-426e-822b-1df8d365b259 to Kafka (360)
2026-09-08 23:53:13,191 | INFO | FraudShieldAI | Produced transaction 4cdf8f93-5d64-43fe-ae0b-9d0e774c1b2b to Kafka (361)
2026-09-08 23:53:15,201 | INFO | FraudShieldAI | Produced transaction 8b822369-e760-4b5a-96a1-38e5c6b979b3 to Kafka (362)
2026-09-08 23:53:17,215 | INFO | FraudShieldAI | Produced transaction d06807aa-60d6-4730-bd8b-4c0ca3b2f208 to Kafka (363)
2026-09-08 23:53:19,236 | INFO | FraudShieldAI | Produced transaction a5867bab-c479-404b-b1fc-76c642dd83b9 to Kafka (364)
2026-09-08 23:53:21,263 | INFO | FraudShieldAI | Produced transaction a7b42907-cff6-4c40-b45a-24e4d8c927e3 to Kafka (365)
2026-09-08 23:53:23,295 | INFO | FraudShieldAI | Produced transaction 7d1a26a6-6984-4e90-876d-ab6c7d124ef8 to Kafka (366)
2026-09-08 23:53:25,334 | INFO | FraudShieldAI | Produced transaction e23009fb-a526-4e3d-b5d3-597af1184e99 to Kafka (367)
2026-09-08 23:53:27,369 | INFO | FraudShieldAI | Produced transaction 3023c7b5-d1b0-4910-93a3-48e1d71717ff to Kafka (368)
2026-09-08 23:53:29,367 | INFO | FraudShieldAI | Produced transaction 7657c9cd-b2cc-40e4-8579-22d52e7b78f5 to Kafka (369)
2026-09-08 23:53:31,377 | INFO | FraudShieldAI | Produced transaction 7c028327-46f2-4ad4-8310-6d0ef06df574 to Kafka (370)
2026-09-08 23:53:33,391 | INFO | FraudShieldAI | Produced transaction 11c94d31-63d5-400f-b1d6-e1e3083c3342 to Kafka (371)
2026-09-08 23:53:35,400 | INFO | FraudShieldAI | Produced transaction d5da52c3-68a7-4924-83b3-7495b1254761 to Kafka (372)
2026-09-08 23:53:37,471 | INFO | FraudShieldAI | Produced transaction 6d0fb1b8-47a9-424e-86db-cbe927fcffc1 to Kafka (373)
2026-09-08 23:53:39,605 | INFO | FraudShieldAI | Produced transaction 8e95bbf8-ca2d-4077-9303-2cbd79ccbb59 to Kafka (374)
2026-09-08 23:53:41,635 | INFO | FraudShieldAI | Produced transaction 7eddbe5c-4fdc-4f9f-b074-29caacb9c574 to Kafka (375)
2026-09-08 23:53:43,652 | INFO | FraudShieldAI | Produced transaction 3d80cfe6-667b-4a67-854b-6791c48a2ddf to Kafka (376)
2026-09-08 23:53:45,921 | INFO | FraudShieldAI | Produced transaction d3b3f8ab-5809-4ab8-8196-56c278b59b07 to Kafka (377)
2026-09-08 23:53:47,990 | INFO | FraudShieldAI | Produced transaction af0020bc-7aef-4b34-826e-01988410f124 to Kafka (378)
2026-09-08 23:53:50,013 | INFO | FraudShieldAI | Produced transaction 713536de-6d04-4eb0-a679-15aca7c70120 to Kafka (379)
2026-09-08 23:53:52,045 | INFO | FraudShieldAI | Produced transaction d3591d3e-d74b-404f-a589-98807d526cc8 to Kafka (380)
2026-09-08 23:53:54,043 | INFO | FraudShieldAI | Produced transaction cd940891-750a-4b35-878f-7c33bcfc6597 to Kafka (381)
2026-09-08 23:53:56,042 | INFO | FraudShieldAI | Produced transaction 84b8c08a-4672-4203-a489-66e1a89acaa5 to Kafka (382)
2026-09-08 23:53:58,073 | INFO | FraudShieldAI | Produced transaction 09608f1d-6647-4882-93cd-3769e374b006 to Kafka (383)
2026-09-08 23:54:00,088 | INFO | FraudShieldAI | Produced transaction 40f6241b-7d51-41af-8f67-1f7dbf854ac6 to Kafka (384)
2026-09-08 23:54:02,103 | INFO | FraudShieldAI | Produced transaction 37b435c6-aefd-4349-be41-6e90a749bba7 to Kafka (385)
2026-09-08 23:54:04,141 | INFO | FraudShieldAI | Produced transaction fb855d23-7dac-4551-bb34-a02c3b2904ee to Kafka (386)
2026-09-08 23:54:06,212 | INFO | FraudShieldAI | Produced transaction 5270aaa7-dcbf-4e96-b26f-c37beac4333c to Kafka (387)
2026-09-08 23:54:08,263 | INFO | FraudShieldAI | Produced transaction 72cfe1c9-8b77-4012-a2dd-39e877fe6215 to Kafka (388)
2026-09-08 23:54:10,270 | INFO | FraudShieldAI | Produced transaction a34380f7-74c9-44b1-9c88-7c79e06dae92 to Kafka (389)
2026-09-08 23:54:12,296 | INFO | FraudShieldAI | Produced transaction 95c16562-3feb-458a-ab4b-4016578f7451 to Kafka (390)
2026-09-08 23:54:14,423 | INFO | FraudShieldAI | Produced transaction b7a71081-5a26-41fa-90b0-d003e39a133f to Kafka (391)
2026-09-08 23:54:16,450 | INFO | FraudShieldAI | Produced transaction 3d0911a9-2f3d-4062-ac7f-73a37390d174 to Kafka (392)
2026-09-08 23:54:18,452 | INFO | FraudShieldAI | Produced transaction 50107a9c-456c-4efe-9579-b78c46db2476 to Kafka (393)
2026-09-08 23:54:20,597 | INFO | FraudShieldAI | Produced transaction d28e7da3-1f9c-4d36-a74f-7ae6b04c7541 to Kafka (394)
2026-09-08 23:54:22,657 | INFO | FraudShieldAI | Produced transaction 5e62de80-8ea2-4cf7-9068-f8cbfc00bcc9 to Kafka (395)
2026-09-08 23:54:24,678 | INFO | FraudShieldAI | Produced transaction ad785a0f-ea3d-445e-a720-c243ff02d577 to Kafka (396)
2026-09-08 23:54:26,809 | INFO | FraudShieldAI | Produced transaction 0950deda-f85b-4a83-8801-c54f4baca49e to Kafka (397)
2026-09-08 23:54:28,821 | INFO | FraudShieldAI | Produced transaction 8a6db28f-1848-4984-a262-c91b65a68879 to Kafka (398)
2026-09-08 23:54:30,848 | INFO | FraudShieldAI | Produced transaction fa7d2307-ca02-46b9-b9c7-05443fb2eb7e to Kafka (399)
2026-09-08 23:54:32,888 | INFO | FraudShieldAI | Produced transaction 6d981ff7-d41c-4c8e-bcd6-354c418ceeda to Kafka (400)
2026-09-08 23:54:35,881 | INFO | FraudShieldAI | Produced transaction fef5276f-c3af-4889-9bda-b372c9ed8e51 to Kafka (401)
2026-09-08 23:54:37,939 | INFO | FraudShieldAI | Produced transaction e389798d-1331-4369-96b3-7ec11180a6bf to Kafka (402)
2026-09-08 23:54:39,954 | INFO | FraudShieldAI | Produced transaction 36872714-f106-455f-835d-6d1fb1e3ec39 to Kafka (403)
2026-09-08 23:54:42,389 | INFO | FraudShieldAI | Produced transaction f5f05193-652c-4cb2-9740-e818afd823d0 to Kafka (404)
2026-09-08 23:54:44,539 | INFO | FraudShieldAI | Produced transaction feef5f4c-c486-411b-82ae-de5d09a9cab3 to Kafka (405)
2026-09-08 23:54:46,559 | INFO | FraudShieldAI | Produced transaction 5c6114a3-df83-4ddf-ab9b-450524796628 to Kafka (406)
2026-09-08 23:54:48,598 | INFO | FraudShieldAI | Produced transaction 28d100cf-2011-4e9e-8b35-09f986d6efd4 to Kafka (407)
2026-09-08 23:54:50,625 | INFO | FraudShieldAI | Produced transaction acb06dea-e125-40ff-afe3-e657b0497d54 to Kafka (408)
2026-09-08 23:54:52,651 | INFO | FraudShieldAI | Produced transaction eb765e9f-e548-4740-b52e-32439ea95fa0 to Kafka (409)
2026-09-08 23:54:54,698 | INFO | FraudShieldAI | Produced transaction a53b7dc6-c696-41a5-8ff2-4ffaf0f84917 to Kafka (410)
2026-09-08 23:54:56,713 | INFO | FraudShieldAI | Produced transaction 8759ed22-40af-4436-97e1-14a873ba3389 to Kafka (411)
2026-09-08 23:54:58,735 | INFO | FraudShieldAI | Produced transaction 6025c4df-e70a-4bfe-95da-1ecf4f4af91e to Kafka (412)
2026-09-08 23:55:00,766 | INFO | FraudShieldAI | Produced transaction 1e6005d6-34f4-4aae-8dc0-2724ef686257 to Kafka (413)
2026-09-08 23:55:02,785 | INFO | FraudShieldAI | Produced transaction f0020c2f-3730-451c-9846-24d1e9ea3c4a to Kafka (414)
2026-09-08 23:55:04,672 | INFO | FraudShieldAI | Stopping Kafka streaming pipeline...
2026-09-08 23:55:04,673 | INFO | FraudShieldAI | Kafka producer loop cancelled.
2026-09-08 23:55:04,674 | INFO | FraudShieldAI | Kafka producer loop terminated. Produced=414
2026-09-08 23:55:04,680 | INFO | FraudShieldAI | Kafka streaming pipeline stopped.
2026-09-09 00:03:32,127 | INFO | FraudShieldAI | Closed MongoDB connection
2026-09-09 00:04:01,909 | INFO | FraudShieldAI | Connected to MongoDB
2026-09-09 09:39:26,009 | INFO | FraudShieldAI | Kafka consumer start result: {'started': True, 'message': 'Kafka consumer started successfully.'}
2026-09-09 09:39:26,099 | INFO | FraudShieldAI | Kafka streaming pipeline started.
2026-09-09 09:39:28,627 | INFO | FraudShieldAI | Kafka producer initialized successfully.
2026-09-09 09:39:28,663 | INFO | FraudShieldAI | Kafka producer loop started. interval=2.00s max_transactions=None
2026-09-09 09:39:31,115 | INFO | FraudShieldAI | Produced transaction bc39531f-3f89-4ccc-859e-ea632f9a7b39 to Kafka (1)
2026-09-09 09:39:37,314 | INFO | FraudShieldAI | Produced transaction 77ea07b2-df55-4a7f-a58b-85ce1327c785 to Kafka (2)
2026-09-09 09:39:39,374 | INFO | FraudShieldAI | Produced transaction 090cc1c8-bb3a-4916-bbde-03fbda496dbf to Kafka (3)
2026-09-09 09:39:41,377 | INFO | FraudShieldAI | Produced transaction a1fd0a85-8f63-4958-9166-05d059dbc0e9 to Kafka (4)
2026-09-09 09:39:43,421 | INFO | FraudShieldAI | Produced transaction 59d49a7d-8f8a-4ad5-beb6-bf0f4b9202ed to Kafka (5)
2026-09-09 09:39:45,520 | INFO | FraudShieldAI | Produced transaction 59187817-541e-4e64-83cb-3d2c7931e2f5 to Kafka (6)
2026-09-09 09:39:47,557 | INFO | FraudShieldAI | Produced transaction 2cd99c4e-ca78-4654-b29b-57364281bc9f to Kafka (7)
2026-09-09 09:39:49,576 | INFO | FraudShieldAI | Produced transaction 163fcd07-84cd-419b-8e0b-869a4474e01c to Kafka (8)
2026-09-09 09:39:51,617 | INFO | FraudShieldAI | Produced transaction a1a2d01b-815e-4efa-8d51-a83a2aa4dfef to Kafka (9)
2026-09-09 09:39:53,641 | INFO | FraudShieldAI | Produced transaction 4670e710-f006-480d-9a04-0a5319c559fd to Kafka (10)
2026-09-09 09:39:55,666 | INFO | FraudShieldAI | Produced transaction 58e7384e-7296-4ef1-8e06-d4e0580dfbca to Kafka (11)
2026-09-09 09:39:57,701 | INFO | FraudShieldAI | Produced transaction 59ae7b98-f5f8-46da-a940-a70286b123d1 to Kafka (12)
2026-09-09 09:39:59,706 | INFO | FraudShieldAI | Produced transaction f34e45e9-edc4-4ef6-8ae4-2c9fcb852f36 to Kafka (13)
2026-09-09 09:40:01,738 | INFO | FraudShieldAI | Produced transaction 20158e1e-9bfa-4cfa-9e74-e7290341a27f to Kafka (14)
2026-09-09 09:40:03,747 | INFO | FraudShieldAI | Produced transaction 4f43b551-4a1c-486e-8d5a-a85725c28df3 to Kafka (15)
2026-09-09 09:40:05,754 | INFO | FraudShieldAI | Produced transaction a9348d5f-f909-45b4-8ba6-8cdbef4855a1 to Kafka (16)
2026-09-09 09:40:07,769 | INFO | FraudShieldAI | Produced transaction c62d9633-706e-451a-ac7a-c9d92c984362 to Kafka (17)
2026-09-09 09:40:09,792 | INFO | FraudShieldAI | Produced transaction 0b768d79-842f-46d5-9f07-91b4db018663 to Kafka (18)
2026-09-09 09:40:11,818 | INFO | FraudShieldAI | Produced transaction 8e1f5329-080f-46e0-8a77-ee4e94043be7 to Kafka (19)
2026-09-09 09:40:13,866 | INFO | FraudShieldAI | Produced transaction e1890b37-e26a-4d86-a949-60a9b4aa87f1 to Kafka (20)
2026-09-09 09:40:15,939 | INFO | FraudShieldAI | Produced transaction d98540ca-990e-4bcf-97c5-1b5e3b085df7 to Kafka (21)
2026-09-09 09:40:18,042 | INFO | FraudShieldAI | Produced transaction c365dbfb-67b0-4bd8-b37f-441d69bb4f8c to Kafka (22)
2026-09-09 09:40:20,065 | INFO | FraudShieldAI | Produced transaction f9f24daf-340e-47ca-939c-b0739d610bb4 to Kafka (23)
2026-09-09 09:40:22,112 | INFO | FraudShieldAI | Produced transaction 4fd8fd16-f4a0-421c-ae3e-555048dafaf7 to Kafka (24)
2026-09-09 09:40:24,143 | INFO | FraudShieldAI | Produced transaction 82bc16c2-7e0f-4a10-b507-a4af1b5ad0b4 to Kafka (25)
2026-09-09 09:40:26,198 | INFO | FraudShieldAI | Produced transaction 2a763e9f-f2dd-4e47-9807-53794ad1f112 to Kafka (26)
2026-09-09 09:40:28,205 | INFO | FraudShieldAI | Produced transaction c8f3377e-df2f-4ee2-aec3-b5d33ae58e05 to Kafka (27)
2026-09-09 09:40:30,213 | INFO | FraudShieldAI | Produced transaction 0cc8044c-eefb-4fe3-b538-2bfc8a6152fa to Kafka (28)
2026-09-09 09:40:32,241 | INFO | FraudShieldAI | Produced transaction c1172922-d4b1-4bd4-b508-8668e44c5dec to Kafka (29)
2026-09-09 09:40:34,263 | INFO | FraudShieldAI | Produced transaction df0b6c01-2e7f-49bc-80f4-38847eaa4559 to Kafka (30)
2026-09-09 09:40:36,297 | INFO | FraudShieldAI | Produced transaction de069727-915e-4887-97b8-a02563047a9e to Kafka (31)
2026-09-09 09:40:38,328 | INFO | FraudShieldAI | Produced transaction c7b37245-fe84-4e0a-a796-888172c19ae2 to Kafka (32)
2026-09-09 09:40:40,344 | INFO | FraudShieldAI | Produced transaction 30aeeeb6-4287-4457-9bbc-c31f5dab8738 to Kafka (33)
2026-09-09 09:40:42,350 | INFO | FraudShieldAI | Produced transaction 014ed431-35c8-4fd1-be95-f21727bbfd39 to Kafka (34)
2026-09-09 09:40:44,372 | INFO | FraudShieldAI | Produced transaction ba19394d-4cf2-40b0-a006-315b96ce792b to Kafka (35)
2026-09-09 09:40:46,404 | INFO | FraudShieldAI | Produced transaction 1856f1dc-7ff0-4131-a67f-d556331c4b27 to Kafka (36)
2026-09-09 09:40:48,435 | INFO | FraudShieldAI | Produced transaction 4c47d08e-69f7-4525-9fe0-0dfe19f7c0e5 to Kafka (37)
2026-09-09 09:40:50,454 | INFO | FraudShieldAI | Produced transaction 63c4f749-3037-4177-bc57-0cbc6ebd67b2 to Kafka (38)
2026-09-09 09:40:52,466 | INFO | FraudShieldAI | Produced transaction 0e33aa16-a01d-48d8-a125-99b5c9eb5714 to Kafka (39)
2026-09-09 09:40:54,495 | INFO | FraudShieldAI | Produced transaction 3eb8b244-66e5-4b8b-92a9-0e5113dc18ff to Kafka (40)
2026-09-09 09:40:56,522 | INFO | FraudShieldAI | Produced transaction 3f0f4d40-ec50-47a5-9656-66b9f4e41c7a to Kafka (41)
2026-09-09 09:40:58,547 | INFO | FraudShieldAI | Produced transaction 38a30f6f-1211-4654-b4c9-9b7351f3fd0c to Kafka (42)
2026-09-09 09:41:00,592 | INFO | FraudShieldAI | Produced transaction 4f516a34-7107-4101-83cf-67415a9c5bcb to Kafka (43)
2026-09-09 09:41:02,630 | INFO | FraudShieldAI | Produced transaction 77bad18e-a3cb-42c8-ba5d-83c06615218e to Kafka (44)
2026-09-09 09:41:04,663 | INFO | FraudShieldAI | Produced transaction 26f6f17f-6a8b-44b3-98fd-4dc3fe9512cf to Kafka (45)
2026-09-09 09:41:06,693 | INFO | FraudShieldAI | Produced transaction 4a213e37-e4a3-4e1e-b616-a8e5111a06cc to Kafka (46)
2026-09-09 09:41:08,710 | INFO | FraudShieldAI | Produced transaction ccd663f4-788f-4b2f-8bba-d1b8755e65e6 to Kafka (47)
2026-09-09 09:41:10,755 | INFO | FraudShieldAI | Produced transaction 9b5e7093-4c48-47b4-838b-af51f1fadc43 to Kafka (48)
2026-09-09 09:41:12,806 | INFO | FraudShieldAI | Produced transaction e1f077e7-ec9a-435c-b0b8-ae91e3f15cb0 to Kafka (49)
2026-09-09 09:41:14,885 | INFO | FraudShieldAI | Produced transaction 9586347c-e7bb-493f-b0a4-e88569ca9474 to Kafka (50)
2026-09-09 09:41:16,926 | INFO | FraudShieldAI | Produced transaction 7ed10723-c1aa-407d-acea-a33329cb0315 to Kafka (51)
2026-09-09 09:41:18,935 | INFO | FraudShieldAI | Produced transaction 4706c2a5-0df6-496e-9036-7bf4a5af3559 to Kafka (52)
2026-09-09 09:41:20,967 | INFO | FraudShieldAI | Produced transaction 727e1af6-20a4-4b39-93df-d32174f68a9a to Kafka (53)
2026-09-09 09:41:22,987 | INFO | FraudShieldAI | Produced transaction cdcefa9f-b52b-4c03-ae2b-fda34b6544c8 to Kafka (54)
2026-09-09 09:41:25,017 | INFO | FraudShieldAI | Produced transaction 607876db-14b7-481c-9524-ecc6d81429e7 to Kafka (55)
2026-09-09 09:41:27,023 | INFO | FraudShieldAI | Produced transaction 1e864c99-35af-42db-a2a4-b44232c6b0ce to Kafka (56)
2026-09-09 09:41:29,055 | INFO | FraudShieldAI | Produced transaction 0f83d6b1-1822-4d48-a458-17abd4e14a99 to Kafka (57)
2026-09-09 09:41:31,199 | INFO | FraudShieldAI | Produced transaction ea2d88a2-108d-4820-a0ed-fc4347832995 to Kafka (58)
2026-09-09 09:41:33,222 | INFO | FraudShieldAI | Produced transaction 3da55d7a-0124-46c0-8364-ecd0e0f2723e to Kafka (59)
2026-09-09 09:41:35,224 | INFO | FraudShieldAI | Produced transaction 5e571cef-0572-4e1f-ab5f-df957afdb73c to Kafka (60)
2026-09-09 09:41:37,224 | INFO | FraudShieldAI | Produced transaction ea6162cd-52d3-4b35-bd7b-73e69f06394a to Kafka (61)
2026-09-09 09:41:39,252 | INFO | FraudShieldAI | Produced transaction 866eb223-5583-46ab-90af-0551f2a05f9b to Kafka (62)
2026-09-09 09:41:41,276 | INFO | FraudShieldAI | Produced transaction 03ee32ae-bf15-4d4a-8d14-3aa17b76e7be to Kafka (63)
2026-09-09 09:41:43,307 | INFO | FraudShieldAI | Produced transaction 0d8402f5-cb4f-47d0-a222-cbbb602a9d18 to Kafka (64)
2026-09-09 09:41:45,324 | INFO | FraudShieldAI | Produced transaction cfff34a0-ce32-453d-9753-7b100045e93b to Kafka (65)
2026-09-09 09:41:47,349 | INFO | FraudShieldAI | Produced transaction 6e36a962-2eed-4c09-a0ad-e8bee4d68e9f to Kafka (66)
2026-09-09 09:41:49,387 | INFO | FraudShieldAI | Produced transaction bc003a82-5f3e-4d42-92ef-d4f88496e475 to Kafka (67)
2026-09-09 09:41:51,417 | INFO | FraudShieldAI | Produced transaction 42af0548-c10f-4cdd-964f-a117764ef8c4 to Kafka (68)
2026-09-09 09:41:53,451 | INFO | FraudShieldAI | Produced transaction 42329778-9c7e-4d63-92d2-3740a42c00ae to Kafka (69)
2026-09-09 09:41:55,479 | INFO | FraudShieldAI | Produced transaction 10ec6c9b-698e-496f-b066-79bc78d9d8bc to Kafka (70)
2026-09-09 09:41:57,514 | INFO | FraudShieldAI | Produced transaction 6891fb5a-13f7-415b-9af5-557e066bfad5 to Kafka (71)
2026-09-09 09:41:59,549 | INFO | FraudShieldAI | Produced transaction 141a0a61-fad2-4275-a686-dc238e6a10cb to Kafka (72)
2026-09-09 09:42:01,558 | INFO | FraudShieldAI | Produced transaction 399e5d3f-1871-483b-9ac1-69bbf5f877ba to Kafka (73)
2026-09-09 09:42:03,589 | INFO | FraudShieldAI | Produced transaction 2908def9-2237-42d6-b225-99f7ccc93c86 to Kafka (74)
2026-09-09 09:42:05,620 | INFO | FraudShieldAI | Produced transaction 3b5ca0a3-e178-4fb9-ba60-bc8d12a7e775 to Kafka (75)
2026-09-09 09:42:07,637 | INFO | FraudShieldAI | Produced transaction bb617088-2852-4e88-8958-f9f801a9010b to Kafka (76)
2026-09-09 09:42:09,666 | INFO | FraudShieldAI | Produced transaction e8dce387-e40a-4440-bf49-29c23c86329c to Kafka (77)
2026-09-09 09:42:11,688 | INFO | FraudShieldAI | Produced transaction 271d358f-d9bd-4f5d-a2e6-4c2551646db5 to Kafka (78)
2026-09-09 09:42:13,695 | INFO | FraudShieldAI | Produced transaction 2f946b96-121d-419c-a937-3e1ae1dd2649 to Kafka (79)
2026-09-09 09:42:15,730 | INFO | FraudShieldAI | Produced transaction b3d2c61a-fd18-4e18-a186-ceca48c615eb to Kafka (80)
2026-09-09 09:42:17,786 | INFO | FraudShieldAI | Produced transaction 82e01668-6064-488b-8269-197068bcd9aa to Kafka (81)
2026-09-09 09:42:19,797 | INFO | FraudShieldAI | Produced transaction b16aaf8d-582b-4496-83be-a65fc5740b81 to Kafka (82)
2026-09-09 09:42:21,817 | INFO | FraudShieldAI | Produced transaction 5cc08609-176f-4bac-b69e-f0abb5a4e8e4 to Kafka (83)
2026-09-09 09:42:23,836 | INFO | FraudShieldAI | Produced transaction b82b3c96-1b54-4c4c-a1c0-3a440599b64a to Kafka (84)
2026-09-09 09:42:25,875 | INFO | FraudShieldAI | Produced transaction e273aeea-149d-4c44-858b-a9e31a0ebfef to Kafka (85)
2026-09-09 09:42:27,906 | INFO | FraudShieldAI | Produced transaction 5bc2f016-2e9b-4118-8c3d-1071e61413e2 to Kafka (86)
2026-09-09 09:42:29,926 | INFO | FraudShieldAI | Produced transaction 4a959914-68b4-4976-8491-aab5b5514e01 to Kafka (87)
2026-09-09 09:42:31,954 | INFO | FraudShieldAI | Produced transaction c1a8a099-25a1-4b6f-9cd7-f82279bbead5 to Kafka (88)
2026-09-09 09:42:33,943 | INFO | FraudShieldAI | Produced transaction a03be2fd-7c72-4149-9e74-ecf4e9888138 to Kafka (89)
2026-09-09 09:42:35,960 | INFO | FraudShieldAI | Produced transaction 8205142c-8887-4f97-8b7a-f1a7669a4183 to Kafka (90)
2026-09-09 09:42:37,975 | INFO | FraudShieldAI | Produced transaction 36957f78-b588-41e9-b548-49be085c8e99 to Kafka (91)
2026-09-09 09:42:40,036 | INFO | FraudShieldAI | Produced transaction bb89fa05-3848-4023-b025-0b7ff2f7f68a to Kafka (92)
2026-09-09 09:42:42,091 | INFO | FraudShieldAI | Produced transaction 6d664428-d764-477d-9168-df4a8379094a to Kafka (93)
2026-09-09 09:42:44,132 | INFO | FraudShieldAI | Produced transaction 14091f39-c83a-4de6-9ad4-cf5377c4f3c0 to Kafka (94)
2026-09-09 09:42:46,176 | INFO | FraudShieldAI | Produced transaction 973eab75-83b8-43e4-90a9-0aeb15052a5f to Kafka (95)
2026-09-09 09:42:48,194 | INFO | FraudShieldAI | Produced transaction ff138b19-6159-4751-90f1-c395476b105a to Kafka (96)
2026-09-09 09:42:50,205 | INFO | FraudShieldAI | Produced transaction 41f255fa-297c-4fca-83df-fb1b73af1088 to Kafka (97)
2026-09-09 09:42:52,225 | INFO | FraudShieldAI | Produced transaction e2b960ac-2dcb-4d23-8a55-4706e92089dc to Kafka (98)
2026-09-09 09:42:54,261 | INFO | FraudShieldAI | Produced transaction addac567-d337-43d6-868d-414addcf4b1c to Kafka (99)
2026-09-09 09:42:56,288 | INFO | FraudShieldAI | Produced transaction 3f36fe1b-0696-471b-ae16-da195c0f7eba to Kafka (100)
2026-09-09 09:42:58,327 | INFO | FraudShieldAI | Produced transaction 6850cea1-287a-4810-986a-d33e3f356d4e to Kafka (101)
2026-09-09 09:43:00,328 | INFO | FraudShieldAI | Produced transaction f23f2f35-46db-4997-bf92-6fc918658a31 to Kafka (102)
2026-09-09 09:43:02,341 | INFO | FraudShieldAI | Produced transaction 79afdd6a-6ad2-489a-b361-af38414fb66a to Kafka (103)
2026-09-09 09:43:04,358 | INFO | FraudShieldAI | Produced transaction f2251e11-01ff-49ad-80e7-8215d679e7c9 to Kafka (104)
2026-09-09 09:43:06,378 | INFO | FraudShieldAI | Produced transaction 746e92c7-e59e-4cbc-b7b3-5fe756e28747 to Kafka (105)
2026-09-09 09:43:08,386 | INFO | FraudShieldAI | Produced transaction c00ffd7e-22e7-4821-86d5-1559eee4bade to Kafka (106)
2026-09-09 09:43:10,391 | INFO | FraudShieldAI | Produced transaction 086ed69c-b1b5-4b35-a2ce-fa408450232d to Kafka (107)
2026-09-09 09:43:12,395 | INFO | FraudShieldAI | Produced transaction b10317fd-e510-4089-835e-cc138b72947e to Kafka (108)
2026-09-09 09:43:14,409 | INFO | FraudShieldAI | Produced transaction 96fc60d1-4c01-48fc-b2dc-1bb0586ceadd to Kafka (109)
2026-09-09 09:43:16,431 | INFO | FraudShieldAI | Produced transaction 5c568966-2131-4621-81d6-daec51b966f5 to Kafka (110)
2026-09-09 09:43:18,461 | INFO | FraudShieldAI | Produced transaction b9a84d76-90c1-4408-968a-45545b004e52 to Kafka (111)
2026-09-09 09:43:20,468 | INFO | FraudShieldAI | Produced transaction 64753ac6-7df5-4adb-961a-c46890971046 to Kafka (112)
2026-09-09 09:43:22,490 | INFO | FraudShieldAI | Produced transaction 771c4abb-9224-425c-bc65-7ff22c99a42a to Kafka (113)
2026-09-09 09:43:24,503 | INFO | FraudShieldAI | Produced transaction e7a19f1c-4562-4c14-b71e-3179a27dcda2 to Kafka (114)
2026-09-09 09:43:26,502 | INFO | FraudShieldAI | Produced transaction e6e92a1e-94ea-4b78-8b23-c49e79dd88f3 to Kafka (115)
2026-09-09 09:43:28,509 | INFO | FraudShieldAI | Produced transaction 0b68d88c-5024-4995-a762-e44b25690a57 to Kafka (116)
2026-09-09 09:43:30,528 | INFO | FraudShieldAI | Produced transaction eaa15ad6-cfc2-4da0-a334-4398dbbd5c13 to Kafka (117)
2026-09-09 09:43:32,542 | INFO | FraudShieldAI | Produced transaction ed9ab10d-ffce-42e1-9a85-8a7d5e5fe8d4 to Kafka (118)
2026-09-09 09:43:34,548 | INFO | FraudShieldAI | Produced transaction 9e0a763b-f383-4636-98bc-a7c24b913d6a to Kafka (119)
2026-09-09 09:43:36,565 | INFO | FraudShieldAI | Produced transaction 98e5f0c1-be79-407b-922e-fa6191599b58 to Kafka (120)
2026-09-09 09:43:38,573 | INFO | FraudShieldAI | Produced transaction b0c4b1e3-c560-468a-9dfe-33ae75395bdb to Kafka (121)
2026-09-09 09:43:40,582 | INFO | FraudShieldAI | Produced transaction d6aa9ff1-d30d-4efd-95be-8d7a79250625 to Kafka (122)
2026-09-09 09:43:42,580 | INFO | FraudShieldAI | Produced transaction bf205ca5-f2ec-441b-8ea7-3d0ef8e4045b to Kafka (123)
2026-09-09 09:43:44,579 | INFO | FraudShieldAI | Produced transaction f596e1f1-4341-40be-a145-d9671b40ed40 to Kafka (124)
2026-09-09 09:43:46,654 | INFO | FraudShieldAI | Produced transaction 29a228fb-b2d8-4d40-8521-fb959fff7e6f to Kafka (125)
2026-09-09 09:43:48,663 | INFO | FraudShieldAI | Produced transaction d2b47e57-d3ab-4a2f-9a5c-c009e7234e45 to Kafka (126)
2026-09-09 09:43:50,692 | INFO | FraudShieldAI | Produced transaction 9789a56a-ff92-444d-9b8f-3b9a6dd60c3b to Kafka (127)
2026-09-09 09:43:52,699 | INFO | FraudShieldAI | Produced transaction 6299d09d-4fec-4e2a-828b-0fcb2947f919 to Kafka (128)
2026-09-09 09:43:54,726 | INFO | FraudShieldAI | Produced transaction 46ac4a32-24ab-4b13-986d-ed913dc24432 to Kafka (129)
2026-09-09 09:43:56,754 | INFO | FraudShieldAI | Produced transaction 8c989be4-ecda-4823-b451-224f7e71e1c7 to Kafka (130)
2026-09-09 09:43:58,756 | INFO | FraudShieldAI | Produced transaction f7989c04-201a-4212-8a01-4e3bcd13a6ad to Kafka (131)
2026-09-09 09:44:00,788 | INFO | FraudShieldAI | Produced transaction 76ff2983-448e-4995-b824-4936d6db9345 to Kafka (132)
2026-09-09 09:44:02,794 | INFO | FraudShieldAI | Produced transaction 73022f3b-1fc0-4567-94db-b0d1fc3b808e to Kafka (133)
2026-09-09 09:44:04,819 | INFO | FraudShieldAI | Produced transaction b759f68f-0a8d-4b01-95ea-91262ea2b47e to Kafka (134)
2026-09-09 09:44:06,835 | INFO | FraudShieldAI | Produced transaction ceae7f82-7722-4bed-84f6-294c36e1b858 to Kafka (135)
2026-09-09 09:44:08,852 | INFO | FraudShieldAI | Produced transaction f9b6c11e-26cd-4fdf-8925-6bb1d8ce6c27 to Kafka (136)
2026-09-09 09:44:10,873 | INFO | FraudShieldAI | Produced transaction 13ff7afb-9608-4133-bf6f-aa4e204dc588 to Kafka (137)
2026-09-09 09:44:12,879 | INFO | FraudShieldAI | Produced transaction 071628a5-e49d-4e81-bd4b-d33f21b9ad44 to Kafka (138)
2026-09-09 09:44:14,881 | INFO | FraudShieldAI | Produced transaction 60273fc7-d244-46e6-92c4-6c0e8e6e91f4 to Kafka (139)
2026-09-09 09:44:16,889 | INFO | FraudShieldAI | Produced transaction 7f85bc81-0df5-43d4-bc11-9d9cbdca1b79 to Kafka (140)
2026-09-09 09:44:18,908 | INFO | FraudShieldAI | Produced transaction cf5013d0-c470-443f-a096-eb6c3990d5bf to Kafka (141)
2026-09-09 09:44:20,919 | INFO | FraudShieldAI | Produced transaction 974c894c-852d-4164-9eb9-f60ac5089289 to Kafka (142)
2026-09-09 09:44:22,938 | INFO | FraudShieldAI | Produced transaction c5e40855-e8cf-4f6d-a713-7a11477e4819 to Kafka (143)
2026-09-09 09:44:24,956 | INFO | FraudShieldAI | Produced transaction 4d124fe4-5231-444c-a532-476c59f72ed8 to Kafka (144)
2026-09-09 09:44:25,449 | INFO | FraudShieldAI | Closed MongoDB connection
2026-09-09 09:44:25,487 | INFO | FraudShieldAI | Kafka producer loop cancelled.
2026-09-09 09:44:25,503 | INFO | FraudShieldAI | Kafka producer loop terminated. Produced=144
2026-09-09 09:44:33,717 | INFO | FraudShieldAI | Connected to MongoDB
2026-09-09 10:12:18,415 | INFO | FraudShieldAI | Kafka consumer start result: {'started': True, 'message': 'Kafka consumer started successfully.'}
2026-09-09 10:12:18,422 | INFO | FraudShieldAI | Kafka streaming pipeline started.
2026-09-09 10:12:18,602 | INFO | FraudShieldAI | Kafka producer initialized successfully.
2026-09-09 10:12:18,607 | INFO | FraudShieldAI | Kafka producer loop started. interval=2.00s max_transactions=None
2026-09-09 10:12:18,785 | INFO | FraudShieldAI | Produced transaction fd1601b0-c7bd-46b3-8ef7-8d6a3521c249 to Kafka (1)
2026-09-09 10:12:20,796 | INFO | FraudShieldAI | Produced transaction 5b37c1a0-8ec2-4f3f-a441-ed9eb5f79b94 to Kafka (2)
2026-09-09 10:12:22,801 | INFO | FraudShieldAI | Produced transaction 130fd202-6643-4d7a-9b68-ab9313c395ab to Kafka (3)
2026-09-09 10:12:24,804 | INFO | FraudShieldAI | Produced transaction b0e541b2-04ce-4180-be3d-7575d98eccb6 to Kafka (4)
2026-09-09 10:12:26,827 | INFO | FraudShieldAI | Produced transaction 55aea551-8bcd-4fbf-b3a2-f6bbeacac38c to Kafka (5)
2026-09-09 10:12:28,864 | INFO | FraudShieldAI | Produced transaction 8e556d69-0ca5-4088-a55d-bab81fa695e9 to Kafka (6)
2026-09-09 10:12:30,878 | INFO | FraudShieldAI | Produced transaction b0f0c355-94a2-4ec3-b0c3-d1f19b0835c8 to Kafka (7)
2026-09-09 10:12:32,892 | INFO | FraudShieldAI | Produced transaction d45b4f7e-7c58-4011-a387-95d2725ca951 to Kafka (8)
2026-09-09 10:12:34,904 | INFO | FraudShieldAI | Produced transaction 37a86828-2b1e-44b4-ac18-aca61e5c78e0 to Kafka (9)
2026-09-09 10:12:36,930 | INFO | FraudShieldAI | Produced transaction c24ab2a2-ffc6-468a-a980-ee559b6b0934 to Kafka (10)
2026-09-09 10:12:38,951 | INFO | FraudShieldAI | Produced transaction 0437d918-892b-45ab-a80f-653c005f5109 to Kafka (11)
2026-09-09 10:12:40,939 | INFO | FraudShieldAI | Produced transaction fa5c07c1-8f6d-4911-a6e0-3658b7692f5a to Kafka (12)
2026-09-09 10:12:42,953 | INFO | FraudShieldAI | Produced transaction f9d58edb-54dc-459d-b158-83bf6eb00589 to Kafka (13)
2026-09-09 10:12:44,960 | INFO | FraudShieldAI | Produced transaction d90bf629-a9c0-4c66-97e8-bfdcd0cf75d3 to Kafka (14)
2026-09-09 10:12:47,007 | INFO | FraudShieldAI | Produced transaction 75b14896-d669-4f9e-9c50-f4d812122da1 to Kafka (15)
2026-09-09 10:12:49,035 | INFO | FraudShieldAI | Produced transaction ec886e3e-3d70-4517-b88a-365ec201baf5 to Kafka (16)
2026-09-09 10:12:51,042 | INFO | FraudShieldAI | Produced transaction 9de258e9-a7b0-4fa9-8607-8eb1665ea396 to Kafka (17)
2026-09-09 10:12:53,068 | INFO | FraudShieldAI | Produced transaction 1c1fde74-a689-4c7a-bf35-28a1c6624ad0 to Kafka (18)
2026-09-09 10:12:55,094 | INFO | FraudShieldAI | Produced transaction 83091347-1a0d-4735-82c7-4ee0cd7e9e6c to Kafka (19)
2026-09-09 10:12:57,112 | INFO | FraudShieldAI | Produced transaction 49536a82-add3-4fff-81fe-90df4f8c76d4 to Kafka (20)
2026-09-09 10:12:59,117 | INFO | FraudShieldAI | Produced transaction e829db0f-25d1-4545-9406-00989ca3a6a4 to Kafka (21)
2026-09-09 10:13:01,137 | INFO | FraudShieldAI | Produced transaction ee17fcb4-9d2c-4628-b9d1-6faeeb4b7bed to Kafka (22)
2026-09-09 10:13:03,146 | INFO | FraudShieldAI | Produced transaction c377d8f0-5a78-43aa-baa5-91488c3ece9a to Kafka (23)
2026-09-09 10:13:05,159 | INFO | FraudShieldAI | Produced transaction 722f9a4e-af68-4a6c-a3b6-60eaa48dc744 to Kafka (24)
2026-09-09 10:13:07,189 | INFO | FraudShieldAI | Produced transaction 99a1f8de-689e-44e5-8467-3046e274e0f9 to Kafka (25)
2026-09-09 10:13:09,218 | INFO | FraudShieldAI | Produced transaction 5eba30fa-704c-4f16-a900-83f2f750c9b1 to Kafka (26)
2026-09-09 10:13:11,242 | INFO | FraudShieldAI | Produced transaction 397a5d59-8948-48fa-a9d3-e94ed909dc91 to Kafka (27)
2026-09-09 10:13:13,258 | INFO | FraudShieldAI | Produced transaction bc22bc12-7383-4688-ad89-be1d7addecb9 to Kafka (28)
2026-09-09 10:13:15,273 | INFO | FraudShieldAI | Produced transaction cf9f8640-52c9-43d4-9d3f-8ad7eb9c166e to Kafka (29)
2026-09-09 10:13:17,276 | INFO | FraudShieldAI | Produced transaction b4621928-98b9-4ec5-ba51-47aa7a21a6a1 to Kafka (30)
2026-09-09 10:13:19,292 | INFO | FraudShieldAI | Produced transaction 10e46a5c-6ee6-40fa-88c0-12178b6d3c7a to Kafka (31)
2026-09-09 10:13:21,298 | INFO | FraudShieldAI | Produced transaction 0c224d8e-445a-476d-b09b-d42ed60837c1 to Kafka (32)
2026-09-09 10:13:23,314 | INFO | FraudShieldAI | Produced transaction a355ca30-4c88-4702-ba8c-3f5a2cbf9677 to Kafka (33)
2026-09-09 10:13:25,323 | INFO | FraudShieldAI | Produced transaction 8406bc72-8e77-4739-9552-68f5e9fba4f3 to Kafka (34)
2026-09-09 10:13:27,348 | INFO | FraudShieldAI | Produced transaction 735949bd-aec1-4bb1-bf2b-ca1847e73c49 to Kafka (35)
2026-09-09 10:13:29,358 | INFO | FraudShieldAI | Produced transaction 21b51ca8-b7d3-454d-b2ed-d1de3f50789f to Kafka (36)
2026-09-09 10:13:31,361 | INFO | FraudShieldAI | Produced transaction 42b2a794-f4b7-4440-a25b-ce8ecbf63b7c to Kafka (37)
2026-09-09 10:13:33,368 | INFO | FraudShieldAI | Produced transaction f69e0b9a-6666-42ae-b83a-f423c449529d to Kafka (38)
2026-09-09 10:13:35,381 | INFO | FraudShieldAI | Produced transaction cfedf491-bde9-4a3f-8048-6f77cc91b5fd to Kafka (39)
2026-09-09 10:13:37,397 | INFO | FraudShieldAI | Produced transaction 1360339a-3528-4388-b4e5-845c6f6051f8 to Kafka (40)
2026-09-09 10:13:39,432 | INFO | FraudShieldAI | Produced transaction 16243206-7810-45b2-81f4-44b29b668504 to Kafka (41)
2026-09-09 10:13:41,464 | INFO | FraudShieldAI | Produced transaction 8fb51c5d-3a97-4aa3-818f-28002773811b to Kafka (42)
2026-09-09 10:13:43,474 | INFO | FraudShieldAI | Produced transaction 6ad34eb9-c32b-49f1-9a91-99a8cb2f09e6 to Kafka (43)
2026-09-09 10:13:45,492 | INFO | FraudShieldAI | Produced transaction ba4275e8-87d0-49ed-9a42-ec82d6c31350 to Kafka (44)
2026-09-09 10:13:47,512 | INFO | FraudShieldAI | Produced transaction 7b6003dc-5d4a-46cf-a853-1e79134d47f6 to Kafka (45)
2026-09-09 10:13:49,520 | INFO | FraudShieldAI | Produced transaction a6bcc73a-016d-4e99-9c14-587d16c469d8 to Kafka (46)
2026-09-09 10:13:51,552 | INFO | FraudShieldAI | Produced transaction 6eca5e9d-b04f-4234-9ac9-5f5c8e39cc8b to Kafka (47)
2026-09-09 10:13:53,592 | INFO | FraudShieldAI | Produced transaction 451f1ba5-86eb-4241-91aa-0b3609786391 to Kafka (48)
2026-09-09 10:13:55,598 | INFO | FraudShieldAI | Produced transaction e69247f5-5ee8-44ef-94ad-91e7d247c35f to Kafka (49)
2026-09-09 10:13:57,616 | INFO | FraudShieldAI | Produced transaction ed2c3e01-1b86-4d1a-b685-c40c8a24ae1a to Kafka (50)
2026-09-09 10:13:59,649 | INFO | FraudShieldAI | Produced transaction 84a6a880-349d-43a4-b232-86e55dd17693 to Kafka (51)
2026-09-09 10:14:01,663 | INFO | FraudShieldAI | Produced transaction 80cba8f6-f087-4ed5-a1be-0225c7ea6a81 to Kafka (52)
2026-09-09 10:14:03,658 | INFO | FraudShieldAI | Produced transaction 0f65e1f8-311f-48cc-a7e3-238b39479669 to Kafka (53)
2026-09-09 10:14:05,679 | INFO | FraudShieldAI | Produced transaction a06e5a4f-6dc4-4527-ba0e-13672b7a021b to Kafka (54)
2026-09-09 10:14:07,707 | INFO | FraudShieldAI | Produced transaction ef487f14-84ed-4d2c-88e6-979a9b8837e2 to Kafka (55)
2026-09-09 10:14:09,709 | INFO | FraudShieldAI | Produced transaction 54ccbe83-9639-4dc8-850e-1d2894533454 to Kafka (56)
2026-09-09 10:14:11,744 | INFO | FraudShieldAI | Produced transaction 61e7d031-9c61-48c5-b933-aa0d5b5a5407 to Kafka (57)
2026-09-09 10:14:13,753 | INFO | FraudShieldAI | Produced transaction 9322a4ce-2689-4682-9e5a-b84847fd34ba to Kafka (58)
2026-09-09 10:14:15,751 | INFO | FraudShieldAI | Produced transaction e1953de1-9759-4cf2-9afd-943ad10b9ff2 to Kafka (59)
2026-09-09 10:14:17,775 | INFO | FraudShieldAI | Produced transaction b07ef702-acf1-4785-b97e-fe69ca3b0cb9 to Kafka (60)
2026-09-09 10:14:19,804 | INFO | FraudShieldAI | Produced transaction 20992ad1-709a-4dd6-874d-ac2e2f3a2ca3 to Kafka (61)
2026-09-09 10:14:21,824 | INFO | FraudShieldAI | Produced transaction 48925a5d-087c-4e71-a5e7-36b8f31f44bf to Kafka (62)
2026-09-09 10:14:23,840 | INFO | FraudShieldAI | Produced transaction bb3dead0-22b3-4dba-afa9-9be551b2ed30 to Kafka (63)
2026-09-09 10:14:25,863 | INFO | FraudShieldAI | Produced transaction 3e94d8f2-361f-456a-a4c3-03d4b0f29fd9 to Kafka (64)
2026-09-09 10:14:27,883 | INFO | FraudShieldAI | Produced transaction 831ed804-98a2-4633-b1c6-4e2a27b678d5 to Kafka (65)
2026-09-09 10:14:29,909 | INFO | FraudShieldAI | Produced transaction 0d695ff3-b17a-4ca5-9995-31e8a91bf264 to Kafka (66)
2026-09-09 10:14:31,938 | INFO | FraudShieldAI | Produced transaction bfc4f193-a0e7-4eb4-a4da-fc7c07065ba1 to Kafka (67)
2026-09-09 10:14:33,958 | INFO | FraudShieldAI | Produced transaction 00575aab-cf47-4384-8130-4aa916fe09f6 to Kafka (68)
2026-09-09 10:14:35,165 | INFO | FraudShieldAI | Stopping Kafka streaming pipeline...
2026-09-09 10:14:35,166 | INFO | FraudShieldAI | Kafka producer loop cancelled.
2026-09-09 10:14:35,167 | INFO | FraudShieldAI | Kafka producer loop terminated. Produced=68
2026-09-09 10:14:35,171 | INFO | FraudShieldAI | Kafka streaming pipeline stopped.
2026-09-09 11:20:38,527 | INFO | FraudShieldAI | Kafka consumer start result: {'started': False, 'message': 'Kafka consumer is already running.'}
2026-09-09 11:20:38,536 | INFO | FraudShieldAI | Kafka streaming pipeline started.
2026-09-09 11:20:38,587 | INFO | FraudShieldAI | Kafka producer initialized successfully.
2026-09-09 11:20:38,588 | INFO | FraudShieldAI | Kafka producer loop started. interval=2.00s max_transactions=None
2026-09-09 11:20:38,789 | INFO | FraudShieldAI | Produced transaction 2f2c06a3-1f2e-4d3c-ae02-50ab76ce358b to Kafka (1)
2026-09-09 11:20:40,811 | INFO | FraudShieldAI | Produced transaction dc7c12ae-da7f-49b9-bddf-041e0b854161 to Kafka (2)
2026-09-09 11:20:42,827 | INFO | FraudShieldAI | Produced transaction e05a552e-f629-421c-9e55-8acd7459fb7e to Kafka (3)
2026-09-09 11:20:44,837 | INFO | FraudShieldAI | Produced transaction 2e7fbe63-17d3-471c-9fc8-df274d7297ee to Kafka (4)
2026-09-09 11:20:46,860 | INFO | FraudShieldAI | Produced transaction 31695d22-ca5c-4ec5-811d-71af91f42199 to Kafka (5)
2026-09-09 11:20:48,883 | INFO | FraudShieldAI | Produced transaction 919a8ccb-42f6-4a0f-b44c-dc7856265ef5 to Kafka (6)
2026-09-09 11:20:50,915 | INFO | FraudShieldAI | Produced transaction 2d41554c-a6d6-48b4-ada1-06bf5b3d91fc to Kafka (7)
2026-09-09 11:20:52,929 | INFO | FraudShieldAI | Produced transaction f9319864-a033-48db-aadf-eb594008e572 to Kafka (8)
2026-09-09 11:20:54,958 | INFO | FraudShieldAI | Produced transaction 3f0790f2-13b3-4709-99d9-0e23b0195555 to Kafka (9)
2026-09-09 11:20:56,962 | INFO | FraudShieldAI | Produced transaction 5065410e-8868-45e2-9d5f-364180d0ba6e to Kafka (10)
2026-09-09 11:20:58,983 | INFO | FraudShieldAI | Produced transaction 7d36d02e-8bcb-48ed-8453-40b15f83189e to Kafka (11)
2026-09-09 11:21:00,993 | INFO | FraudShieldAI | Produced transaction b392052b-1a36-4f6a-b9ab-a96344ba4781 to Kafka (12)
2026-09-09 11:21:03,014 | INFO | FraudShieldAI | Produced transaction f72b0d61-2f65-476c-912c-6d447f98015a to Kafka (13)
2026-09-09 11:21:05,027 | INFO | FraudShieldAI | Produced transaction f7eaeaa3-86ad-4b05-a2d1-7c545e25f7d0 to Kafka (14)
2026-09-09 11:21:07,052 | INFO | FraudShieldAI | Produced transaction cb969b94-1149-4edb-8293-b9c00717495a to Kafka (15)
2026-09-09 11:21:09,076 | INFO | FraudShieldAI | Produced transaction b17b47ce-6ec8-4bfc-bc58-7717917c5b89 to Kafka (16)
2026-09-09 11:21:11,079 | INFO | FraudShieldAI | Produced transaction 044fe663-05ab-4500-986a-9a78abe26258 to Kafka (17)
2026-09-09 11:21:13,088 | INFO | FraudShieldAI | Produced transaction 7fddbb27-f751-4718-a5ac-a9eccf6f5f79 to Kafka (18)
2026-09-09 11:21:15,098 | INFO | FraudShieldAI | Produced transaction eac9280c-e206-4193-b7df-8e0d5c8bbdec to Kafka (19)
2026-09-09 11:21:17,133 | INFO | FraudShieldAI | Produced transaction aece735c-dc13-459a-8633-f1b510462c85 to Kafka (20)
2026-09-09 11:21:19,156 | INFO | FraudShieldAI | Produced transaction 01e876fc-0d84-4eeb-a146-7e06bf2ed40d to Kafka (21)
2026-09-09 11:21:21,165 | INFO | FraudShieldAI | Produced transaction 839d2ced-9bcb-44a8-a9db-6ad32140999e to Kafka (22)
2026-09-09 11:21:23,185 | INFO | FraudShieldAI | Produced transaction 984ced8f-fd86-4c93-a912-d7e064ae79bc to Kafka (23)
2026-09-09 11:21:25,214 | INFO | FraudShieldAI | Produced transaction 82fb2202-7bba-4d1b-af94-823254765661 to Kafka (24)
2026-09-09 11:21:27,221 | INFO | FraudShieldAI | Produced transaction a3e91b27-6232-4b58-ab65-3ee49f9b296c to Kafka (25)
2026-09-09 11:21:29,233 | INFO | FraudShieldAI | Produced transaction 75ec3429-b0b4-461b-b827-33b9af46698b to Kafka (26)
2026-09-09 11:21:31,252 | INFO | FraudShieldAI | Produced transaction a38f8909-e842-47b4-bdcc-9484a7bb4f6a to Kafka (27)
2026-09-09 11:21:33,263 | INFO | FraudShieldAI | Produced transaction f088ed84-a095-49e5-9f86-a2f238b28066 to Kafka (28)
2026-09-09 11:21:35,271 | INFO | FraudShieldAI | Produced transaction 8f66ea40-913b-49f9-97cd-e9335d44af37 to Kafka (29)
2026-09-09 11:21:37,296 | INFO | FraudShieldAI | Produced transaction 2e66ece2-dd0a-4a80-9d96-0f08f1f6d1d4 to Kafka (30)
2026-09-09 11:21:39,318 | INFO | FraudShieldAI | Produced transaction cb7d5b29-f996-41d4-904e-21818e2a98f7 to Kafka (31)
2026-09-09 11:21:41,344 | INFO | FraudShieldAI | Produced transaction e476b215-2dbb-4787-8528-9a55903975be to Kafka (32)
2026-09-09 11:21:43,347 | INFO | FraudShieldAI | Produced transaction d626dba6-45a5-4a45-abaf-c5b01728bc3b to Kafka (33)
2026-09-09 11:21:45,344 | INFO | FraudShieldAI | Produced transaction ad3e40c0-9cd5-413b-8b45-b5e667b46490 to Kafka (34)
2026-09-09 11:21:47,368 | INFO | FraudShieldAI | Produced transaction eacb9e6d-641d-4068-9d34-766c337a573e to Kafka (35)
2026-09-09 11:21:49,381 | INFO | FraudShieldAI | Produced transaction 6fb3de7a-a205-48f8-a1b2-a826d3898971 to Kafka (36)
2026-09-09 11:21:51,418 | INFO | FraudShieldAI | Produced transaction ec86c38e-7249-4662-b5d8-011dbd3a0821 to Kafka (37)
2026-09-09 11:21:53,432 | INFO | FraudShieldAI | Produced transaction 0af73b3c-ef12-448a-ac1f-021d9dba2fa7 to Kafka (38)
2026-09-09 11:21:55,454 | INFO | FraudShieldAI | Produced transaction fb0d4b17-0197-4a50-a199-c6b8cf9cb145 to Kafka (39)
2026-09-09 11:21:57,460 | INFO | FraudShieldAI | Produced transaction e77408d8-5855-4069-bc83-8a1e97963566 to Kafka (40)
2026-09-09 11:21:59,490 | INFO | FraudShieldAI | Produced transaction 4f691d3a-4e1e-4231-9fdf-f4f0e599c018 to Kafka (41)
2026-09-09 11:22:01,514 | INFO | FraudShieldAI | Produced transaction e98bd784-fc2a-4354-99f1-d4f3c22e696c to Kafka (42)
2026-09-09 11:22:03,544 | INFO | FraudShieldAI | Produced transaction 5b6fffd6-f618-4de0-ba7e-c5cc3c4e8e48 to Kafka (43)
2026-09-09 11:22:05,570 | INFO | FraudShieldAI | Produced transaction 21e7b2b8-671a-4854-a09f-e14232d5f6f9 to Kafka (44)
2026-09-09 11:22:07,589 | INFO | FraudShieldAI | Produced transaction 0d49d870-cfbe-4a56-88e7-69c80a9c635e to Kafka (45)
2026-09-09 11:22:09,598 | INFO | FraudShieldAI | Produced transaction aace7f43-6d1b-425f-9c8c-6a3c9470aade to Kafka (46)
2026-09-09 11:22:11,626 | INFO | FraudShieldAI | Produced transaction d3bf8523-76e4-43d2-adf7-3b1e0110449e to Kafka (47)
2026-09-09 11:22:13,649 | INFO | FraudShieldAI | Produced transaction 1050d30e-171b-420c-bbcc-d20ef517bd1f to Kafka (48)
2026-09-09 11:22:15,673 | INFO | FraudShieldAI | Produced transaction 27e1b546-5f3a-408b-ad92-171bcbe9dae7 to Kafka (49)
2026-09-09 11:22:17,689 | INFO | FraudShieldAI | Produced transaction 8994ca98-1cf6-4273-bd1e-07c668115365 to Kafka (50)
2026-09-09 11:22:19,701 | INFO | FraudShieldAI | Produced transaction fae47a54-b652-4cff-8c5a-35010fb1ab4e to Kafka (51)
2026-09-09 11:22:21,714 | INFO | FraudShieldAI | Produced transaction 90bb4d58-adf4-4a4a-9bea-2181ad4cf802 to Kafka (52)
2026-09-09 11:22:23,724 | INFO | FraudShieldAI | Produced transaction d99bd932-fbb8-47b7-bdae-b6145ac88393 to Kafka (53)
2026-09-09 11:22:25,759 | INFO | FraudShieldAI | Produced transaction d7edb1b2-c413-4264-ba4f-83af470845c1 to Kafka (54)
2026-09-09 11:22:27,782 | INFO | FraudShieldAI | Produced transaction 52538c6a-19c6-4d6a-ab0f-d82d9048de16 to Kafka (55)
2026-09-09 11:22:29,810 | INFO | FraudShieldAI | Produced transaction 4549eb00-cd06-4992-8162-802fcabb5136 to Kafka (56)
2026-09-09 11:22:31,827 | INFO | FraudShieldAI | Produced transaction f30d557c-d7e1-41fa-8676-5d464f6e4558 to Kafka (57)
2026-09-09 11:22:33,830 | INFO | FraudShieldAI | Produced transaction bad18973-2a87-4963-9abd-11447719a708 to Kafka (58)
2026-09-09 11:22:35,828 | INFO | FraudShieldAI | Produced transaction a248f090-f5e7-4015-89c2-065d23b6fb81 to Kafka (59)
2026-09-09 11:22:37,840 | INFO | FraudShieldAI | Produced transaction c3ccf919-78f2-4357-9010-53e86905b296 to Kafka (60)
2026-09-09 11:22:39,842 | INFO | FraudShieldAI | Produced transaction a841c9cf-5d47-43ea-8aca-f9f266a09981 to Kafka (61)
2026-09-09 11:22:41,861 | INFO | FraudShieldAI | Produced transaction 26cef30e-daf5-419a-a69d-e3c3d17c0c20 to Kafka (62)
2026-09-09 11:22:43,878 | INFO | FraudShieldAI | Produced transaction 072cd60c-d673-4f64-a23d-84ae4a206f23 to Kafka (63)
2026-09-09 11:22:45,892 | INFO | FraudShieldAI | Produced transaction 8c217d26-fa53-47f8-be64-f0282bd556c0 to Kafka (64)
2026-09-09 11:22:47,902 | INFO | FraudShieldAI | Produced transaction 7679c4ab-732a-48f9-9d2c-84f88d2a8ef9 to Kafka (65)
2026-09-09 11:22:49,914 | INFO | FraudShieldAI | Produced transaction 9ead2a5a-4eec-4280-b4ac-e9aa537d7eec to Kafka (66)
2026-09-09 11:22:51,942 | INFO | FraudShieldAI | Produced transaction 31c22a74-39ed-4cc6-ae65-1c718264cd8e to Kafka (67)
2026-09-09 11:22:53,955 | INFO | FraudShieldAI | Produced transaction 1569be87-0097-4f55-97ac-dab006e717d1 to Kafka (68)
2026-09-09 11:22:55,939 | INFO | FraudShieldAI | Produced transaction 5b4fd1ff-b1e5-45d1-a493-89430f34d2bf to Kafka (69)
2026-09-09 11:22:57,943 | INFO | FraudShieldAI | Produced transaction d0543439-3052-471a-9777-9cc896278781 to Kafka (70)
2026-09-09 11:22:59,978 | INFO | FraudShieldAI | Produced transaction edd266f7-d559-4882-93c7-5eeb8a383bed to Kafka (71)
2026-09-09 11:23:02,008 | INFO | FraudShieldAI | Produced transaction 1fe3d3a2-29f0-47f4-b86f-6ebd75803025 to Kafka (72)
2026-09-09 11:23:04,043 | INFO | FraudShieldAI | Produced transaction 82851307-d869-4c59-af07-d63c2d38e490 to Kafka (73)
2026-09-09 11:23:06,066 | INFO | FraudShieldAI | Produced transaction 3f8e6026-4aa7-42f9-a6c1-418802fd8d51 to Kafka (74)
2026-09-09 11:23:08,087 | INFO | FraudShieldAI | Produced transaction 0ccf9bfb-3cd6-457f-8b7a-b241eeedfcbe to Kafka (75)
2026-09-09 11:23:10,103 | INFO | FraudShieldAI | Produced transaction 0b8dce2e-0abf-49e9-a0e0-6de1a17545bd to Kafka (76)
2026-09-09 11:23:12,141 | INFO | FraudShieldAI | Produced transaction 615497e5-f28d-4685-bf6a-36a73cfeb6ca to Kafka (77)
2026-09-09 11:23:14,155 | INFO | FraudShieldAI | Produced transaction 88bfa8cb-1cbb-4416-bab8-4ce13d3352ad to Kafka (78)
2026-09-09 11:23:16,178 | INFO | FraudShieldAI | Produced transaction 7c3c996d-77ff-4def-b5e2-e06c343a670e to Kafka (79)
2026-09-09 11:23:18,212 | INFO | FraudShieldAI | Produced transaction ca92e27d-4fb9-43f5-9e33-63a16a81f4ad to Kafka (80)
2026-09-09 11:23:20,232 | INFO | FraudShieldAI | Produced transaction 9e43e518-e713-4706-bf29-a6adf9898578 to Kafka (81)
2026-09-09 11:23:22,243 | INFO | FraudShieldAI | Produced transaction c7d39dfe-1735-4495-a09e-ee244bfa4883 to Kafka (82)
2026-09-09 11:23:24,269 | INFO | FraudShieldAI | Produced transaction 485c6f33-1d01-408f-a891-fff2ccaaa083 to Kafka (83)
2026-09-09 11:23:26,270 | INFO | FraudShieldAI | Produced transaction c93c7066-fc86-4e46-9b4f-b5877be85c9a to Kafka (84)
2026-09-09 11:23:28,307 | INFO | FraudShieldAI | Produced transaction 330ac06e-4205-4f09-8585-7d27e9c68db3 to Kafka (85)
2026-09-09 11:23:30,313 | INFO | FraudShieldAI | Produced transaction fc6f96c7-ca4d-4346-9aad-87fd0f8cf108 to Kafka (86)
2026-09-09 11:23:32,316 | INFO | FraudShieldAI | Produced transaction b210b01d-09a8-43d6-a57b-d6bb3f656cb3 to Kafka (87)
2026-09-09 11:23:34,326 | INFO | FraudShieldAI | Produced transaction bd4e4f2b-fc63-44e1-9e12-2e898b32fbbb to Kafka (88)
2026-09-09 11:23:36,352 | INFO | FraudShieldAI | Produced transaction 853b91b1-cf3e-4b56-96dc-aa8f26481115 to Kafka (89)
2026-09-09 11:23:38,385 | INFO | FraudShieldAI | Produced transaction 9497f1a0-2502-4305-830b-f33d0fa32452 to Kafka (90)
2026-09-09 11:23:40,396 | INFO | FraudShieldAI | Produced transaction 2fd00f1c-b3d2-42ad-80bb-7333cc86cd7c to Kafka (91)
2026-09-09 11:23:42,429 | INFO | FraudShieldAI | Produced transaction 5499b4d6-7be5-4d6c-aa9c-4ca1ca3ba14b to Kafka (92)
2026-09-09 11:23:44,448 | INFO | FraudShieldAI | Produced transaction 4d149fc4-d7eb-4030-94f5-05e68900cf85 to Kafka (93)
2026-09-09 11:23:46,476 | INFO | FraudShieldAI | Produced transaction e8d5473d-fbb6-4cb0-8aa4-b5ff7fa75078 to Kafka (94)
2026-09-09 11:23:48,504 | INFO | FraudShieldAI | Produced transaction ddc2b10c-c35f-45f7-bc09-9fa0e88adb4b to Kafka (95)
2026-09-09 11:23:50,515 | INFO | FraudShieldAI | Produced transaction 4585877f-23a0-461e-b9c4-555f34dd9df5 to Kafka (96)
2026-09-09 11:23:52,542 | INFO | FraudShieldAI | Produced transaction 4deb043f-200a-48ed-97c4-4bcbf5b5a24c to Kafka (97)
2026-09-09 11:23:54,557 | INFO | FraudShieldAI | Produced transaction 83a0f1ef-3b41-4801-8748-241fd5bd2069 to Kafka (98)
2026-09-09 11:23:56,563 | INFO | FraudShieldAI | Produced transaction a408bc12-0208-43cb-8395-d6df0ed71285 to Kafka (99)
2026-09-09 11:23:58,584 | INFO | FraudShieldAI | Produced transaction 14e4978a-5384-4a29-b80e-47d5bd0ffe8d to Kafka (100)
2026-09-09 11:24:00,606 | INFO | FraudShieldAI | Produced transaction af0a0003-e8dd-4544-8629-80cbd4b826f3 to Kafka (101)
2026-09-09 11:24:02,636 | INFO | FraudShieldAI | Produced transaction e74df5b2-fa58-4aa9-952e-e18383b2d1b2 to Kafka (102)
2026-09-09 11:24:04,667 | INFO | FraudShieldAI | Produced transaction 130cfc4b-f16f-4280-8b1e-518656ea3ac0 to Kafka (103)
2026-09-09 11:24:06,686 | INFO | FraudShieldAI | Produced transaction 5ed2307d-47a3-41da-bae6-2353f0548f06 to Kafka (104)
2026-09-09 11:24:08,720 | INFO | FraudShieldAI | Produced transaction 56cf6080-70c3-460f-b3bd-ef6cc2ca9f0c to Kafka (105)
2026-09-09 11:24:10,734 | INFO | FraudShieldAI | Produced transaction 4fd0c631-f481-469a-aa5f-aed62118ad35 to Kafka (106)
2026-09-09 11:24:12,751 | INFO | FraudShieldAI | Produced transaction b1c13298-4734-4376-8243-cab373d00b02 to Kafka (107)
2026-09-09 11:24:14,761 | INFO | FraudShieldAI | Produced transaction 877f6c8b-11c7-43ba-847b-08fd5a7d2ea9 to Kafka (108)
2026-09-09 11:24:16,787 | INFO | FraudShieldAI | Produced transaction ecd6821c-fd82-4a1a-82fe-d1d174279ece to Kafka (109)
2026-09-09 11:24:18,796 | INFO | FraudShieldAI | Produced transaction 03ec9b43-dcbc-4f21-a7c0-0c07b7308e7d to Kafka (110)
2026-09-09 11:24:20,823 | INFO | FraudShieldAI | Produced transaction 2e68e584-986a-4b4f-91ac-348b1d0406d0 to Kafka (111)
2026-09-09 11:24:22,858 | INFO | FraudShieldAI | Produced transaction e9542bd8-cfff-461b-9e9f-5b4c3d2dc6a1 to Kafka (112)
2026-09-09 11:24:24,864 | INFO | FraudShieldAI | Produced transaction f22816fa-6a22-4698-a0b0-153fc4f9d563 to Kafka (113)
2026-09-09 11:24:26,869 | INFO | FraudShieldAI | Produced transaction 711e23ac-c361-48b8-90c3-40dc7c004d51 to Kafka (114)
2026-09-09 11:24:28,883 | INFO | FraudShieldAI | Produced transaction 511d0068-8d52-4ea2-bcdf-156f61f906d5 to Kafka (115)
2026-09-09 11:24:30,919 | INFO | FraudShieldAI | Produced transaction 9228652a-f0a4-427f-92df-cc426016f9ac to Kafka (116)
2026-09-09 11:24:32,926 | INFO | FraudShieldAI | Produced transaction 197b0dfa-f0db-49b6-9327-8a11b55157fa to Kafka (117)
2026-09-09 11:24:34,933 | INFO | FraudShieldAI | Produced transaction 09f42d31-0bd6-45fb-9244-a27a2226fbf7 to Kafka (118)
2026-09-09 11:24:36,945 | INFO | FraudShieldAI | Produced transaction ab5166cd-d119-46cd-897b-46d5e0fdc3d0 to Kafka (119)
2026-09-09 11:24:38,968 | INFO | FraudShieldAI | Produced transaction 698351a6-13b1-45a4-a1ba-b9fa3a645d2b to Kafka (120)
2026-09-09 11:24:40,974 | INFO | FraudShieldAI | Produced transaction ff9b7cc1-5ff6-4b00-87df-6d6069f3480b to Kafka (121)
2026-09-09 11:24:43,022 | INFO | FraudShieldAI | Produced transaction 08a76882-4681-4af0-9302-1691604b969d to Kafka (122)
2026-09-09 11:24:45,040 | INFO | FraudShieldAI | Produced transaction 50fd6033-f30d-4854-8c75-482ae3761d51 to Kafka (123)
2026-09-09 11:24:47,061 | INFO | FraudShieldAI | Produced transaction d82e9e23-aa91-4bb3-8cae-3ae53ad53584 to Kafka (124)
2026-09-09 11:24:49,088 | INFO | FraudShieldAI | Produced transaction b1982626-16c7-4819-b80b-b8a1e03cd9fe to Kafka (125)
2026-09-09 11:24:51,101 | INFO | FraudShieldAI | Produced transaction 0c85e423-d9d6-4464-aee8-fbd4aff1b45e to Kafka (126)
2026-09-09 11:24:53,131 | INFO | FraudShieldAI | Produced transaction 652b23de-df4b-422d-88bd-d012585f442d to Kafka (127)
2026-09-09 11:24:55,169 | INFO | FraudShieldAI | Produced transaction 5b0c3f54-bc0c-4611-9ac5-490460d6e767 to Kafka (128)
2026-09-09 11:24:57,175 | INFO | FraudShieldAI | Produced transaction eef2d95e-d2eb-4f86-93b0-fdf6f2808d27 to Kafka (129)
2026-09-09 11:24:59,182 | INFO | FraudShieldAI | Produced transaction 1c5eea46-8926-44bd-a3a1-23abff340ccd to Kafka (130)
2026-09-09 11:25:01,212 | INFO | FraudShieldAI | Produced transaction 08d2ad7c-367c-469c-888e-0bf1a583c094 to Kafka (131)
2026-09-09 11:25:03,242 | INFO | FraudShieldAI | Produced transaction d6dd561f-ed45-477e-a9dc-4e1d978009c6 to Kafka (132)
2026-09-09 11:25:05,267 | INFO | FraudShieldAI | Produced transaction ff3cf934-a955-497a-b418-6bcba8a6889f to Kafka (133)
2026-09-09 11:25:07,288 | INFO | FraudShieldAI | Produced transaction 2d08ab07-7fee-4e57-b53c-8c7e15a87699 to Kafka (134)
2026-09-09 11:25:09,316 | INFO | FraudShieldAI | Produced transaction 17e5cbbf-002e-4483-b907-5c1826701839 to Kafka (135)
2026-09-09 11:25:11,339 | INFO | FraudShieldAI | Produced transaction 3a4ad66e-e7c4-45d0-9bae-b3346ab5a204 to Kafka (136)
2026-09-09 11:25:13,353 | INFO | FraudShieldAI | Produced transaction 8c902e0a-487e-43d7-8f81-e6db6a4fe728 to Kafka (137)
2026-09-09 11:25:15,383 | INFO | FraudShieldAI | Produced transaction 794c5f1a-72ea-4dcb-8976-471d61201324 to Kafka (138)
2026-09-09 11:25:17,421 | INFO | FraudShieldAI | Produced transaction 6eed9c2a-9c00-4460-bb91-daf3350343cd to Kafka (139)
2026-09-09 11:25:19,432 | INFO | FraudShieldAI | Produced transaction 3ef26b71-4db3-4d10-8cb0-831844908d54 to Kafka (140)
2026-09-09 11:25:21,454 | INFO | FraudShieldAI | Produced transaction 0789b03f-6edb-4801-9917-cd25d5ca4d99 to Kafka (141)
2026-09-09 11:25:23,453 | INFO | FraudShieldAI | Produced transaction 04d3eea5-039a-466e-a1e7-df29d4a58e96 to Kafka (142)
2026-09-09 11:25:25,479 | INFO | FraudShieldAI | Produced transaction 085fcf23-3a34-46cb-8005-696fefe97441 to Kafka (143)
2026-09-09 11:25:27,505 | INFO | FraudShieldAI | Produced transaction 8401817c-ddfe-4c99-bbee-068fe9f44eae to Kafka (144)
2026-09-09 11:25:29,542 | INFO | FraudShieldAI | Produced transaction ec03032f-d603-4dea-ae21-58f0798f8d96 to Kafka (145)
2026-09-09 11:25:31,562 | INFO | FraudShieldAI | Produced transaction f63738a5-71ce-47bb-9da8-9d2ef2523d74 to Kafka (146)
2026-09-09 11:25:33,571 | INFO | FraudShieldAI | Produced transaction 7b6782ef-5470-46b7-9706-6bf218419830 to Kafka (147)
2026-09-09 11:25:35,591 | INFO | FraudShieldAI | Produced transaction 133ce237-de3e-44b7-93fa-cc8ed21e7ee1 to Kafka (148)
2026-09-09 11:25:37,620 | INFO | FraudShieldAI | Produced transaction 669eed95-15f6-462a-b3d8-1a2e2f6902f0 to Kafka (149)
2026-09-09 11:25:39,631 | INFO | FraudShieldAI | Produced transaction 62d75f2c-fa34-46d3-876a-31c7c70f9e4b to Kafka (150)
2026-09-09 11:25:41,661 | INFO | FraudShieldAI | Produced transaction a93d76f5-0abd-41b4-be6c-6acdccd74a55 to Kafka (151)
2026-09-09 11:25:43,697 | INFO | FraudShieldAI | Produced transaction 824a3e06-c260-49c4-8bbb-8bab50b641ee to Kafka (152)
2026-09-09 11:25:45,708 | INFO | FraudShieldAI | Produced transaction ac1dd000-2393-4876-ad9c-29d6f9adc9e9 to Kafka (153)
2026-09-09 11:25:47,725 | INFO | FraudShieldAI | Produced transaction e9843f3e-7ebf-4494-9d96-ad67df589ad7 to Kafka (154)
2026-09-09 11:25:49,739 | INFO | FraudShieldAI | Produced transaction 06e2b9d8-41cd-469f-b2c3-e180d24c95fd to Kafka (155)
2026-09-09 11:25:51,775 | INFO | FraudShieldAI | Produced transaction 5480c523-acc3-43ef-8372-e47c1b396292 to Kafka (156)
2026-09-09 11:25:53,808 | INFO | FraudShieldAI | Produced transaction 16fac6e2-da7e-4c11-8dda-90370200ffee to Kafka (157)
2026-09-09 11:25:55,815 | INFO | FraudShieldAI | Produced transaction b3f74a67-da73-4743-adb0-f5f97ad2317a to Kafka (158)
2026-09-09 11:25:57,822 | INFO | FraudShieldAI | Produced transaction 5ee955d9-5733-46e8-a4d5-91d5de67882f to Kafka (159)
2026-09-09 11:25:59,848 | INFO | FraudShieldAI | Produced transaction 2ea027ea-94d0-4022-9a7c-f965c583216a to Kafka (160)
2026-09-09 11:26:01,841 | INFO | FraudShieldAI | Produced transaction eb8b34ca-2691-4df5-9539-c04d9e9e3013 to Kafka (161)
2026-09-09 11:26:03,853 | INFO | FraudShieldAI | Produced transaction ae871ba7-acf8-4c6d-a42a-c1031374e3bf to Kafka (162)
2026-09-09 11:26:05,881 | INFO | FraudShieldAI | Produced transaction 22d11cb3-d929-40e5-b11c-fabd1ec87930 to Kafka (163)
2026-09-09 11:26:07,890 | INFO | FraudShieldAI | Produced transaction 54144025-5eb4-4c5c-8ddf-b785f525fb6b to Kafka (164)
2026-09-09 11:26:09,915 | INFO | FraudShieldAI | Produced transaction 5f331218-a8ff-43ba-8115-4d5611dcdaac to Kafka (165)
2026-09-09 11:26:11,928 | INFO | FraudShieldAI | Produced transaction be2a0b25-21e5-4831-8f56-14ff01f860bc to Kafka (166)
2026-09-09 11:26:13,967 | INFO | FraudShieldAI | Produced transaction 643153a0-129b-41d5-a604-96d93b9a702d to Kafka (167)
2026-09-09 11:26:15,986 | INFO | FraudShieldAI | Produced transaction ae3480c1-db83-4edb-b7d8-dd73b6c0fe19 to Kafka (168)
2026-09-09 11:26:18,003 | INFO | FraudShieldAI | Produced transaction ce0d76a4-0ed2-4a49-9f00-30728194cf86 to Kafka (169)
2026-09-09 11:26:20,026 | INFO | FraudShieldAI | Produced transaction bbd3f493-ff59-40b0-9bcb-8f9282de9f28 to Kafka (170)
2026-09-09 11:26:22,047 | INFO | FraudShieldAI | Produced transaction 64545209-b859-4678-b37d-fcd197f382c0 to Kafka (171)
2026-09-09 11:26:24,061 | INFO | FraudShieldAI | Produced transaction 1eb1a740-c39c-482f-9476-50155e2e44c3 to Kafka (172)
2026-09-09 11:26:26,088 | INFO | FraudShieldAI | Produced transaction eb126173-088e-47bf-8804-420478685a64 to Kafka (173)
2026-09-09 11:26:28,118 | INFO | FraudShieldAI | Produced transaction e72ac57e-6927-4a20-b308-d4255236ed67 to Kafka (174)
2026-09-09 11:26:30,143 | INFO | FraudShieldAI | Produced transaction 0a490b04-e5e8-4e14-b82b-23f8a0229310 to Kafka (175)
2026-09-09 11:26:32,164 | INFO | FraudShieldAI | Produced transaction 0af89142-b3ab-4534-b5ee-df4f91f98bc4 to Kafka (176)
2026-09-09 11:26:34,189 | INFO | FraudShieldAI | Produced transaction 6daac39f-ee1f-48c0-b7a8-f8d2f14c5cc6 to Kafka (177)
2026-09-09 11:26:36,192 | INFO | FraudShieldAI | Produced transaction 1cda7de5-8623-4d5f-8e5b-6b4da1118989 to Kafka (178)
2026-09-09 11:26:38,208 | INFO | FraudShieldAI | Produced transaction b95a0e4f-663e-42a8-93f1-e4998a91328c to Kafka (179)
2026-09-09 11:26:40,190 | INFO | FraudShieldAI | Produced transaction db0a2d93-024f-4da9-9da3-d89e9875e963 to Kafka (180)
2026-09-09 11:26:42,209 | INFO | FraudShieldAI | Produced transaction 2e4c4a31-2eb8-4a54-b712-471a8e3ae670 to Kafka (181)
2026-09-09 11:26:44,231 | INFO | FraudShieldAI | Produced transaction f40dcc36-d195-4101-88f0-095d7fb2ab4c to Kafka (182)
2026-09-09 11:26:46,254 | INFO | FraudShieldAI | Produced transaction 53a23715-89e2-4134-b071-9ad98a71cdd2 to Kafka (183)
2026-09-09 11:26:48,257 | INFO | FraudShieldAI | Produced transaction 71ef1660-e0bb-4609-91de-58f5a79d78ab to Kafka (184)
2026-09-09 11:26:50,274 | INFO | FraudShieldAI | Produced transaction 70098005-20da-47d2-ae88-7f31bd8cf978 to Kafka (185)
2026-09-09 11:26:52,300 | INFO | FraudShieldAI | Produced transaction 74ed69bd-5d9f-4c6a-bb62-9731d1d20a37 to Kafka (186)
2026-09-09 11:26:54,310 | INFO | FraudShieldAI | Produced transaction 68d0f188-7f02-4e95-b3ac-0f4cce9874cb to Kafka (187)
2026-09-09 11:26:56,328 | INFO | FraudShieldAI | Produced transaction aafe8239-214a-4dc8-8e8f-311ebd8cd1f6 to Kafka (188)
2026-09-09 11:26:58,357 | INFO | FraudShieldAI | Produced transaction 4480fbee-d4a3-4165-9c69-1e3c800b3732 to Kafka (189)
2026-09-09 11:27:00,388 | INFO | FraudShieldAI | Produced transaction f514e753-4fff-4f98-9c70-56798ce0aaa7 to Kafka (190)
2026-09-09 11:27:02,405 | INFO | FraudShieldAI | Produced transaction d556b296-e6f6-4acc-babe-293e46308db4 to Kafka (191)
2026-09-09 11:27:04,424 | INFO | FraudShieldAI | Produced transaction 5dc61674-5905-4476-8371-ddcc436817e1 to Kafka (192)
2026-09-09 11:27:06,443 | INFO | FraudShieldAI | Produced transaction eb826d30-dbaf-4002-ad8d-92e2b08b66b0 to Kafka (193)
2026-09-09 11:27:08,466 | INFO | FraudShieldAI | Produced transaction b5d89065-61ab-4a7c-b2f7-16ccade8e492 to Kafka (194)
2026-09-09 11:27:10,495 | INFO | FraudShieldAI | Produced transaction 41ab3ccf-6744-4cf5-aeeb-bc43394323b4 to Kafka (195)
2026-09-09 11:27:12,520 | INFO | FraudShieldAI | Produced transaction 9532f176-6a0d-4101-9526-9b9671158e42 to Kafka (196)
2026-09-09 11:27:14,535 | INFO | FraudShieldAI | Produced transaction c3566961-801b-4ca9-bbfd-f31bbfddfae7 to Kafka (197)
2026-09-09 11:27:16,555 | INFO | FraudShieldAI | Produced transaction 990988db-b4b0-49e7-900c-f2c9cb8794a2 to Kafka (198)
2026-09-09 11:27:18,582 | INFO | FraudShieldAI | Produced transaction ef975b37-6094-4090-b323-5ceee4ba3c7f to Kafka (199)
2026-09-09 11:27:20,579 | INFO | FraudShieldAI | Produced transaction d754245e-0022-4b94-a27f-046f0f5470b6 to Kafka (200)
2026-09-09 11:27:22,596 | INFO | FraudShieldAI | Produced transaction 32dfdd9d-7234-47ca-9a07-31ff26dff1d7 to Kafka (201)
2026-09-09 11:27:24,619 | INFO | FraudShieldAI | Produced transaction 17b5b50f-fff0-421e-a9a7-0a6890351928 to Kafka (202)
2026-09-09 11:27:26,633 | INFO | FraudShieldAI | Produced transaction ca610e8e-1f55-4625-a7ed-841a7564f0ed to Kafka (203)
2026-09-09 11:27:28,650 | INFO | FraudShieldAI | Produced transaction 255f7397-bc53-4a19-a705-00f817e6be04 to Kafka (204)
2026-09-09 11:27:30,674 | INFO | FraudShieldAI | Produced transaction 19954b4a-9593-45d4-a935-27ae97155678 to Kafka (205)
2026-09-09 11:27:32,705 | INFO | FraudShieldAI | Produced transaction 187a0cf6-da21-4c3e-bfaf-5423a1c379f5 to Kafka (206)
2026-09-09 11:27:34,721 | INFO | FraudShieldAI | Produced transaction c90cb7bb-2cbc-459c-b496-39870bf4a8cc to Kafka (207)
2026-09-09 11:27:36,727 | INFO | FraudShieldAI | Produced transaction ca947ed3-68ba-4619-aafc-064273e1859c to Kafka (208)
2026-09-09 11:27:38,745 | INFO | FraudShieldAI | Produced transaction 50507910-1827-43b7-bad9-965d00a4c610 to Kafka (209)
2026-09-09 11:27:40,753 | INFO | FraudShieldAI | Produced transaction 999459d2-904d-4a77-88c5-d3e35966cec2 to Kafka (210)
2026-09-09 11:27:42,783 | INFO | FraudShieldAI | Produced transaction 08351729-05ac-4c35-82f2-ee03c6fa504d to Kafka (211)
2026-09-09 11:27:44,809 | INFO | FraudShieldAI | Produced transaction 16cce24a-c2b6-4b20-821f-6d15191ff6b3 to Kafka (212)
2026-09-09 11:27:46,824 | INFO | FraudShieldAI | Produced transaction 463b081d-f9b9-4b8e-a8c4-a4c88ec3bec2 to Kafka (213)
2026-09-09 11:27:48,817 | INFO | FraudShieldAI | Produced transaction 19422e2d-f734-41e6-b943-384d4f590e26 to Kafka (214)
2026-09-09 11:27:50,826 | INFO | FraudShieldAI | Produced transaction 2f8ab6e0-04e1-437c-b03c-f765ad47bf46 to Kafka (215)
2026-09-09 11:27:52,852 | INFO | FraudShieldAI | Produced transaction eaa2f855-f60a-43a3-85a3-2d9dfd38bc66 to Kafka (216)
2026-09-09 11:27:54,876 | INFO | FraudShieldAI | Produced transaction 3361c1d3-d68d-4c6e-8654-e54738bcc2f4 to Kafka (217)
2026-09-09 11:27:56,889 | INFO | FraudShieldAI | Produced transaction 56f9ea4c-5b3d-42d8-9b58-e196ae78ce9e to Kafka (218)
2026-09-09 11:27:58,903 | INFO | FraudShieldAI | Produced transaction c7627f97-0287-4430-a208-97f21e7741cf to Kafka (219)
2026-09-09 11:28:00,920 | INFO | FraudShieldAI | Produced transaction a83cfd1a-d1c7-4d7b-b079-b13da0ff4c33 to Kafka (220)
2026-09-09 11:28:02,946 | INFO | FraudShieldAI | Produced transaction bfb6f8b6-0090-4f4d-9e86-769729890fd1 to Kafka (221)
2026-09-09 11:28:04,942 | INFO | FraudShieldAI | Produced transaction f775af59-6886-4d52-8295-0dd1365a5f87 to Kafka (222)
2026-09-09 11:28:06,953 | INFO | FraudShieldAI | Produced transaction 9bf3d52f-91cb-4141-b065-f8cf6fe60440 to Kafka (223)
2026-09-09 11:28:08,976 | INFO | FraudShieldAI | Produced transaction 4024921b-a224-43e7-8c87-8493abffd483 to Kafka (224)
2026-09-09 11:28:10,998 | INFO | FraudShieldAI | Produced transaction 09ab2644-5311-4749-b71c-46e739280c63 to Kafka (225)
2026-09-09 11:28:13,009 | INFO | FraudShieldAI | Produced transaction a9dd7e2a-881a-48ca-9cb7-eec7c48f96bd to Kafka (226)
2026-09-09 11:28:15,030 | INFO | FraudShieldAI | Produced transaction 347a1161-cf30-4aec-b4cc-17e9c7d2c8ef to Kafka (227)
2026-09-09 11:28:17,044 | INFO | FraudShieldAI | Produced transaction 949e98fe-2d0f-4586-834b-3a771999d593 to Kafka (228)
2026-09-09 11:28:19,055 | INFO | FraudShieldAI | Produced transaction 2541daf8-97e6-4e8a-bf8c-9ee5a3ab0482 to Kafka (229)
2026-09-09 11:28:21,078 | INFO | FraudShieldAI | Produced transaction a070b2ef-1f11-44a9-8fdc-e26a07d3f8f4 to Kafka (230)
2026-09-09 11:28:23,107 | INFO | FraudShieldAI | Produced transaction 27342e87-30b7-4587-a49e-fab57630c9b5 to Kafka (231)
2026-09-09 11:28:25,122 | INFO | FraudShieldAI | Produced transaction 125e7a87-9db8-4757-b3dc-22bc4d346c50 to Kafka (232)
2026-09-09 11:28:27,140 | INFO | FraudShieldAI | Produced transaction 1eef98df-499c-4f50-bffc-dd3faf4e0f37 to Kafka (233)
2026-09-09 11:28:29,166 | INFO | FraudShieldAI | Produced transaction e761ad70-3397-41b1-b754-8104c854d9b8 to Kafka (234)
2026-09-09 11:28:31,199 | INFO | FraudShieldAI | Produced transaction 7b30f296-b3e5-4dc5-9588-593e5e2f65a4 to Kafka (235)
2026-09-09 11:28:33,217 | INFO | FraudShieldAI | Produced transaction 7724e951-a3e6-4aed-b2b2-bfea9923a61a to Kafka (236)
2026-09-09 11:28:35,232 | INFO | FraudShieldAI | Produced transaction 0ad3482a-4a58-43eb-b265-f34812060969 to Kafka (237)
2026-09-09 11:28:37,263 | INFO | FraudShieldAI | Produced transaction 956bd35f-e7b8-483c-9b17-53949333fb29 to Kafka (238)
2026-09-09 11:28:39,286 | INFO | FraudShieldAI | Produced transaction d200d0f3-c1ef-42a9-a380-4786097bef25 to Kafka (239)
2026-09-09 11:28:41,291 | INFO | FraudShieldAI | Produced transaction 2ceef86d-9c83-4432-84b0-bcc07e391653 to Kafka (240)
2026-09-09 11:28:43,309 | INFO | FraudShieldAI | Produced transaction ebb15516-0424-402e-b0c4-5550c2cd5d67 to Kafka (241)
2026-09-09 11:28:45,330 | INFO | FraudShieldAI | Produced transaction 24d753ce-ec5c-48e0-8237-5b1516b2972a to Kafka (242)
2026-09-09 11:28:47,328 | INFO | FraudShieldAI | Produced transaction 3e8d17ee-bdfa-4847-aa2b-ec0c3f6d94ae to Kafka (243)
2026-09-09 11:28:49,332 | INFO | FraudShieldAI | Produced transaction f0f4aa19-f15e-46cc-996a-eb57f8ed7f34 to Kafka (244)
2026-09-09 11:28:51,330 | INFO | FraudShieldAI | Produced transaction cfc5a2c1-55d0-4c9b-965e-f56c8237b53d to Kafka (245)
2026-09-09 11:28:53,342 | INFO | FraudShieldAI | Produced transaction e583294f-0340-4015-8725-dc908f4b7ba1 to Kafka (246)
2026-09-09 11:28:55,344 | INFO | FraudShieldAI | Produced transaction c07d4a9e-2aba-4845-9a39-a15b5200bc0a to Kafka (247)
2026-09-09 11:28:57,368 | INFO | FraudShieldAI | Produced transaction 956e8168-bb0f-4b52-a6d0-3f82a332437f to Kafka (248)
2026-09-09 11:28:59,395 | INFO | FraudShieldAI | Produced transaction 71cdfdb7-884d-4b09-b442-d5fca71284d0 to Kafka (249)
2026-09-09 11:29:01,420 | INFO | FraudShieldAI | Produced transaction efb470c3-5f2c-48af-a9a6-9aaea4849bab to Kafka (250)
2026-09-09 11:29:03,441 | INFO | FraudShieldAI | Produced transaction c26d154b-2027-4220-b870-2d19b529c961 to Kafka (251)
2026-09-09 11:29:05,460 | INFO | FraudShieldAI | Produced transaction 254064b4-9d93-405a-8c94-234cb800b395 to Kafka (252)
2026-09-09 11:29:07,472 | INFO | FraudShieldAI | Produced transaction e923eb68-edb1-49fd-8f56-128475dd0a27 to Kafka (253)
2026-09-09 11:29:09,475 | INFO | FraudShieldAI | Produced transaction 74cb09cc-4342-47d0-841c-943ba1668921 to Kafka (254)
2026-09-09 11:29:11,488 | INFO | FraudShieldAI | Produced transaction 3d1e2a8a-fe43-4ee9-968a-3f1578924209 to Kafka (255)
2026-09-09 11:29:13,504 | INFO | FraudShieldAI | Produced transaction 16d5f2e5-324d-4c65-baf6-b36eb44dd1b4 to Kafka (256)
2026-09-09 11:29:15,550 | INFO | FraudShieldAI | Produced transaction 21179ebe-1fe6-40da-a468-075df06dc15e to Kafka (257)
2026-09-09 11:29:17,571 | INFO | FraudShieldAI | Produced transaction f488b116-2a17-43fb-8763-0f2279d5ffae to Kafka (258)
2026-09-09 11:29:19,579 | INFO | FraudShieldAI | Produced transaction 23d5fa88-e591-4c9c-aefc-a1e885d550e3 to Kafka (259)
2026-09-09 11:29:21,585 | INFO | FraudShieldAI | Produced transaction 481df5fd-f2ce-4012-8ab8-89022d228276 to Kafka (260)
2026-09-09 11:29:23,622 | INFO | FraudShieldAI | Produced transaction 96790808-4cc5-458e-9bf2-2289d49b3c9e to Kafka (261)
2026-09-09 11:29:25,624 | INFO | FraudShieldAI | Produced transaction e94adb97-adc8-4ec0-95f5-0d7e9a0737e0 to Kafka (262)
2026-09-09 11:29:27,629 | INFO | FraudShieldAI | Produced transaction e50e8327-b4a6-4cd1-b7a4-909b8ec1e90f to Kafka (263)
2026-09-09 11:29:29,635 | INFO | FraudShieldAI | Produced transaction f54cf0df-1023-4789-86d8-308302bf9e12 to Kafka (264)
2026-09-09 11:29:31,664 | INFO | FraudShieldAI | Produced transaction d927a543-7adb-413b-8d10-2cc84da6e6b9 to Kafka (265)
2026-09-09 11:29:33,695 | INFO | FraudShieldAI | Produced transaction 03be6c0d-91a9-4eb0-a361-16c183c7fba4 to Kafka (266)
2026-09-09 11:29:35,708 | INFO | FraudShieldAI | Produced transaction d9a5c8bc-f434-427e-a6b9-ea30508957aa to Kafka (267)
2026-09-09 11:29:37,731 | INFO | FraudShieldAI | Produced transaction 5d9be66b-f48f-4092-a920-ba1ec8affebd to Kafka (268)
2026-09-09 11:29:39,751 | INFO | FraudShieldAI | Produced transaction 64a1bc6b-5c3b-4e48-b55d-978b0b6c3d82 to Kafka (269)
2026-09-09 11:29:41,761 | INFO | FraudShieldAI | Produced transaction 04e2dd65-b7c3-49a6-a0e9-1796ba1d6ace to Kafka (270)
2026-09-09 11:29:43,770 | INFO | FraudShieldAI | Produced transaction 5686efeb-5af8-48c4-8d4c-55480af3687f to Kafka (271)
2026-09-09 11:29:45,784 | INFO | FraudShieldAI | Produced transaction 1436d74b-78cc-476f-b77e-08b9b1454be4 to Kafka (272)
2026-09-09 11:29:47,816 | INFO | FraudShieldAI | Produced transaction 2ab1daf9-8580-489c-913d-47056a0a0b32 to Kafka (273)
2026-09-09 11:29:49,836 | INFO | FraudShieldAI | Produced transaction c24b161a-f029-48ff-9f73-de408453c695 to Kafka (274)
2026-09-09 11:29:51,853 | INFO | FraudShieldAI | Produced transaction 7309e5e2-cefb-465b-947f-047823eb4bcb to Kafka (275)
2026-09-09 11:29:53,885 | INFO | FraudShieldAI | Produced transaction 9f9e4ca9-0123-4652-ad3b-6d403b124015 to Kafka (276)
2026-09-09 11:29:55,898 | INFO | FraudShieldAI | Produced transaction 70e2e306-eb9d-4e93-a1a1-142c1b0dd48c to Kafka (277)
2026-09-09 11:29:57,926 | INFO | FraudShieldAI | Produced transaction 4ca05bfd-0f2d-46d1-aeda-a784d4488cfb to Kafka (278)
2026-09-09 11:29:59,964 | INFO | FraudShieldAI | Produced transaction f1223d7d-fd81-427a-a42b-d82562df8bff to Kafka (279)
2026-09-09 11:30:01,991 | INFO | FraudShieldAI | Produced transaction 7c28c432-866b-4ccf-bd9b-73bcd54e9be7 to Kafka (280)
2026-09-09 11:30:04,008 | INFO | FraudShieldAI | Produced transaction 2390e872-9c1f-4ab2-80d7-6d7ebadd25b4 to Kafka (281)
2026-09-09 11:30:06,067 | INFO | FraudShieldAI | Produced transaction f783817d-8ea9-4daa-9560-ac88d80aa5d2 to Kafka (282)
2026-09-09 11:30:08,077 | INFO | FraudShieldAI | Produced transaction 3860a4c7-1dba-408e-ae99-ba4fab588d06 to Kafka (283)
2026-09-09 11:30:10,106 | INFO | FraudShieldAI | Produced transaction a5a07b92-b02b-420e-b75c-842ca9597495 to Kafka (284)
2026-09-09 11:30:12,116 | INFO | FraudShieldAI | Produced transaction 183b2d93-a728-4d18-b0b6-a7ca5461ce29 to Kafka (285)
2026-09-09 11:30:14,144 | INFO | FraudShieldAI | Produced transaction 3f6ebdcc-a942-41ab-96e7-4c4497bfe452 to Kafka (286)
2026-09-09 11:30:16,162 | INFO | FraudShieldAI | Produced transaction 5ae31dba-ca81-4250-9d47-d84248cc32c3 to Kafka (287)
2026-09-09 11:30:18,203 | INFO | FraudShieldAI | Produced transaction a774b076-40b4-45ec-ac49-dac80e4499ca to Kafka (288)
2026-09-09 11:30:20,223 | INFO | FraudShieldAI | Produced transaction 737d22e2-4217-40ce-ab48-7baa6d15a7fc to Kafka (289)
2026-09-09 11:30:22,260 | INFO | FraudShieldAI | Produced transaction 45419838-be75-4305-b33e-270345553d9b to Kafka (290)
2026-09-09 11:30:24,275 | INFO | FraudShieldAI | Produced transaction ef3ebb2b-96bd-4020-9082-f06849bf7861 to Kafka (291)
2026-09-09 11:30:26,313 | INFO | FraudShieldAI | Produced transaction b189efd4-229f-4c2d-9cbb-4e4542ae5c6c to Kafka (292)
2026-09-09 11:30:28,338 | INFO | FraudShieldAI | Produced transaction 0b57b16c-3c2b-4deb-b817-d011e7d1ed12 to Kafka (293)
2026-09-09 11:30:30,367 | INFO | FraudShieldAI | Produced transaction c279d393-3f69-4e32-bdc6-56fc0453d65e to Kafka (294)
2026-09-09 11:30:32,406 | INFO | FraudShieldAI | Produced transaction d357772c-4d39-417d-a232-b8fc8066e8e2 to Kafka (295)
2026-09-09 11:30:34,416 | INFO | FraudShieldAI | Produced transaction efe59130-42ad-45a5-a8f0-086b021fc170 to Kafka (296)
2026-09-09 11:30:36,434 | INFO | FraudShieldAI | Produced transaction 41ede39e-9451-41fa-aca1-706c9d692531 to Kafka (297)
2026-09-09 11:30:37,884 | INFO | FraudShieldAI | Closed MongoDB connection
2026-09-09 11:30:37,936 | INFO | FraudShieldAI | Kafka producer loop cancelled.
2026-09-09 11:30:37,941 | INFO | FraudShieldAI | Kafka producer loop terminated. Produced=297
2026-09-09 11:31:03,599 | INFO | FraudShieldAI | Connected to MongoDB
2026-09-09 11:32:00,453 | INFO | FraudShieldAI | Closed MongoDB connection
2026-09-09 11:32:15,501 | INFO | FraudShieldAI | Connected to MongoDB
2026-09-09 12:38:33,839 | INFO | FraudShieldAI | Kafka consumer start result: {'started': True, 'message': 'Kafka consumer started successfully.'}
2026-09-09 12:38:33,844 | INFO | FraudShieldAI | Kafka streaming pipeline started.
2026-09-09 12:38:34,010 | INFO | FraudShieldAI | Kafka producer initialized successfully.
2026-09-09 12:38:34,014 | INFO | FraudShieldAI | Kafka producer loop started. interval=2.00s max_transactions=None
2026-09-09 12:38:34,321 | INFO | FraudShieldAI | Produced transaction 3befee4a-68d5-4af8-8c25-cf15291a9974 to Kafka (1)
2026-09-09 12:38:36,389 | INFO | FraudShieldAI | Produced transaction 676e09cf-4d72-441a-84b8-2d3e0cf965fd to Kafka (2)
2026-09-09 12:38:38,409 | INFO | FraudShieldAI | Produced transaction b10c4b31-b16b-4f24-83c2-0492d8371ef8 to Kafka (3)
2026-09-09 12:38:40,424 | INFO | FraudShieldAI | Produced transaction 0472fd2f-dce2-4228-9ed9-ee37053f2eea to Kafka (4)
2026-09-09 12:38:42,451 | INFO | FraudShieldAI | Produced transaction f5a9627b-3a8a-4ade-ae63-ed5aaeac5eb1 to Kafka (5)
2026-09-09 12:38:44,472 | INFO | FraudShieldAI | Produced transaction cee3ea75-2084-454a-9381-59f6d4c181ae to Kafka (6)
2026-09-09 12:38:46,500 | INFO | FraudShieldAI | Produced transaction c96dac52-a269-4b1f-a94c-d87cae9e72cf to Kafka (7)
2026-09-09 12:38:48,498 | INFO | FraudShieldAI | Produced transaction 69558c3c-2716-4a92-a8a6-da492afef759 to Kafka (8)
2026-09-09 12:38:51,880 | INFO | FraudShieldAI | Produced transaction 02aa7435-6652-4d48-944e-8b3ddb3d48a3 to Kafka (9)
2026-09-09 12:38:53,963 | INFO | FraudShieldAI | Produced transaction ddb9e881-0d13-4631-a2e0-098214366d61 to Kafka (10)
2026-09-09 12:38:56,000 | INFO | FraudShieldAI | Produced transaction 9a7143fc-1464-44ca-92c5-2f73c2f741be to Kafka (11)
2026-09-09 12:38:58,019 | INFO | FraudShieldAI | Produced transaction 6d0fba88-12b4-47ba-9bdf-e236b00b0691 to Kafka (12)
2026-09-09 12:39:00,482 | INFO | FraudShieldAI | Produced transaction 4b5dbda8-3a1c-429e-80b4-7ea0cb40db00 to Kafka (13)
2026-09-09 12:39:02,574 | INFO | FraudShieldAI | Produced transaction 8476ddb3-f2ac-4c48-af2e-30c3bf942cae to Kafka (14)
2026-09-09 12:39:04,597 | INFO | FraudShieldAI | Produced transaction 45af9e44-2691-40e4-9d1c-32ef08184778 to Kafka (15)
2026-09-09 12:39:06,611 | INFO | FraudShieldAI | Produced transaction 80405adc-0a52-444c-8c1c-d71fcdb33cf3 to Kafka (16)
2026-09-09 12:39:09,652 | INFO | FraudShieldAI | Produced transaction fd7fe551-28b4-4b9a-b9f4-4152eca2505a to Kafka (17)
2026-09-09 12:39:11,662 | INFO | FraudShieldAI | Produced transaction f851bc4a-e063-4b42-92b4-77b622e3746d to Kafka (18)
2026-09-09 12:39:13,685 | INFO | FraudShieldAI | Produced transaction 9bbe39f7-530a-4841-b089-00165d6b203b to Kafka (19)
2026-09-09 12:39:15,734 | INFO | FraudShieldAI | Produced transaction e6f1bbb2-3352-4857-b571-d839608dc1d9 to Kafka (20)
2026-09-09 12:39:25,021 | INFO | FraudShieldAI | Produced transaction 0be0ef3d-4331-426b-bacf-612d3e02eaa1 to Kafka (21)
2026-09-09 12:39:27,061 | INFO | FraudShieldAI | Produced transaction fbabd675-323b-406d-91ba-127533b3a29b to Kafka (22)
2026-09-09 12:39:29,079 | INFO | FraudShieldAI | Produced transaction 00dc6947-8d9d-444d-9c14-47a3a9e800d8 to Kafka (23)
2026-09-09 12:39:31,092 | INFO | FraudShieldAI | Produced transaction 9f19b2d4-51e1-4154-bfe2-876f7c0a4e28 to Kafka (24)
2026-09-09 12:39:33,112 | INFO | FraudShieldAI | Produced transaction ffc5c21b-e2b6-4b32-b54d-0f00227abc4f to Kafka (25)
2026-09-09 12:39:35,528 | INFO | FraudShieldAI | Produced transaction dc14e9a1-f404-452c-a24d-e7cd8127c88c to Kafka (26)
2026-09-09 12:39:37,542 | INFO | FraudShieldAI | Produced transaction 8f244e01-a99a-4805-a19f-ce24b4112abe to Kafka (27)
2026-09-09 12:39:39,552 | INFO | FraudShieldAI | Produced transaction 0dae8b06-9419-4802-95c3-7074534490e8 to Kafka (28)
2026-09-09 12:39:41,573 | INFO | FraudShieldAI | Produced transaction f311481f-b604-4093-bbaa-2ba649fdd34b to Kafka (29)
2026-09-09 12:39:43,578 | INFO | FraudShieldAI | Produced transaction 7c5f395f-68e8-47b3-9206-3e43db2cc7ab to Kafka (30)
2026-09-09 12:39:45,586 | INFO | FraudShieldAI | Produced transaction c5ad8a5f-ed17-4dc7-8c42-e0df3d8f8d7e to Kafka (31)
2026-09-09 12:39:47,606 | INFO | FraudShieldAI | Produced transaction d7175ef1-ec2e-490b-a456-e1dca2b301c3 to Kafka (32)
2026-09-09 12:39:50,198 | INFO | FraudShieldAI | Produced transaction 52f1ce79-f6aa-472f-a6e5-343193eee033 to Kafka (33)
2026-09-09 12:39:52,488 | INFO | FraudShieldAI | Produced transaction dbf8c23a-8992-4a3c-b3ac-561892215509 to Kafka (34)
2026-09-09 12:39:54,542 | INFO | FraudShieldAI | Produced transaction d383c52f-43ff-48c1-995d-33f2f12dbe36 to Kafka (35)
2026-09-09 12:39:56,583 | INFO | FraudShieldAI | Produced transaction 726e4b6f-b9d7-4611-98fc-872e1830fc83 to Kafka (36)
2026-09-09 12:39:58,605 | INFO | FraudShieldAI | Produced transaction 6fecca07-ad5e-469d-9bdc-f86a8e597de7 to Kafka (37)
2026-09-09 12:40:00,640 | INFO | FraudShieldAI | Produced transaction 08a25efc-40ee-41b0-98f6-b0c8344ca7b0 to Kafka (38)
2026-09-09 12:40:02,639 | INFO | FraudShieldAI | Produced transaction 0b85f4aa-3f57-4158-880b-7f7ef97a1ae6 to Kafka (39)
2026-09-09 12:40:04,663 | INFO | FraudShieldAI | Produced transaction 84bf783e-dd15-4846-b1d3-acea18e29d40 to Kafka (40)
2026-09-09 12:40:06,700 | INFO | FraudShieldAI | Produced transaction 744e17f5-9f2f-4726-a895-e398cdd71669 to Kafka (41)
2026-09-09 12:40:08,965 | INFO | FraudShieldAI | Produced transaction ee7684ed-2e49-4052-b948-64879856ffb4 to Kafka (42)
2026-09-09 12:40:11,196 | INFO | FraudShieldAI | Produced transaction 7848e35b-2b16-4fe1-bb0f-45b4b3fe7abb to Kafka (43)
2026-09-09 12:40:13,195 | INFO | FraudShieldAI | Produced transaction 739d236d-91c1-45c6-9722-96317854e8f8 to Kafka (44)
2026-09-09 12:40:15,237 | INFO | FraudShieldAI | Produced transaction 86feb08c-ba7a-4ec4-9b05-47e9a47607a9 to Kafka (45)
2026-09-09 12:40:17,257 | INFO | FraudShieldAI | Produced transaction 491a8c2d-07a9-4344-b8d4-62ff7433d1e4 to Kafka (46)
2026-09-09 12:40:19,361 | INFO | FraudShieldAI | Produced transaction 0b3cac17-fd38-4fb2-b304-d25b6961410c to Kafka (47)
2026-09-09 12:40:21,420 | INFO | FraudShieldAI | Produced transaction 5806bcfd-548c-4d9e-9146-ff6870997e7d to Kafka (48)
2026-09-09 12:40:23,484 | INFO | FraudShieldAI | Produced transaction c7d6652d-b453-4d46-9631-ceb06148c990 to Kafka (49)
2026-09-09 12:40:25,535 | INFO | FraudShieldAI | Produced transaction a8650e6c-5208-455a-9426-e51cf2f5dd0f to Kafka (50)
2026-09-09 12:40:27,557 | INFO | FraudShieldAI | Produced transaction e491b4ce-1022-49f4-a631-6d055b140f05 to Kafka (51)
2026-09-09 12:40:29,594 | INFO | FraudShieldAI | Produced transaction cf0a3b21-65ab-4e0e-be34-f15fcfb461fd to Kafka (52)
2026-09-09 12:40:31,598 | INFO | FraudShieldAI | Produced transaction 5ad19d0a-fccc-4e30-9e14-4cc24d01dd21 to Kafka (53)
2026-09-09 12:40:33,599 | INFO | FraudShieldAI | Produced transaction 57fd4451-3648-4752-9325-4eb55e091512 to Kafka (54)
2026-09-09 12:40:35,636 | INFO | FraudShieldAI | Produced transaction 45fc8b7e-68da-4d30-81c7-d653e06c4676 to Kafka (55)
2026-09-09 12:40:37,668 | INFO | FraudShieldAI | Produced transaction ad5d731d-f3c9-484d-97e6-ab042d75b0e8 to Kafka (56)
2026-09-09 12:40:39,692 | INFO | FraudShieldAI | Produced transaction 621b3395-573f-4cee-9ac0-aa002f7b9783 to Kafka (57)
2026-09-09 12:40:41,709 | INFO | FraudShieldAI | Produced transaction e396011b-8c4f-4754-94d4-930ce16bc290 to Kafka (58)
2026-09-09 12:40:43,730 | INFO | FraudShieldAI | Produced transaction 1bedd1e4-7ab5-471c-a248-4c7065a6bdec to Kafka (59)
2026-09-09 12:40:45,760 | INFO | FraudShieldAI | Produced transaction 0bacd337-9dc6-4f6e-a240-493b835aceee to Kafka (60)
2026-09-09 12:40:47,767 | INFO | FraudShieldAI | Produced transaction 12e992b1-753f-4b1f-ac0b-b812fee70559 to Kafka (61)
2026-09-09 12:40:49,791 | INFO | FraudShieldAI | Produced transaction cad93d33-7948-4859-b004-408b25f35525 to Kafka (62)
2026-09-09 12:40:51,818 | INFO | FraudShieldAI | Produced transaction 32d30dbb-f4dc-4892-a9e1-54fb5e389a24 to Kafka (63)
2026-09-09 12:40:53,831 | INFO | FraudShieldAI | Produced transaction 8b24ec51-9fda-4038-bba5-9efd71345d5a to Kafka (64)
2026-09-09 12:40:55,854 | INFO | FraudShieldAI | Produced transaction d3a32f62-081a-4bc5-ad58-ba94f66a5781 to Kafka (65)
2026-09-09 12:40:56,100 | INFO | FraudShieldAI | Stopping Kafka streaming pipeline...
2026-09-09 12:40:56,115 | INFO | FraudShieldAI | Kafka producer loop cancelled.
2026-09-09 12:40:56,127 | INFO | FraudShieldAI | Kafka producer loop terminated. Produced=65
2026-09-09 12:40:56,141 | INFO | FraudShieldAI | Kafka streaming pipeline stopped.
2026-09-09 12:42:20,422 | INFO | FraudShieldAI | Kafka consumer start result: {'started': False, 'message': 'Kafka consumer is already running.'}
2026-09-09 12:42:20,461 | INFO | FraudShieldAI | Kafka streaming pipeline started.
2026-09-09 12:42:20,658 | INFO | FraudShieldAI | Kafka producer initialized successfully.
2026-09-09 12:42:20,671 | INFO | FraudShieldAI | Kafka producer loop started. interval=2.00s max_transactions=None
2026-09-09 12:42:20,908 | INFO | FraudShieldAI | Produced transaction 7ad32710-00ec-45ad-ad21-6f13ece61872 to Kafka (1)
2026-09-09 12:42:22,933 | INFO | FraudShieldAI | Produced transaction 8cdf8838-c1e1-4324-b388-6fd61dee9262 to Kafka (2)
2026-09-09 12:42:24,945 | INFO | FraudShieldAI | Produced transaction 335159fc-715a-43da-8251-978622dfaa2d to Kafka (3)
2026-09-09 12:42:26,978 | INFO | FraudShieldAI | Produced transaction 69a3e83d-2838-43d5-af5a-5ad881ab89d0 to Kafka (4)
2026-09-09 12:42:28,991 | INFO | FraudShieldAI | Produced transaction 248a768d-17d8-4c71-b0b0-af191a396822 to Kafka (5)
2026-09-09 12:42:31,010 | INFO | FraudShieldAI | Produced transaction 84dc2cbd-e6d1-4747-ab7d-6069bed01df0 to Kafka (6)
2026-09-09 12:42:33,017 | INFO | FraudShieldAI | Produced transaction 143da8b2-221a-4399-9d7f-068e841ee4af to Kafka (7)
2026-09-09 12:42:35,043 | INFO | FraudShieldAI | Produced transaction 972676f8-5969-4112-930a-b7e44e9f1bbb to Kafka (8)
2026-09-09 12:42:37,048 | INFO | FraudShieldAI | Produced transaction da94f56d-2134-4af3-8e6b-676641d03467 to Kafka (9)
2026-09-09 12:42:39,045 | INFO | FraudShieldAI | Produced transaction 541aba4d-d16e-4edc-8b9a-2756cc6ccd8f to Kafka (10)
2026-09-09 12:42:41,068 | INFO | FraudShieldAI | Produced transaction e30fc9de-884b-4904-b5bd-b53a18c181ac to Kafka (11)
2026-09-09 12:42:43,087 | INFO | FraudShieldAI | Produced transaction 8791b9e8-0863-439f-8721-10768eef8203 to Kafka (12)
2026-09-09 12:42:45,114 | INFO | FraudShieldAI | Produced transaction 29dfb150-f31c-4ba6-bea7-f9ec86be65e4 to Kafka (13)
2026-09-09 12:42:47,127 | INFO | FraudShieldAI | Produced transaction fb433cf9-b566-4cf7-936b-23618f9d8c96 to Kafka (14)
2026-09-09 12:42:49,143 | INFO | FraudShieldAI | Produced transaction 9041937b-2adf-4711-b214-63496447668a to Kafka (15)
2026-09-09 12:42:51,149 | INFO | FraudShieldAI | Produced transaction fa60603c-a844-4a31-977e-22ded5aa1f54 to Kafka (16)
2026-09-09 12:42:53,173 | INFO | FraudShieldAI | Produced transaction 87d37d57-fa98-4d49-b620-b305f905a02a to Kafka (17)
2026-09-09 12:42:55,185 | INFO | FraudShieldAI | Produced transaction d71984a9-734f-4ab0-afa4-1512f2e76fd2 to Kafka (18)
2026-09-09 12:42:57,205 | INFO | FraudShieldAI | Produced transaction 54c3257a-722c-4c0b-b566-56ac853c85e6 to Kafka (19)
2026-09-09 12:42:59,212 | INFO | FraudShieldAI | Produced transaction c944223e-80e6-4149-b853-0f19a5f1f31e to Kafka (20)
2026-09-09 12:43:01,225 | INFO | FraudShieldAI | Produced transaction ab2c779b-924e-48eb-a89c-19aca7fc2a1b to Kafka (21)
2026-09-09 12:43:03,257 | INFO | FraudShieldAI | Produced transaction ad97b8f2-e50a-4e12-84ea-64b775ebdf3e to Kafka (22)
2026-09-09 12:43:05,279 | INFO | FraudShieldAI | Produced transaction 2e023825-1160-44e6-9f3c-647ce5f2b7c5 to Kafka (23)
2026-09-09 12:43:07,285 | INFO | FraudShieldAI | Produced transaction 512604eb-5571-45bf-845c-bf46b8d7e65e to Kafka (24)
2026-09-09 12:43:09,298 | INFO | FraudShieldAI | Produced transaction 7cc6e3fb-9ecc-4674-aff3-7a147b332e39 to Kafka (25)
2026-09-09 12:43:11,296 | INFO | FraudShieldAI | Produced transaction 65b6058e-6546-4b70-8f01-8ac15c3c3f29 to Kafka (26)
2026-09-09 12:43:13,311 | INFO | FraudShieldAI | Produced transaction 1584e01f-e377-44da-a0e5-88401174caab to Kafka (27)
2026-09-09 12:43:15,310 | INFO | FraudShieldAI | Produced transaction 2deb00ad-e1d0-4a1c-91af-aa969d9802dc to Kafka (28)
2026-09-09 12:43:17,327 | INFO | FraudShieldAI | Produced transaction 877bfd19-41b6-4164-bb99-403c9af8887e to Kafka (29)
2026-09-09 12:43:19,354 | INFO | FraudShieldAI | Produced transaction bcc047da-2702-4131-b6f0-3fba1b5b1a35 to Kafka (30)
2026-09-09 12:43:21,383 | INFO | FraudShieldAI | Produced transaction ec0b9b35-5963-4c51-8309-2875ea2fe40f to Kafka (31)
2026-09-09 12:43:23,410 | INFO | FraudShieldAI | Produced transaction feb87402-96b2-412f-86f2-9e3e45082042 to Kafka (32)
2026-09-09 12:43:25,420 | INFO | FraudShieldAI | Produced transaction 7604562a-17b5-486e-bc1e-9380145ae000 to Kafka (33)
2026-09-09 12:43:27,437 | INFO | FraudShieldAI | Produced transaction 0dae082b-c814-440f-9c21-f0193784de65 to Kafka (34)
2026-09-09 12:43:29,456 | INFO | FraudShieldAI | Produced transaction 8fcb4192-ce75-44f5-a77c-e240b28f3a85 to Kafka (35)
2026-09-09 12:43:31,469 | INFO | FraudShieldAI | Produced transaction 651290da-4b48-4837-b321-cc4edc80593e to Kafka (36)
2026-09-09 12:43:33,483 | INFO | FraudShieldAI | Produced transaction 6c43eb50-285b-4fdc-9649-537e81ee5949 to Kafka (37)
2026-09-09 12:43:35,487 | INFO | FraudShieldAI | Produced transaction ad8a833d-2459-48a6-a380-83c70b8de81c to Kafka (38)
2026-09-09 12:43:37,502 | INFO | FraudShieldAI | Produced transaction b2ce5fc2-23a1-41bb-853e-854079e4fd4b to Kafka (39)
2026-09-09 12:43:39,510 | INFO | FraudShieldAI | Produced transaction 9c082d0e-b766-4612-b069-a69b6b35ac81 to Kafka (40)
2026-09-09 12:43:41,532 | INFO | FraudShieldAI | Produced transaction a18d398c-329d-410a-92d1-8feb07692366 to Kafka (41)
2026-09-09 12:43:43,556 | INFO | FraudShieldAI | Produced transaction c3630ffa-3530-43b1-afac-07bd2424f9f0 to Kafka (42)
2026-09-09 12:43:45,587 | INFO | FraudShieldAI | Produced transaction 328620e8-179c-45eb-9df1-7b5dae396f26 to Kafka (43)
2026-09-09 12:43:47,597 | INFO | FraudShieldAI | Produced transaction 7496085f-14a7-4282-86b7-1a13b07fbb50 to Kafka (44)
2026-09-09 12:43:49,615 | INFO | FraudShieldAI | Produced transaction 945b9c7a-95f4-4625-9cf6-b5b198166f69 to Kafka (45)
2026-09-09 12:43:51,644 | INFO | FraudShieldAI | Produced transaction 776e491f-33cf-4dab-8c63-b2f9077b9c45 to Kafka (46)
2026-09-09 12:43:53,649 | INFO | FraudShieldAI | Produced transaction 611877ef-bc3b-43ca-a367-d22bc3962917 to Kafka (47)
2026-09-09 12:43:55,665 | INFO | FraudShieldAI | Produced transaction e09bc525-9aba-4d2d-bcbb-21b79f394991 to Kafka (48)
2026-09-09 12:43:57,672 | INFO | FraudShieldAI | Produced transaction 141ced5f-a14f-4609-95f2-cc83ba3eb26e to Kafka (49)
2026-09-09 12:43:59,684 | INFO | FraudShieldAI | Produced transaction e5f88dfa-b824-4317-8bc1-e4af5370ace5 to Kafka (50)
2026-09-09 12:44:01,708 | INFO | FraudShieldAI | Produced transaction 24ee4d20-dcbf-4109-bb8c-351b9a723f2e to Kafka (51)
2026-09-09 12:44:03,704 | INFO | FraudShieldAI | Produced transaction 7396cc0e-9e5a-45ee-b80f-959abd8cfd33 to Kafka (52)
2026-09-09 12:44:05,720 | INFO | FraudShieldAI | Produced transaction 2fd1cee3-7791-4108-9a0d-2e87b12a18c4 to Kafka (53)
2026-09-09 12:44:07,730 | INFO | FraudShieldAI | Produced transaction 8805de5a-5edd-4c91-8b18-50570bc75b3c to Kafka (54)
2026-09-09 12:44:09,733 | INFO | FraudShieldAI | Produced transaction bcc986e5-e7f0-4a8c-b887-1d7f296b6cd4 to Kafka (55)
2026-09-09 12:44:11,755 | INFO | FraudShieldAI | Produced transaction 45e1d450-1147-4037-a86a-2e4a6a262906 to Kafka (56)
2026-09-09 12:44:13,787 | INFO | FraudShieldAI | Produced transaction 2c2db35d-8e53-4bae-86d8-55cf7cee91b4 to Kafka (57)
2026-09-09 12:44:15,831 | INFO | FraudShieldAI | Produced transaction 8b3b8530-8dab-481a-8e8f-56ab2e672bf3 to Kafka (58)
2026-09-09 12:44:17,829 | INFO | FraudShieldAI | Produced transaction bd026c07-bad2-49bd-9346-c7583c88e4e4 to Kafka (59)
2026-09-09 12:44:19,836 | INFO | FraudShieldAI | Produced transaction 2c984820-cd4a-4f1d-8f16-d5dca02c9e41 to Kafka (60)
2026-09-09 12:44:21,867 | INFO | FraudShieldAI | Produced transaction 0cbef202-995e-42b7-82b9-9f3e9f3ebcc2 to Kafka (61)
2026-09-09 12:44:23,857 | INFO | FraudShieldAI | Produced transaction 5836b21e-af4c-4e7e-bab0-a4230beb187e to Kafka (62)
2026-09-09 12:44:25,859 | INFO | FraudShieldAI | Produced transaction 312e225f-e4c3-4dc2-9f7e-10e4ca32e462 to Kafka (63)
2026-09-09 12:44:27,878 | INFO | FraudShieldAI | Produced transaction f8634fac-72fa-45d5-a7fc-75a94563b19b to Kafka (64)
2026-09-09 12:44:30,044 | INFO | FraudShieldAI | Produced transaction d5817da2-4f6e-41d3-aa4c-8703b0fad5a9 to Kafka (65)
2026-09-09 12:44:32,055 | INFO | FraudShieldAI | Produced transaction dc53bad9-9f1b-416c-9744-03795d356bd3 to Kafka (66)
2026-09-09 12:44:34,066 | INFO | FraudShieldAI | Produced transaction dfd5d77f-6746-40fd-885f-568b90d89982 to Kafka (67)
2026-09-09 12:44:36,083 | INFO | FraudShieldAI | Produced transaction b16328ad-df78-42e2-bcd4-65f65754db03 to Kafka (68)
2026-09-09 12:44:38,112 | INFO | FraudShieldAI | Produced transaction 53c2556e-1edc-4a26-8052-add124caa8dd to Kafka (69)
2026-09-09 12:44:40,125 | INFO | FraudShieldAI | Produced transaction a9131298-ff60-4b4f-b51a-91dc80ae89e6 to Kafka (70)
2026-09-09 12:44:42,131 | INFO | FraudShieldAI | Produced transaction 92f2e413-e705-43bf-bb3b-46e1d293e8e3 to Kafka (71)
2026-09-09 12:44:44,161 | INFO | FraudShieldAI | Produced transaction 49525be0-3d11-4c59-8099-a8fcd70eae11 to Kafka (72)
2026-09-09 12:44:46,192 | INFO | FraudShieldAI | Produced transaction b462c90e-d654-4bb2-8946-bf65219b52e4 to Kafka (73)
2026-09-09 12:44:48,199 | INFO | FraudShieldAI | Produced transaction 12cd28f1-2d90-46af-b77c-2f54d0b678fb to Kafka (74)
2026-09-09 12:44:50,222 | INFO | FraudShieldAI | Produced transaction 8b47fa33-a4d1-454d-8c6d-4a09feb78fa2 to Kafka (75)
2026-09-09 12:44:52,247 | INFO | FraudShieldAI | Produced transaction dd19372b-1806-4b46-9a64-8aed496f775e to Kafka (76)
2026-09-09 12:44:54,259 | INFO | FraudShieldAI | Produced transaction 0eddb551-fe5a-482c-b327-fddab13e4c29 to Kafka (77)
2026-09-09 12:44:56,284 | INFO | FraudShieldAI | Produced transaction e055930a-5387-4118-8ca0-4935bbcf89b2 to Kafka (78)
2026-09-09 12:44:58,291 | INFO | FraudShieldAI | Produced transaction eb7c9d6c-f70f-4d54-931a-426e1d7eb652 to Kafka (79)
2026-09-09 12:45:00,306 | INFO | FraudShieldAI | Produced transaction aeceb528-7a83-4f69-8ba1-68ec3401ffc7 to Kafka (80)
2026-09-09 12:45:02,316 | INFO | FraudShieldAI | Produced transaction 78ae574b-1fe4-4cd0-8034-db28576e0dba to Kafka (81)
2026-09-09 12:45:04,338 | INFO | FraudShieldAI | Produced transaction 131c1165-aaf6-4ed6-9c81-0e26933b6832 to Kafka (82)
2026-09-09 12:45:06,361 | INFO | FraudShieldAI | Produced transaction a5e35e9a-8bbe-4c04-85a8-327c8feb46fe to Kafka (83)
2026-09-09 12:45:08,360 | INFO | FraudShieldAI | Produced transaction 9099fae7-3f46-4c20-8084-640eeccaa211 to Kafka (84)
2026-09-09 12:45:10,361 | INFO | FraudShieldAI | Produced transaction 06abe58f-b7e3-4816-ad89-ca6b322f3c77 to Kafka (85)
2026-09-09 12:45:12,379 | INFO | FraudShieldAI | Produced transaction ff2023c2-d615-49de-a2b4-834f49f245b7 to Kafka (86)
2026-09-09 12:45:14,392 | INFO | FraudShieldAI | Produced transaction 7895df07-349a-47a1-8e5e-1d6f77834694 to Kafka (87)
2026-09-09 12:45:16,398 | INFO | FraudShieldAI | Produced transaction 844e257f-0d72-44f8-8a52-608c149efb84 to Kafka (88)
2026-09-09 12:45:18,407 | INFO | FraudShieldAI | Produced transaction 31de0e9e-29b7-4a94-addd-5b71cf121a24 to Kafka (89)
2026-09-09 12:45:20,431 | INFO | FraudShieldAI | Produced transaction a39f2e13-c7da-4990-9224-019bfcd026a8 to Kafka (90)
2026-09-09 12:45:22,452 | INFO | FraudShieldAI | Produced transaction a87f752c-80a2-49c1-b455-fc3abd79cd35 to Kafka (91)
2026-09-09 12:45:24,469 | INFO | FraudShieldAI | Produced transaction c5083741-a622-4527-b7cb-bd32bbd8126f to Kafka (92)
2026-09-09 12:45:26,488 | INFO | FraudShieldAI | Produced transaction 24fe4aa5-9105-451d-903c-ab2fcbe732d2 to Kafka (93)
2026-09-09 12:45:28,484 | INFO | FraudShieldAI | Produced transaction a0f3502f-1d5a-4f50-a753-605e6c604cbe to Kafka (94)
2026-09-09 12:45:30,492 | INFO | FraudShieldAI | Produced transaction a213d5f7-7bc2-4994-9e10-286de0207fcd to Kafka (95)
2026-09-09 12:45:32,764 | INFO | FraudShieldAI | Produced transaction 305b861c-560a-412b-829e-4f7e9115751d to Kafka (96)
2026-09-09 12:45:34,788 | INFO | FraudShieldAI | Produced transaction c7eb6fcd-1ab9-4ef5-aa42-ca96c3445167 to Kafka (97)
2026-09-09 12:45:36,800 | INFO | FraudShieldAI | Produced transaction ceabb7e1-d27a-4750-9e40-cc0624bd3fef to Kafka (98)
2026-09-09 12:45:38,820 | INFO | FraudShieldAI | Produced transaction 9df3ffec-4722-4ea7-892f-f010f1e31cc1 to Kafka (99)
2026-09-09 12:45:40,836 | INFO | FraudShieldAI | Produced transaction 8825155f-8cac-4514-a907-4e485c28ba1c to Kafka (100)
2026-09-09 12:45:42,852 | INFO | FraudShieldAI | Produced transaction 7e6bbbb2-f95e-4837-8013-fdee0ef3f06b to Kafka (101)
2026-09-09 12:45:44,905 | INFO | FraudShieldAI | Produced transaction 3562ee8f-5819-4821-9f35-774d9f18c18f to Kafka (102)
2026-09-09 12:45:46,946 | INFO | FraudShieldAI | Produced transaction 574ce041-4f08-4eab-920f-a4c08ff9ee2c to Kafka (103)
2026-09-09 12:45:48,938 | INFO | FraudShieldAI | Produced transaction 43fc7458-5f7a-4556-9205-5fc47b7228d9 to Kafka (104)
2026-09-09 12:45:50,941 | INFO | FraudShieldAI | Produced transaction 84484d50-66b1-4767-a53c-d062e6cd6fb1 to Kafka (105)
2026-09-09 12:45:52,946 | INFO | FraudShieldAI | Produced transaction 6bd6d3f5-b522-46dd-8069-a66f9aab047e to Kafka (106)
2026-09-09 12:45:56,149 | INFO | FraudShieldAI | Produced transaction 02c0ae65-00e2-4539-9826-bef8635528a3 to Kafka (107)
2026-09-09 12:45:58,191 | INFO | FraudShieldAI | Produced transaction 2db5d982-8efb-4008-94b1-75e861209f12 to Kafka (108)
2026-09-09 12:46:00,209 | INFO | FraudShieldAI | Produced transaction b45071a2-0536-42f0-91d2-c90a8009c355 to Kafka (109)
2026-09-09 12:46:02,245 | INFO | FraudShieldAI | Produced transaction 662e1f77-f62a-4dea-9c81-ca9170d5b9c9 to Kafka (110)
2026-09-09 12:46:04,246 | INFO | FraudShieldAI | Produced transaction 09178559-34a4-4559-b406-67ac19f5b4dd to Kafka (111)
2026-09-09 12:46:06,266 | INFO | FraudShieldAI | Produced transaction 8794fc13-5264-4626-aa55-6ba3f41a1021 to Kafka (112)
2026-09-09 12:46:08,267 | INFO | FraudShieldAI | Produced transaction 224e6590-0007-46e9-842f-f59160cc6158 to Kafka (113)
2026-09-09 12:46:10,310 | INFO | FraudShieldAI | Produced transaction 23f04040-6ad5-4e90-bb2c-35bbcfd6b011 to Kafka (114)
2026-09-09 12:46:12,323 | INFO | FraudShieldAI | Produced transaction 61d3265d-1d92-4239-890a-2c4f1e364dc3 to Kafka (115)
2026-09-09 12:46:14,330 | INFO | FraudShieldAI | Produced transaction 07f9be6d-5e1f-430a-b02a-49959323001d to Kafka (116)
2026-09-09 12:46:16,352 | INFO | FraudShieldAI | Produced transaction 2811cb94-d484-47a6-a353-a256881b053a to Kafka (117)
2026-09-09 12:46:18,376 | INFO | FraudShieldAI | Produced transaction 4dbcc18d-f665-41e3-b23b-5a96bc7d50f7 to Kafka (118)
2026-09-09 12:46:20,390 | INFO | FraudShieldAI | Produced transaction 1d682489-b6a2-4f48-8fa4-4b84058e17fc to Kafka (119)
2026-09-09 12:46:22,407 | INFO | FraudShieldAI | Produced transaction f22ea9f2-6929-4e3c-9c5f-f01d3c9a0acb to Kafka (120)
2026-09-09 12:46:24,430 | INFO | FraudShieldAI | Produced transaction 020f0ebb-dc6c-46ad-b8fb-b43f37efd83a to Kafka (121)
2026-09-09 12:46:26,450 | INFO | FraudShieldAI | Produced transaction 9e0124c7-1435-4158-86fe-0cd89fd497ef to Kafka (122)
2026-09-09 12:46:28,478 | INFO | FraudShieldAI | Produced transaction b07a2a32-ecbb-405c-9002-6360b03db060 to Kafka (123)
2026-09-09 12:46:30,515 | INFO | FraudShieldAI | Produced transaction 8bf25a03-5833-4d0b-b74d-c6d835a25129 to Kafka (124)
2026-09-09 12:46:32,528 | INFO | FraudShieldAI | Produced transaction 6c917011-2cc1-42cb-9fc6-2e37e74a49ab to Kafka (125)
2026-09-09 12:46:34,536 | INFO | FraudShieldAI | Produced transaction 1ceffcfb-277e-4456-b7ff-08c35f080cec to Kafka (126)
2026-09-09 12:46:36,568 | INFO | FraudShieldAI | Produced transaction ace2fee2-97b7-431d-8d4d-e54cc74b5445 to Kafka (127)
2026-09-09 12:46:38,581 | INFO | FraudShieldAI | Produced transaction ccc277bf-aea2-40cd-a1e5-efa437be7069 to Kafka (128)
2026-09-09 12:46:40,576 | INFO | FraudShieldAI | Produced transaction e07dca03-a93a-425a-8f85-587b63e18569 to Kafka (129)
2026-09-09 12:46:42,603 | INFO | FraudShieldAI | Produced transaction d31db15f-57b9-4b58-aca8-8fcba9034606 to Kafka (130)
2026-09-09 12:46:44,625 | INFO | FraudShieldAI | Produced transaction 025606e9-ab9d-411a-8447-f1b662d2c5b0 to Kafka (131)
2026-09-09 12:46:46,631 | INFO | FraudShieldAI | Produced transaction 41f66cd6-d14b-4b42-944f-211cb1bb3fc0 to Kafka (132)
2026-09-09 12:46:48,645 | INFO | FraudShieldAI | Produced transaction 5bce1e9c-e8b1-4603-8229-b2ff3b4a6249 to Kafka (133)
2026-09-09 12:46:50,677 | INFO | FraudShieldAI | Produced transaction d26f32f4-6726-4424-a5d8-2784d8b25366 to Kafka (134)
2026-09-09 12:46:52,705 | INFO | FraudShieldAI | Produced transaction a771953f-9f64-4483-997f-d4d7bd98da7b to Kafka (135)
2026-09-09 12:46:54,712 | INFO | FraudShieldAI | Produced transaction 9d52db33-5a67-44c4-9060-785bcb9c2418 to Kafka (136)
2026-09-09 12:46:56,745 | INFO | FraudShieldAI | Produced transaction 13830af6-4df5-4d7f-b928-0aacfd84a427 to Kafka (137)
2026-09-09 12:46:58,758 | INFO | FraudShieldAI | Produced transaction 41def59a-65d4-44a8-b32d-2cafe833a647 to Kafka (138)
2026-09-09 12:47:00,786 | INFO | FraudShieldAI | Produced transaction 4223b80a-0651-4348-9479-9cf282a160b9 to Kafka (139)
2026-09-09 12:47:02,801 | INFO | FraudShieldAI | Produced transaction 3ccfdc20-6ca6-4afc-b0a7-915d959a87b5 to Kafka (140)
2026-09-09 12:47:04,827 | INFO | FraudShieldAI | Produced transaction 962070f5-a416-46db-b8a8-43920c14a57d to Kafka (141)
2026-09-09 12:47:06,817 | INFO | FraudShieldAI | Produced transaction 44f89032-a382-46f6-9968-1cf91897cc76 to Kafka (142)
2026-09-09 12:47:08,834 | INFO | FraudShieldAI | Produced transaction dbfbb644-af06-4af2-b347-48c81dd77a93 to Kafka (143)
2026-09-09 12:47:10,850 | INFO | FraudShieldAI | Produced transaction de8d27b6-79e7-44e2-93ab-08099216a542 to Kafka (144)
2026-09-09 12:47:13,407 | INFO | FraudShieldAI | Produced transaction c77d847c-28eb-42f5-b20b-8b4e2018c106 to Kafka (145)
2026-09-09 12:47:15,426 | INFO | FraudShieldAI | Produced transaction 279b8732-6fab-4d29-978c-42d0c8f3e5dc to Kafka (146)
2026-09-09 12:47:17,434 | INFO | FraudShieldAI | Produced transaction ea421a5f-907c-48bf-98a3-945c7afeaa99 to Kafka (147)
2026-09-09 12:47:19,459 | INFO | FraudShieldAI | Produced transaction 0b2a00be-2b61-4108-bfaf-667023ea3452 to Kafka (148)
2026-09-09 12:47:21,468 | INFO | FraudShieldAI | Produced transaction 42c95580-980d-49e4-a8ed-5c158b76cdcd to Kafka (149)
2026-09-09 12:47:23,476 | INFO | FraudShieldAI | Produced transaction 5038c547-ea9f-474b-bfb1-102a4b3db788 to Kafka (150)
2026-09-09 12:47:25,503 | INFO | FraudShieldAI | Produced transaction 87606df4-ea08-4ef0-a556-2cfa1e3d0350 to Kafka (151)
2026-09-09 12:47:27,537 | INFO | FraudShieldAI | Produced transaction 34649648-9aeb-4164-b86e-42c7b29235e3 to Kafka (152)
2026-09-09 12:47:29,561 | INFO | FraudShieldAI | Produced transaction 5f383c30-398f-425a-9220-cf3220fa0364 to Kafka (153)
2026-09-09 12:47:31,584 | INFO | FraudShieldAI | Produced transaction 144212af-e725-4823-8b8e-790d1448071d to Kafka (154)
2026-09-09 12:47:33,621 | INFO | FraudShieldAI | Produced transaction 20c17984-02f2-4cb6-9b64-ebab2b78a96b to Kafka (155)
2026-09-09 12:47:35,617 | INFO | FraudShieldAI | Produced transaction 1dc92bfa-a09e-4284-9f9a-1b4b0bc12d5a to Kafka (156)
2026-09-09 12:47:37,629 | INFO | FraudShieldAI | Produced transaction 0cda1dc2-6363-4ad1-a8de-be58520e9052 to Kafka (157)
2026-09-09 12:47:39,638 | INFO | FraudShieldAI | Produced transaction 62e45c33-f00b-4dd6-9f20-3ee0eda17f9a to Kafka (158)
2026-09-09 12:47:41,670 | INFO | FraudShieldAI | Produced transaction d125885c-c4e1-4935-aaad-c912dea9a8f0 to Kafka (159)
2026-09-09 12:47:43,705 | INFO | FraudShieldAI | Produced transaction 28544825-7fbe-400d-a7cb-a8a37e439f4a to Kafka (160)
2026-09-09 12:47:45,711 | INFO | FraudShieldAI | Produced transaction 6e69a7ac-311d-4bf4-95ec-d8316bed5651 to Kafka (161)
2026-09-09 12:47:47,726 | INFO | FraudShieldAI | Produced transaction 03399a69-7ea6-4080-8d91-505a35063f3c to Kafka (162)
2026-09-09 12:47:49,749 | INFO | FraudShieldAI | Produced transaction 79bf0009-4b59-4954-b620-82f6d945a2a6 to Kafka (163)
2026-09-09 12:47:51,762 | INFO | FraudShieldAI | Produced transaction a90271e7-bbc1-4051-bb53-5cffcfd82533 to Kafka (164)
2026-09-09 12:47:53,799 | INFO | FraudShieldAI | Produced transaction f6156d77-9fa1-41d3-9af9-cbbc2a10d5dc to Kafka (165)
2026-09-09 12:47:55,845 | INFO | FraudShieldAI | Produced transaction e3f5bc75-d85c-4b20-b850-ae2765516154 to Kafka (166)
2026-09-09 12:47:57,862 | INFO | FraudShieldAI | Produced transaction 0cf4a8ad-8430-48a4-9058-fbb18ef9f00b to Kafka (167)
2026-09-09 12:47:59,860 | INFO | FraudShieldAI | Produced transaction 604aa7b0-61bd-4b7e-92af-f46c69bc18a7 to Kafka (168)
2026-09-09 12:48:01,887 | INFO | FraudShieldAI | Produced transaction bb257396-b273-4cf0-a5d9-8a7573a930a6 to Kafka (169)
2026-09-09 12:48:03,922 | INFO | FraudShieldAI | Produced transaction 5073b610-0967-4346-8607-4eb720dd0ce2 to Kafka (170)
2026-09-09 12:48:05,954 | INFO | FraudShieldAI | Produced transaction afdef0c2-931d-423a-81f9-6c70753b7b66 to Kafka (171)
2026-09-09 12:48:07,967 | INFO | FraudShieldAI | Produced transaction e0f36673-ebca-4627-8861-da3e6a155b45 to Kafka (172)
2026-09-09 12:48:10,003 | INFO | FraudShieldAI | Produced transaction 90181010-13f8-4707-ba7a-8ed4b601c8b0 to Kafka (173)
2026-09-09 12:48:12,020 | INFO | FraudShieldAI | Produced transaction 977f6915-0742-42d6-804e-4c1531cfbc78 to Kafka (174)
2026-09-09 12:48:14,037 | INFO | FraudShieldAI | Produced transaction b46a7fbc-14ab-4d78-a697-7df0e4e043c5 to Kafka (175)
2026-09-09 12:48:16,050 | INFO | FraudShieldAI | Produced transaction 8d1d6982-7bd4-4b36-a59c-6ff2008f0ed0 to Kafka (176)
2026-09-09 12:48:18,040 | INFO | FraudShieldAI | Produced transaction 1084f711-501e-4d75-a42a-2e0e65986ed2 to Kafka (177)
2026-09-09 12:48:20,035 | INFO | FraudShieldAI | Produced transaction a20a3f5c-5df8-4676-a65c-bcd972c51a66 to Kafka (178)
2026-09-09 12:48:22,069 | INFO | FraudShieldAI | Produced transaction 2af69738-73b8-492a-94f8-af791fab4da7 to Kafka (179)
2026-09-09 12:48:24,074 | INFO | FraudShieldAI | Produced transaction 5c5ce4b4-0b9a-4d33-89dc-b44274f68d6a to Kafka (180)
2026-09-09 12:48:26,086 | INFO | FraudShieldAI | Produced transaction eea780e5-508e-440e-88dd-05ebcccb9e9e to Kafka (181)
2026-09-09 12:48:28,110 | INFO | FraudShieldAI | Produced transaction 82532b79-4049-4f7b-afde-dee30e70be44 to Kafka (182)
2026-09-09 12:48:30,133 | INFO | FraudShieldAI | Produced transaction f00e0ca3-720c-4b09-a9c3-267a1294dc06 to Kafka (183)
2026-09-09 12:48:32,160 | INFO | FraudShieldAI | Produced transaction 65360f88-5a12-42a9-addc-a582eec18fc5 to Kafka (184)
2026-09-09 12:48:34,162 | INFO | FraudShieldAI | Produced transaction f42f1ec3-d617-43fd-89b9-b11a48959c29 to Kafka (185)
2026-09-09 12:48:36,188 | INFO | FraudShieldAI | Produced transaction 2dacf556-e191-4de3-a691-327a9fa0c7a7 to Kafka (186)
2026-09-09 12:48:38,223 | INFO | FraudShieldAI | Produced transaction 955a0b88-48b8-44ec-9f7f-a7c81c64b801 to Kafka (187)
2026-09-09 12:48:40,265 | INFO | FraudShieldAI | Produced transaction 08af8784-f0a4-4452-80ee-ed12c96bfbab to Kafka (188)
2026-09-09 12:48:42,298 | INFO | FraudShieldAI | Produced transaction d82df741-7d09-4d90-b128-12e23bad4a2f to Kafka (189)
2026-09-09 12:48:44,329 | INFO | FraudShieldAI | Produced transaction db003a0e-e84e-450f-90d7-b6cb687679b4 to Kafka (190)
2026-09-09 12:48:46,342 | INFO | FraudShieldAI | Produced transaction 8584b417-3cb4-4e29-8d0e-78dfad7733ff to Kafka (191)
2026-09-09 12:48:48,369 | INFO | FraudShieldAI | Produced transaction a4669f45-8c89-4eb4-bb22-144f703f6b40 to Kafka (192)
2026-09-09 12:48:50,373 | INFO | FraudShieldAI | Produced transaction 6efd7608-2915-4a4f-a707-2a1f85102e7e to Kafka (193)
2026-09-09 12:48:52,358 | INFO | FraudShieldAI | Produced transaction 2766c61b-9e61-457a-b640-4b005dcdb819 to Kafka (194)
2026-09-09 12:48:54,382 | INFO | FraudShieldAI | Produced transaction 63b6fab8-699b-4060-bb25-d78b635beff6 to Kafka (195)
2026-09-09 12:48:56,419 | INFO | FraudShieldAI | Produced transaction 0f77007f-1bda-43c3-acca-e99d7e748c43 to Kafka (196)
2026-09-09 12:48:58,416 | INFO | FraudShieldAI | Produced transaction 912359ec-53ef-4dc9-944d-09e687029b29 to Kafka (197)
2026-09-09 12:49:00,439 | INFO | FraudShieldAI | Produced transaction 02fcd429-1636-4598-bf75-59bc0ce59009 to Kafka (198)
2026-09-09 12:49:02,450 | INFO | FraudShieldAI | Produced transaction 5da3bd2d-b859-4e4a-8492-fe88a68839b3 to Kafka (199)
2026-09-09 12:49:04,494 | INFO | FraudShieldAI | Produced transaction 7a2c09ad-f76a-4857-ae00-edc65067a827 to Kafka (200)
2026-09-09 12:49:06,512 | INFO | FraudShieldAI | Produced transaction 2f40cee5-d76a-43a6-8dc8-4efef27f08a2 to Kafka (201)
2026-09-09 12:49:08,543 | INFO | FraudShieldAI | Produced transaction 54b99779-1a0f-4f35-8b74-f12e309a5a29 to Kafka (202)
2026-09-09 12:49:10,583 | INFO | FraudShieldAI | Produced transaction 655ba552-3056-45b6-9ac2-2dc308703c1f to Kafka (203)
2026-09-09 12:49:12,808 | INFO | FraudShieldAI | Produced transaction c2c52137-3fb7-41da-a1c4-b71e3bba7f4f to Kafka (204)
2026-09-09 12:49:14,842 | INFO | FraudShieldAI | Produced transaction ed0c2870-0e24-436c-8b53-cabcef65a5df to Kafka (205)
2026-09-09 12:49:16,873 | INFO | FraudShieldAI | Produced transaction 23d2a38f-0550-4105-b59b-50eaa7a6dbeb to Kafka (206)
2026-09-09 12:49:18,879 | INFO | FraudShieldAI | Produced transaction 0d86ce9a-f7e7-4b73-a3e8-83fef55a2702 to Kafka (207)
2026-09-09 12:49:20,888 | INFO | FraudShieldAI | Produced transaction 4072ec19-681b-4248-b883-dffd4a5cb3da to Kafka (208)
2026-09-09 12:49:22,919 | INFO | FraudShieldAI | Produced transaction 7e122060-0b77-4973-be2b-58c0b3ef8d35 to Kafka (209)
2026-09-09 12:49:24,929 | INFO | FraudShieldAI | Produced transaction 662351e5-7934-4957-8ee2-5ba5c59f02cf to Kafka (210)
2026-09-09 12:49:26,941 | INFO | FraudShieldAI | Produced transaction c85acaaf-4467-4ede-bf92-19e61c187d1e to Kafka (211)
2026-09-09 12:49:28,955 | INFO | FraudShieldAI | Produced transaction 5f326ac4-4f12-41f7-aaca-fbdf19a91876 to Kafka (212)
2026-09-09 12:49:30,949 | INFO | FraudShieldAI | Produced transaction ac6fa61f-f856-450f-a3e3-f4ec32079ea3 to Kafka (213)
2026-09-09 12:49:32,973 | INFO | FraudShieldAI | Produced transaction 7e5ab9ec-481c-4350-9b10-37568c0da94e to Kafka (214)
2026-09-09 12:49:35,005 | INFO | FraudShieldAI | Produced transaction 34cebef6-7c31-4c24-88f4-33535d5953fa to Kafka (215)
2026-09-09 12:49:37,054 | INFO | FraudShieldAI | Produced transaction 59ebe574-a52b-4edf-95d4-e899e468402a to Kafka (216)
2026-09-09 12:49:39,088 | INFO | FraudShieldAI | Produced transaction 01e39065-e2e1-4bfd-bcb6-ad316863d8ae to Kafka (217)
2026-09-09 12:49:41,111 | INFO | FraudShieldAI | Produced transaction 9cc44767-4d6e-451c-a59b-41067b0d155e to Kafka (218)
2026-09-09 12:49:43,132 | INFO | FraudShieldAI | Produced transaction b3ec42a8-4924-4f4e-ae72-680edff35ed4 to Kafka (219)
2026-09-09 12:49:45,157 | INFO | FraudShieldAI | Produced transaction 63a887e7-f279-439d-9102-bdbfaea75b8a to Kafka (220)
2026-09-09 12:49:47,192 | INFO | FraudShieldAI | Produced transaction 1af0c27d-9a2b-4e7c-bf4b-2a09dbf0a54f to Kafka (221)
2026-09-09 12:49:49,195 | INFO | FraudShieldAI | Produced transaction f3a983ca-7c6b-44a1-b04c-6e60b96ca2c4 to Kafka (222)
2026-09-09 12:49:51,296 | INFO | FraudShieldAI | Produced transaction 49dacae8-4a68-49d9-8a4f-d24dea193bb1 to Kafka (223)
2026-09-09 12:49:53,449 | INFO | FraudShieldAI | Produced transaction ab308418-5ef0-4483-a300-3054f2e92775 to Kafka (224)
2026-09-09 12:49:55,468 | INFO | FraudShieldAI | Produced transaction 1cbbb1de-8a84-4f0a-864f-bf735a391b32 to Kafka (225)
2026-09-09 12:49:57,897 | INFO | FraudShieldAI | Produced transaction 48436f8e-a3ed-4139-89ac-2ca36ca5ce5d to Kafka (226)
2026-09-09 12:49:59,923 | INFO | FraudShieldAI | Produced transaction 51408377-7314-48bf-9db6-ec08b776f9ce to Kafka (227)
2026-09-09 12:50:01,910 | INFO | FraudShieldAI | Produced transaction d06eca87-303e-4244-8d5d-a517d7f9094d to Kafka (228)
2026-09-09 12:50:03,935 | INFO | FraudShieldAI | Produced transaction e7a1b2f8-486c-4417-bb7d-a5c9e41dffd8 to Kafka (229)
2026-09-09 12:50:05,966 | INFO | FraudShieldAI | Produced transaction dd278ad4-f7cf-4bda-95d8-bec8dc431d2d to Kafka (230)
2026-09-09 12:50:07,993 | INFO | FraudShieldAI | Produced transaction 9083db30-d390-4a87-924f-f60db033221d to Kafka (231)
2026-09-09 12:50:10,019 | INFO | FraudShieldAI | Produced transaction 75b69d1f-e83c-4151-acdb-858e5a03e746 to Kafka (232)
2026-09-09 12:50:12,060 | INFO | FraudShieldAI | Produced transaction 24ee770a-831a-4747-be8a-6ff7165e94a7 to Kafka (233)
2026-09-09 12:50:14,086 | INFO | FraudShieldAI | Produced transaction b107b1f9-57df-413c-9939-260ef6c8df91 to Kafka (234)
2026-09-09 12:50:16,123 | INFO | FraudShieldAI | Produced transaction 72678e4f-2469-490a-9b00-711acaa06df5 to Kafka (235)
2026-09-09 12:50:18,154 | INFO | FraudShieldAI | Produced transaction 1e110fc0-c78e-472a-a8e9-6113711f0856 to Kafka (236)
2026-09-09 12:50:20,181 | INFO | FraudShieldAI | Produced transaction 60cfbb4f-6387-45f0-a108-5d4d8b4db2ca to Kafka (237)
2026-09-09 12:50:22,245 | INFO | FraudShieldAI | Produced transaction 6fd19999-80ea-4918-ace4-2bb1c93d294a to Kafka (238)
2026-09-09 12:50:24,263 | INFO | FraudShieldAI | Produced transaction 606a947f-4f50-4e0d-af81-f805a7630929 to Kafka (239)
2026-09-09 12:50:26,300 | INFO | FraudShieldAI | Produced transaction 891b6bc1-a8a0-4af2-a7cd-7e0671504be0 to Kafka (240)
2026-09-09 12:50:28,377 | INFO | FraudShieldAI | Produced transaction f3bb4678-fc49-48e7-9145-b688f3ebc892 to Kafka (241)
2026-09-09 12:50:30,406 | INFO | FraudShieldAI | Produced transaction cd73645c-b944-457e-975f-e8b580a475db to Kafka (242)
2026-09-09 12:50:32,414 | INFO | FraudShieldAI | Produced transaction 244efb96-f2aa-4842-8ab8-baef1806b052 to Kafka (243)
2026-09-09 12:50:34,423 | INFO | FraudShieldAI | Produced transaction 7c13e0e6-8417-4c61-b3ff-a69558b8062a to Kafka (244)
2026-09-09 12:50:36,441 | INFO | FraudShieldAI | Produced transaction 4491e4d4-1977-47db-a743-6c55412f5f0b to Kafka (245)
2026-09-09 12:50:38,468 | INFO | FraudShieldAI | Produced transaction 1f70d680-525a-49fb-a473-6ba038b3dcde to Kafka (246)
2026-09-09 12:50:40,491 | INFO | FraudShieldAI | Produced transaction e274ecbf-d823-44b6-a821-47a2e1e54d21 to Kafka (247)
2026-09-09 12:50:42,508 | INFO | FraudShieldAI | Produced transaction ad9b070b-e897-48f5-9929-054d18b66ad6 to Kafka (248)
2026-09-09 12:50:44,578 | INFO | FraudShieldAI | Produced transaction 5333479e-df78-4ef9-99b8-dc3f063b38a6 to Kafka (249)
2026-09-09 12:50:46,622 | INFO | FraudShieldAI | Produced transaction 4d071264-629e-433a-ab12-7683fc36c0c8 to Kafka (250)
2026-09-09 12:50:48,633 | INFO | FraudShieldAI | Produced transaction a377ad06-515b-4789-ae1a-39ad1bbdd30b to Kafka (251)
2026-09-09 12:50:50,915 | INFO | FraudShieldAI | Produced transaction 6bff14c3-a4e1-4ce9-bbc9-8b1d99d45055 to Kafka (252)
2026-09-09 12:50:52,926 | INFO | FraudShieldAI | Produced transaction 1b6d33e5-76ff-47bd-b00a-2e11012c5860 to Kafka (253)
2026-09-09 12:50:54,961 | INFO | FraudShieldAI | Produced transaction 4ce36b4c-b58a-4ac1-9baa-b55c2b0a0f66 to Kafka (254)
2026-09-09 12:50:56,969 | INFO | FraudShieldAI | Produced transaction f5324896-7277-434f-a4b2-e8f329967308 to Kafka (255)
2026-09-09 12:50:59,000 | INFO | FraudShieldAI | Produced transaction 5f5c4e79-2627-49e8-b935-c4c2f7aedf2f to Kafka (256)
2026-09-09 12:51:01,040 | INFO | FraudShieldAI | Produced transaction 6336f317-72ae-40ae-832c-47f6c6ee1556 to Kafka (257)
2026-09-09 12:51:03,065 | INFO | FraudShieldAI | Produced transaction 6c4e1f72-52e3-41db-9f91-7cd292774da5 to Kafka (258)
2026-09-09 12:51:05,109 | INFO | FraudShieldAI | Produced transaction e8ca1244-f8f2-4ba9-9f0c-33e34dbecc71 to Kafka (259)
2026-09-09 12:51:07,152 | INFO | FraudShieldAI | Produced transaction 0adccc97-be56-46d0-b26f-6f4f9dcd9c35 to Kafka (260)
2026-09-09 12:51:09,218 | INFO | FraudShieldAI | Produced transaction 99dbef23-7a81-4b82-952f-1396d73bb919 to Kafka (261)
2026-09-09 12:51:11,345 | INFO | FraudShieldAI | Produced transaction 35587263-9a96-43d9-a1b9-4788c74eac8b to Kafka (262)
2026-09-09 12:51:13,391 | INFO | FraudShieldAI | Produced transaction 4416835e-3774-4ab9-8f32-2a94047366b7 to Kafka (263)
2026-09-09 12:51:15,444 | INFO | FraudShieldAI | Produced transaction 7493312f-9a4e-42e3-9ef6-71c2a72635fb to Kafka (264)
2026-09-09 12:51:17,497 | INFO | FraudShieldAI | Produced transaction fdbcb3c5-460b-4b78-8f2f-56520afd6cec to Kafka (265)
2026-09-09 12:51:19,530 | INFO | FraudShieldAI | Produced transaction 227dc321-4233-452c-9576-ee28365ce209 to Kafka (266)
2026-09-09 12:51:21,563 | INFO | FraudShieldAI | Produced transaction 68e0af4b-bd80-4559-a5ee-af1882302a18 to Kafka (267)
2026-09-09 12:51:23,658 | INFO | FraudShieldAI | Produced transaction 3e7f4a9b-85c1-4801-966d-07c623f1c364 to Kafka (268)
2026-09-09 12:51:25,666 | INFO | FraudShieldAI | Produced transaction ba2d0222-cf35-45f2-bcc0-11a0e1462a31 to Kafka (269)
2026-09-09 12:51:27,711 | INFO | FraudShieldAI | Produced transaction 667f5da1-ef5b-4892-b581-b437757ef2da to Kafka (270)
2026-09-09 12:51:29,732 | INFO | FraudShieldAI | Produced transaction bb636e42-5b17-43ef-ad8e-708aed3aa980 to Kafka (271)
2026-09-09 12:51:31,757 | INFO | FraudShieldAI | Produced transaction 6514e6fb-c67f-41cc-9bd1-006d39f341a9 to Kafka (272)
2026-09-09 12:51:33,762 | INFO | FraudShieldAI | Produced transaction 467ae882-dcf3-4892-9626-ca37fcd28639 to Kafka (273)
2026-09-09 12:51:35,771 | INFO | FraudShieldAI | Produced transaction 2a3432e2-1228-4fed-8bc7-9267f186c462 to Kafka (274)
2026-09-09 12:51:37,799 | INFO | FraudShieldAI | Produced transaction ed1c9841-016e-4c7c-b40b-b93a22e93ee4 to Kafka (275)
2026-09-09 12:51:39,850 | INFO | FraudShieldAI | Produced transaction 48126e65-d76e-4b89-a479-68711e1666f2 to Kafka (276)
2026-09-09 12:51:41,886 | INFO | FraudShieldAI | Produced transaction 0ddba1bb-16f1-4c41-bb9d-06061609f4c8 to Kafka (277)
2026-09-09 12:51:43,999 | INFO | FraudShieldAI | Produced transaction 0853e98d-d4a9-4708-9dcf-45ec6c4c561f to Kafka (278)
2026-09-09 12:51:46,035 | INFO | FraudShieldAI | Produced transaction e9c65bc2-68d2-4f0e-85e8-feec06f64f9d to Kafka (279)
2026-09-09 12:51:48,086 | INFO | FraudShieldAI | Produced transaction f6374cdb-411a-4cc5-bbb4-bb092e6130b3 to Kafka (280)
2026-09-09 12:51:50,119 | INFO | FraudShieldAI | Produced transaction 97622ac9-7165-4e51-ab92-683b3bc0d6ab to Kafka (281)
2026-09-09 12:51:52,156 | INFO | FraudShieldAI | Produced transaction c4656a5f-9d9e-4aae-bb09-8e66ab3a7396 to Kafka (282)
2026-09-09 12:51:54,162 | INFO | FraudShieldAI | Produced transaction 250c19d2-16c1-4445-bc25-c8547d3bf75e to Kafka (283)
2026-09-09 12:51:56,178 | INFO | FraudShieldAI | Produced transaction e49bcbda-6f5b-438c-8373-d4a8ce7bd37b to Kafka (284)
2026-09-09 12:51:58,202 | INFO | FraudShieldAI | Produced transaction 78f84d38-bd33-4159-a6ab-817f43975cea to Kafka (285)
2026-09-09 12:52:00,222 | INFO | FraudShieldAI | Produced transaction 85ef345a-d5f1-4ed1-900c-6709004d34a5 to Kafka (286)
2026-09-09 12:52:02,235 | INFO | FraudShieldAI | Produced transaction 12fd448c-953d-4046-a6e9-870b61546b4a to Kafka (287)
2026-09-09 12:52:04,255 | INFO | FraudShieldAI | Produced transaction ba75d8dd-9bf3-4a6f-9ac5-d51ac38825b0 to Kafka (288)
2026-09-09 12:52:06,290 | INFO | FraudShieldAI | Produced transaction 88ebb111-8eeb-4e1f-b2a3-fbbb88aa7837 to Kafka (289)
2026-09-09 12:52:08,299 | INFO | FraudShieldAI | Produced transaction d45967cc-229b-40dd-a6d9-3f5b9f59828b to Kafka (290)
2026-09-09 12:52:10,304 | INFO | FraudShieldAI | Produced transaction 7d37acea-b5ef-4165-91ea-087f755154b2 to Kafka (291)
2026-09-09 12:52:12,331 | INFO | FraudShieldAI | Produced transaction 990000d9-f1f3-45c3-b606-f53d61154774 to Kafka (292)
2026-09-09 12:52:14,351 | INFO | FraudShieldAI | Produced transaction 685430f2-1a65-4019-af0b-11c410b0edc6 to Kafka (293)
2026-09-09 12:52:16,378 | INFO | FraudShieldAI | Produced transaction 7d3bae8c-2765-4d50-a025-cc9e5bbc1f2b to Kafka (294)
2026-09-09 12:52:18,426 | INFO | FraudShieldAI | Produced transaction 3b451765-4b1a-4d05-ad10-6e43ccc616b1 to Kafka (295)
2026-09-09 12:52:20,423 | INFO | FraudShieldAI | Produced transaction 3ea3edb9-9873-4a5f-b12f-d37bd20d9ccd to Kafka (296)
2026-09-09 12:52:22,467 | INFO | FraudShieldAI | Produced transaction 35db082a-51cc-4190-b9b6-4c3885abfe97 to Kafka (297)
2026-09-09 12:52:24,493 | INFO | FraudShieldAI | Produced transaction d606ef8e-7272-4e17-a3fc-b75f154b78f5 to Kafka (298)
2026-09-09 12:52:26,520 | INFO | FraudShieldAI | Produced transaction bbc6a34e-e98c-45db-9890-7e8750feefa2 to Kafka (299)
2026-09-09 12:52:28,540 | INFO | FraudShieldAI | Produced transaction 713248b2-5a02-47fa-90ee-d59a586b8d6c to Kafka (300)
2026-09-09 12:52:30,576 | INFO | FraudShieldAI | Produced transaction 72c5c130-2160-41a2-8569-43cbcb46cdfc to Kafka (301)
2026-09-09 12:52:32,587 | INFO | FraudShieldAI | Produced transaction 4c6c85fb-813e-4377-b840-7ad8bf432101 to Kafka (302)
2026-09-09 12:52:34,602 | INFO | FraudShieldAI | Produced transaction 25b16db2-08a9-4d14-bf05-467f3ccf7964 to Kafka (303)
2026-09-09 12:52:36,636 | INFO | FraudShieldAI | Produced transaction f2013525-9619-474d-b4a7-9fe2630588e8 to Kafka (304)
2026-09-09 12:52:38,674 | INFO | FraudShieldAI | Produced transaction 3db4c015-effb-470c-8836-c8ec200551f4 to Kafka (305)
2026-09-09 12:52:40,691 | INFO | FraudShieldAI | Produced transaction a37c9f72-3586-41f7-a7a0-6b03e2c81b8b to Kafka (306)
2026-09-09 12:52:42,702 | INFO | FraudShieldAI | Produced transaction f80668d3-730d-4688-bbcd-8945f08338d5 to Kafka (307)
2026-09-09 12:52:44,713 | INFO | FraudShieldAI | Produced transaction 7ae7d4a4-8423-4b28-98b5-cabb8228c660 to Kafka (308)
2026-09-09 12:52:46,757 | INFO | FraudShieldAI | Produced transaction 02d3c3c4-aeb8-430d-83f4-5c78fa17b3df to Kafka (309)
2026-09-09 12:52:48,775 | INFO | FraudShieldAI | Produced transaction f9092ef0-3420-40f9-9955-03c182369ff2 to Kafka (310)
2026-09-09 12:52:50,800 | INFO | FraudShieldAI | Produced transaction f44bde8d-b0d4-4987-92a7-9f60b95de7c3 to Kafka (311)
2026-09-09 12:52:52,838 | INFO | FraudShieldAI | Produced transaction 9f3f0098-a638-463b-8c19-50d85401e8d2 to Kafka (312)
2026-09-09 12:52:54,853 | INFO | FraudShieldAI | Produced transaction db62afbd-85c1-43a9-a82c-f30f9ed541f9 to Kafka (313)
2026-09-09 12:52:56,861 | INFO | FraudShieldAI | Produced transaction 57439ddd-95f4-49d0-a0eb-168c11cc354f to Kafka (314)
2026-09-09 12:52:58,885 | INFO | FraudShieldAI | Produced transaction e415d398-cfa7-4451-89e3-34f5060fe0e3 to Kafka (315)
2026-09-09 12:53:00,910 | INFO | FraudShieldAI | Produced transaction 5b28e90d-84ab-49b6-9581-b89f88015dc2 to Kafka (316)
2026-09-09 12:53:02,923 | INFO | FraudShieldAI | Produced transaction 3e95a3fc-d5b8-4e30-a61c-adc15b931966 to Kafka (317)
2026-09-09 12:53:04,928 | INFO | FraudShieldAI | Produced transaction b84d3575-645f-4c13-821c-2a92d72bcc06 to Kafka (318)
2026-09-09 12:53:06,949 | INFO | FraudShieldAI | Produced transaction cfa0c669-dcd2-4776-8c78-9d2a81a3ec97 to Kafka (319)
2026-09-09 12:53:08,957 | INFO | FraudShieldAI | Produced transaction 4a919c58-4ea3-47d9-99c7-84050e18250b to Kafka (320)
2026-09-09 12:53:10,973 | INFO | FraudShieldAI | Produced transaction 2043fef4-ce17-4e04-9116-3242ba64ff88 to Kafka (321)
2026-09-09 12:53:12,984 | INFO | FraudShieldAI | Produced transaction 152abef1-0844-469a-9b7c-73c084876963 to Kafka (322)
2026-09-09 12:53:14,999 | INFO | FraudShieldAI | Produced transaction da7d555d-60ae-4eba-b676-6b91862f1cda to Kafka (323)
2026-09-09 12:53:17,021 | INFO | FraudShieldAI | Produced transaction 2cb8a74c-4341-4f77-80f4-01db5276e56a to Kafka (324)
2026-09-09 12:53:19,047 | INFO | FraudShieldAI | Produced transaction 056912c4-9baa-4cd6-bd39-15542a381df9 to Kafka (325)
2026-09-09 12:53:21,116 | INFO | FraudShieldAI | Produced transaction 0ef56c89-b69c-4326-ba41-f599b8c589e0 to Kafka (326)
2026-09-09 12:53:23,112 | INFO | FraudShieldAI | Produced transaction e3737809-d322-47b9-a3f7-faa485fb17ab to Kafka (327)
2026-09-09 12:53:25,134 | INFO | FraudShieldAI | Produced transaction 06e77e70-d1b5-4168-b392-ba5c867e06a3 to Kafka (328)
2026-09-09 12:53:27,154 | INFO | FraudShieldAI | Produced transaction 4fc92632-d45c-4ef9-a660-400e7ac6d600 to Kafka (329)
2026-09-09 12:53:29,176 | INFO | FraudShieldAI | Produced transaction 48ce5106-71b1-4767-ae59-ab97ce274f1f to Kafka (330)
2026-09-09 12:53:31,198 | INFO | FraudShieldAI | Produced transaction a55f249d-0356-48aa-873e-1b50b7b422fc to Kafka (331)
2026-09-09 12:53:33,232 | INFO | FraudShieldAI | Produced transaction 9059399f-c73c-4022-920b-1f63c58300c7 to Kafka (332)
2026-09-09 12:53:35,250 | INFO | FraudShieldAI | Produced transaction 29935941-17de-44c7-bedc-dbeae9609633 to Kafka (333)
2026-09-09 12:53:37,262 | INFO | FraudShieldAI | Produced transaction 7acbd4f4-f008-4e4d-b75e-6c6cf44f32dd to Kafka (334)
2026-09-09 12:53:39,283 | INFO | FraudShieldAI | Produced transaction a7d1d3fd-35a1-42e4-a46d-46fd04450c5f to Kafka (335)
2026-09-09 12:53:41,301 | INFO | FraudShieldAI | Produced transaction e6a9d9a2-d3a0-420a-843a-28e0805564e8 to Kafka (336)
2026-09-09 12:53:43,325 | INFO | FraudShieldAI | Produced transaction 75dab7fe-c250-43b9-bad0-bfa4e03e0b00 to Kafka (337)
2026-09-09 12:53:45,331 | INFO | FraudShieldAI | Produced transaction 27d959d6-6baa-4af3-8913-a256cc89008b to Kafka (338)
2026-09-09 12:53:47,373 | INFO | FraudShieldAI | Produced transaction 80cfa596-8c89-4de3-ada2-7b72598888a8 to Kafka (339)
2026-09-09 12:53:49,391 | INFO | FraudShieldAI | Produced transaction 9b15f9bd-f50f-4cb7-b6fc-a3b22680e49d to Kafka (340)
2026-09-09 12:53:51,404 | INFO | FraudShieldAI | Produced transaction 3a6ed41b-0611-4b82-b198-7ba665233e49 to Kafka (341)
2026-09-09 12:53:53,416 | INFO | FraudShieldAI | Produced transaction 79acd642-6d27-4fcb-ad66-04091ff59815 to Kafka (342)
2026-09-09 12:53:55,443 | INFO | FraudShieldAI | Produced transaction df2e95a1-5b35-4064-b42d-727e81aedd32 to Kafka (343)
2026-09-09 12:53:57,469 | INFO | FraudShieldAI | Produced transaction 0383e093-5df2-462e-9b28-d0d7591b8bf2 to Kafka (344)
2026-09-09 12:53:59,477 | INFO | FraudShieldAI | Produced transaction 7fddc34e-b662-4da0-b6ab-c6a2316be1e9 to Kafka (345)
2026-09-09 12:54:01,497 | INFO | FraudShieldAI | Produced transaction 4fc4d11c-f67a-4750-af8c-79ba5e78a92f to Kafka (346)
2026-09-09 12:54:03,522 | INFO | FraudShieldAI | Produced transaction 61672841-f3ec-41f3-87b4-09b2d1b331fe to Kafka (347)
2026-09-09 12:54:05,564 | INFO | FraudShieldAI | Produced transaction ff7d7af7-a4f3-45d3-8306-b2b2cf5ce3be to Kafka (348)
2026-09-09 12:54:07,582 | INFO | FraudShieldAI | Produced transaction f886522b-43e7-4c63-b5f8-e6bb1cfab9f3 to Kafka (349)
2026-09-09 12:54:09,568 | INFO | FraudShieldAI | Produced transaction 4a941c1e-d3dd-40b0-8cee-d471182621d9 to Kafka (350)
2026-09-09 12:54:11,579 | INFO | FraudShieldAI | Produced transaction db3f9634-395e-40db-8b7c-99a0b77f93b3 to Kafka (351)
2026-09-09 12:54:13,605 | INFO | FraudShieldAI | Produced transaction 587ef244-2f2e-4120-b180-ff97ae41c7d7 to Kafka (352)
2026-09-09 12:54:15,627 | INFO | FraudShieldAI | Produced transaction 407c6154-3f0f-4b9b-a5e8-fbb692424a08 to Kafka (353)
2026-09-09 12:54:17,669 | INFO | FraudShieldAI | Produced transaction 4412494d-55b7-401a-91c1-72f4550ef9a0 to Kafka (354)
2026-09-09 12:54:19,729 | INFO | FraudShieldAI | Produced transaction 78e67c38-e6d8-4e75-be30-ca2ef680bf41 to Kafka (355)
2026-09-09 12:54:21,759 | INFO | FraudShieldAI | Produced transaction 4c00cef8-425b-458a-b6e2-9ba87312edc2 to Kafka (356)
2026-09-09 12:54:23,798 | INFO | FraudShieldAI | Produced transaction a8954fb1-2cca-402b-b9b8-396bd82cc390 to Kafka (357)
2026-09-09 12:54:25,797 | INFO | FraudShieldAI | Produced transaction c75169b3-7638-4143-8419-ca1317afd5f7 to Kafka (358)
2026-09-09 12:54:27,795 | INFO | FraudShieldAI | Produced transaction 6c370173-8684-4089-931c-f06bff0a99d5 to Kafka (359)
2026-09-09 12:54:29,851 | INFO | FraudShieldAI | Produced transaction f1242d87-18cd-41b9-a2b0-a568560b003c to Kafka (360)
2026-09-09 12:54:31,904 | INFO | FraudShieldAI | Produced transaction 44b91c25-1865-49ac-9a14-7fc6ec7b0d5e to Kafka (361)
2026-09-09 12:54:33,945 | INFO | FraudShieldAI | Produced transaction db3b5ede-2af7-48e4-89e3-8a97d41f4fc7 to Kafka (362)
2026-09-09 12:54:36,056 | INFO | FraudShieldAI | Produced transaction 9b9748e8-1603-48d2-bf36-5069ae5ea086 to Kafka (363)
2026-09-09 12:54:38,117 | INFO | FraudShieldAI | Produced transaction 5518833a-0c49-48fb-b79c-d51ca1d1825b to Kafka (364)
2026-09-09 12:54:40,132 | INFO | FraudShieldAI | Produced transaction b8524f08-35de-452f-9ecc-1ce44cb8b0cf to Kafka (365)
2026-09-09 12:54:42,140 | INFO | FraudShieldAI | Produced transaction ef2f63d2-ea81-4bfd-ac1f-b2d59aeb5ff2 to Kafka (366)
2026-09-09 12:54:44,156 | INFO | FraudShieldAI | Produced transaction 03dd6c22-0245-4676-abfb-89b75f768620 to Kafka (367)
2026-09-09 12:54:46,178 | INFO | FraudShieldAI | Produced transaction 6fa95bb2-b25e-4078-90b6-100ff92dc97c to Kafka (368)
2026-09-09 12:54:48,212 | INFO | FraudShieldAI | Produced transaction 9dd0d231-0745-42f0-b362-020213aed9e3 to Kafka (369)
2026-09-09 12:54:50,235 | INFO | FraudShieldAI | Produced transaction 340dbe8b-3889-4bcb-b5c9-03d8f86e96a7 to Kafka (370)
2026-09-09 12:54:52,252 | INFO | FraudShieldAI | Produced transaction 7fe0b0ab-8915-4a9e-b68c-fa893ec66c13 to Kafka (371)
2026-09-09 12:54:54,251 | INFO | FraudShieldAI | Produced transaction 6c25c285-1ccb-41a4-b97f-6a037f78c978 to Kafka (372)
2026-09-09 12:54:56,259 | INFO | FraudShieldAI | Produced transaction 8fe7a65e-a80f-4a25-9c0d-7b738b3c0310 to Kafka (373)
2026-09-09 12:54:58,281 | INFO | FraudShieldAI | Produced transaction 21f634ad-692a-42ef-be26-8d9a063dbe6c to Kafka (374)
2026-09-09 12:55:00,298 | INFO | FraudShieldAI | Produced transaction 8901c66e-72aa-42f0-aa3e-a624d70b099a to Kafka (375)
2026-09-09 12:55:02,327 | INFO | FraudShieldAI | Produced transaction b90b2554-6983-4070-b28b-c54003e5427d to Kafka (376)
2026-09-09 12:55:04,351 | INFO | FraudShieldAI | Produced transaction 7917d5ce-0098-46f6-ae14-2e366f439291 to Kafka (377)
2026-09-09 12:55:06,383 | INFO | FraudShieldAI | Produced transaction 23e91c69-542e-4471-b1eb-b4c7d532dd17 to Kafka (378)
2026-09-09 12:55:08,419 | INFO | FraudShieldAI | Produced transaction 2e14399f-bfc0-44dc-a6c8-f17d65407391 to Kafka (379)
2026-09-09 12:55:10,422 | INFO | FraudShieldAI | Produced transaction 2bbaf1fe-d44c-45df-b7d7-3495bc407150 to Kafka (380)
2026-09-09 12:55:12,458 | INFO | FraudShieldAI | Produced transaction 01efa5ac-719f-410e-8335-2b984b3d3bdc to Kafka (381)
2026-09-09 12:55:14,475 | INFO | FraudShieldAI | Produced transaction d3ee1673-38bc-49f6-9e4e-7208a62ab16f to Kafka (382)
2026-09-09 12:55:16,509 | INFO | FraudShieldAI | Produced transaction 1516ba0b-2735-42c2-85ee-5062c12ef055 to Kafka (383)
2026-09-09 12:55:18,557 | INFO | FraudShieldAI | Produced transaction 9e8d3d65-7028-480c-8f4a-9f68a346c07e to Kafka (384)
2026-09-09 12:55:20,582 | INFO | FraudShieldAI | Produced transaction 7541694d-c8ed-4a83-980a-ea25f7ade56e to Kafka (385)
2026-09-09 12:55:22,625 | INFO | FraudShieldAI | Produced transaction a99b5982-4f71-4d7a-9b58-605b25caa89c to Kafka (386)
2026-09-09 12:55:24,636 | INFO | FraudShieldAI | Produced transaction df03361a-4b2c-4f6e-af1a-2fc1f715fc27 to Kafka (387)
2026-09-09 12:55:26,663 | INFO | FraudShieldAI | Produced transaction 750b571c-5af4-4856-805c-a2f7dd5d04ee to Kafka (388)
2026-09-09 12:55:28,699 | INFO | FraudShieldAI | Produced transaction 940d4472-8219-488c-8d78-ece9650ecefe to Kafka (389)
2026-09-09 12:55:30,726 | INFO | FraudShieldAI | Produced transaction 8e7a3d23-458f-4be8-9dc4-1f213d55aefc to Kafka (390)
2026-09-09 12:55:32,741 | INFO | FraudShieldAI | Produced transaction cb055604-8ac5-40a6-a0df-65beccfc59c5 to Kafka (391)
2026-09-09 12:55:34,751 | INFO | FraudShieldAI | Produced transaction f16004a0-17fc-41bc-8b64-f2eb884edd10 to Kafka (392)
2026-09-09 12:55:36,742 | INFO | FraudShieldAI | Produced transaction dbec146f-28fe-4202-8c5c-7aeccd71ac20 to Kafka (393)
2026-09-09 12:55:38,751 | INFO | FraudShieldAI | Produced transaction 8a3ba3fc-20c1-4936-8bd7-eb2c36e060fa to Kafka (394)
2026-09-09 12:55:40,764 | INFO | FraudShieldAI | Produced transaction e0e66cd3-68bc-4076-9d91-d3aa46df3b34 to Kafka (395)
2026-09-09 12:55:42,793 | INFO | FraudShieldAI | Produced transaction 79f70a2a-56fc-4ec5-bcd6-5fbd40aa2bdd to Kafka (396)
2026-09-09 12:55:44,778 | INFO | FraudShieldAI | Produced transaction ffe11659-1343-4f91-85c9-a29821fe15a9 to Kafka (397)
2026-09-09 12:55:46,787 | INFO | FraudShieldAI | Produced transaction 89dca02c-efc7-4a88-a922-e59ddbcf5f68 to Kafka (398)
2026-09-09 12:55:48,827 | INFO | FraudShieldAI | Produced transaction 7d6e7d7c-b7d6-463c-9afc-0ef0f6a059c5 to Kafka (399)
2026-09-09 12:55:50,896 | INFO | FraudShieldAI | Produced transaction 45cca17c-4dc7-404f-8d9d-d72513975ac4 to Kafka (400)
2026-09-09 12:55:52,938 | INFO | FraudShieldAI | Produced transaction a169e0d9-8d3b-4410-a871-ecc373457ea6 to Kafka (401)
2026-09-09 12:55:54,980 | INFO | FraudShieldAI | Produced transaction c55c1107-2414-4d9f-8df5-71dd487d4dde to Kafka (402)
2026-09-09 12:55:57,005 | INFO | FraudShieldAI | Produced transaction ce2a1359-a851-4d21-9905-eb3023912c13 to Kafka (403)
2026-09-09 12:55:59,029 | INFO | FraudShieldAI | Produced transaction 857056e7-de9b-4e49-ba2a-cc78cfa507fa to Kafka (404)
2026-09-09 12:56:01,069 | INFO | FraudShieldAI | Produced transaction 2b6762dc-1789-4a36-830f-b175b8a5952e to Kafka (405)
2026-09-09 12:56:03,093 | INFO | FraudShieldAI | Produced transaction a3602016-5e0a-403e-a760-ce042ea75005 to Kafka (406)
2026-09-09 12:56:05,119 | INFO | FraudShieldAI | Produced transaction d475f1cd-1a3b-45f0-99a5-ead79dfb0015 to Kafka (407)
2026-09-09 12:56:07,151 | INFO | FraudShieldAI | Produced transaction 5d12cf95-62e7-434d-b904-949d82bb847d to Kafka (408)
2026-09-09 12:56:09,192 | INFO | FraudShieldAI | Produced transaction 259c75a8-592f-40d0-aa4e-8e3578dd2744 to Kafka (409)
2026-09-09 12:56:11,216 | INFO | FraudShieldAI | Produced transaction 45dfc669-a285-4dcd-913a-392b66e1685f to Kafka (410)
2026-09-09 12:56:13,239 | INFO | FraudShieldAI | Produced transaction 58b2d630-dbe2-4c0c-93c7-56d04c3b41f5 to Kafka (411)
2026-09-09 12:56:15,235 | INFO | FraudShieldAI | Produced transaction eab1af17-c645-4ec4-a3e3-83a830080308 to Kafka (412)
2026-09-09 12:56:17,245 | INFO | FraudShieldAI | Produced transaction eceb52ac-70cf-42dc-a868-00cf37b34b3e to Kafka (413)
2026-09-09 12:56:19,259 | INFO | FraudShieldAI | Produced transaction 7b26cc8f-112a-405c-b219-09bccba8573d to Kafka (414)
2026-09-09 12:56:21,290 | INFO | FraudShieldAI | Produced transaction 936552e6-f7da-4832-bf0d-f1aac2af43c7 to Kafka (415)
2026-09-09 12:56:23,305 | INFO | FraudShieldAI | Produced transaction c29eb388-de89-4726-841a-ca65641a0c2a to Kafka (416)
2026-09-09 12:56:25,344 | INFO | FraudShieldAI | Produced transaction e9f3aa8b-4242-4c7b-94f8-e542d89c89fd to Kafka (417)
2026-09-09 12:56:27,396 | INFO | FraudShieldAI | Produced transaction 273f5ed2-6618-4dd1-809d-7a4035aac57c to Kafka (418)
2026-09-09 12:56:29,442 | INFO | FraudShieldAI | Produced transaction 3a393b17-f470-4c1a-a764-a3b6703e175e to Kafka (419)
2026-09-09 12:56:31,483 | INFO | FraudShieldAI | Produced transaction 32107f15-48d9-4f29-b97e-ddbcd9f515f6 to Kafka (420)
2026-09-09 12:56:33,608 | INFO | FraudShieldAI | Produced transaction 15caeb42-7a12-4fc3-ae82-49cb22b957f9 to Kafka (421)
2026-09-09 12:56:35,639 | INFO | FraudShieldAI | Produced transaction ef15fc27-fdea-4e00-8979-2088736c9f82 to Kafka (422)
2026-09-09 12:56:37,653 | INFO | FraudShieldAI | Produced transaction f58c2f88-099e-418e-bced-5719f11af75a to Kafka (423)
2026-09-09 12:56:39,683 | INFO | FraudShieldAI | Produced transaction ae1824b2-c072-4dce-a0ed-1f65a25de82d to Kafka (424)
2026-09-09 12:56:41,716 | INFO | FraudShieldAI | Produced transaction 8d50f23e-c7a6-4c3c-81ff-a653d3840349 to Kafka (425)
2026-09-09 12:56:43,837 | INFO | FraudShieldAI | Produced transaction 1a3e7d61-de65-4b25-a536-0ad82a58e2d0 to Kafka (426)
2026-09-09 12:57:19,341 | INFO | FraudShieldAI | Produced transaction f1a4aaab-1230-4cc6-a54d-8cdc709e678c to Kafka (427)
2026-09-09 12:57:21,380 | INFO | FraudShieldAI | Produced transaction 4de10c6d-f382-41b5-a28d-1d71e295afea to Kafka (428)
2026-09-09 12:57:23,803 | INFO | FraudShieldAI | Produced transaction a89ea613-eebf-417c-8cb4-e40164a1b225 to Kafka (429)
2026-09-09 12:57:25,845 | INFO | FraudShieldAI | Produced transaction 45498c88-580d-4264-a0d7-d2f2702aa9ca to Kafka (430)
2026-09-09 12:57:27,888 | INFO | FraudShieldAI | Produced transaction a567d15a-1262-4f76-a1de-10c2c50581c3 to Kafka (431)
2026-09-09 12:59:02,821 | INFO | FraudShieldAI | Produced transaction a44a9a61-bfd2-47b4-a985-6330d6b98b53 to Kafka (432)
2026-09-09 12:59:05,333 | INFO | FraudShieldAI | Produced transaction b9549745-83ca-4ff4-a0a6-bf7d4537399d to Kafka (433)
2026-09-09 13:07:30,517 | INFO | FraudShieldAI | Produced transaction 7762d087-58f7-4fce-ae63-96dbc5c204f2 to Kafka (434)
2026-09-09 13:07:32,591 | INFO | FraudShieldAI | Produced transaction 5bedae3a-3fef-4b78-8c27-3b127f786092 to Kafka (435)
2026-09-09 13:07:34,599 | INFO | FraudShieldAI | Produced transaction ae2bac9c-04ab-49b9-9de2-005eef1df43b to Kafka (436)
2026-09-09 13:08:49,460 | INFO | FraudShieldAI | Produced transaction 2ada2793-fb70-4127-9d0b-135accd81058 to Kafka (437)
2026-09-09 13:08:51,540 | INFO | FraudShieldAI | Produced transaction 400b5b87-089c-46dd-99fe-fabe1b1ed066 to Kafka (438)
2026-09-09 13:08:53,598 | INFO | FraudShieldAI | Produced transaction 1ddf5f87-d09d-4f0e-b235-7ff2b30f8b51 to Kafka (439)
2026-09-09 13:08:55,632 | INFO | FraudShieldAI | Produced transaction 4b3f85e2-dab8-4447-8f75-a33ba4d00542 to Kafka (440)
2026-09-09 13:08:57,659 | INFO | FraudShieldAI | Produced transaction c42adbad-2ce6-4a07-a206-d183122e056b to Kafka (441)
2026-09-09 13:08:59,686 | INFO | FraudShieldAI | Produced transaction 3b47eecc-f6ee-4bfe-9956-9d14763057e3 to Kafka (442)
2026-09-09 13:09:01,711 | INFO | FraudShieldAI | Produced transaction 9f337cc1-38b0-4767-9e6e-a5e6c17c1c79 to Kafka (443)
2026-09-09 13:09:03,733 | INFO | FraudShieldAI | Produced transaction 0d2d8f4d-1b0c-45db-b119-6daaf54fdd88 to Kafka (444)
2026-09-09 13:09:05,763 | INFO | FraudShieldAI | Produced transaction 1a333487-a717-4eeb-8a8e-f36541a4df31 to Kafka (445)
2026-09-09 13:09:12,947 | INFO | FraudShieldAI | Produced transaction c1d4027f-b4b0-4ffc-b81b-e3a5c1ec5956 to Kafka (446)
2026-09-09 13:09:14,973 | INFO | FraudShieldAI | Produced transaction 0858efaa-55d1-4a32-83b0-21851dfd7e3c to Kafka (447)
2026-09-09 13:09:45,263 | INFO | FraudShieldAI | Produced transaction 96de72f1-d762-4430-9363-62db4e1ea1c5 to Kafka (448)
2026-09-09 13:09:47,309 | INFO | FraudShieldAI | Produced transaction 1f90256e-fcbf-4ba1-a9c6-7f86d6cac185 to Kafka (449)
2026-09-09 13:09:49,343 | INFO | FraudShieldAI | Produced transaction 99e9c8d6-68bb-488d-92a3-6984afcfc772 to Kafka (450)
2026-09-09 13:10:08,452 | INFO | FraudShieldAI | Produced transaction aea38ed4-8eaf-494a-82f7-c70611b3dfd1 to Kafka (451)
2026-09-09 13:10:10,468 | INFO | FraudShieldAI | Produced transaction e9c4bc0b-22bf-4c14-97e7-7e9e9727708b to Kafka (452)
2026-09-09 13:48:33,586 | ERROR | FraudShieldAI | Kafka publish failed for bab1575a-76a1-4a1a-9a46-799f956ece85: [Error 7] RequestTimedOutError: Request timed out after 2000 ms
2026-09-09 13:50:47,352 | INFO | FraudShieldAI | Produced transaction b97c37ac-367b-493b-96e6-edeec18b2556 to Kafka (453)
2026-09-09 13:50:49,437 | INFO | FraudShieldAI | Produced transaction 375f4c98-2e56-4fed-a392-583cfe09ded8 to Kafka (454)
2026-09-09 13:50:51,473 | INFO | FraudShieldAI | Produced transaction 88951313-46b2-4ae2-a3db-5b140e39dbfa to Kafka (455)
2026-09-09 13:50:53,512 | INFO | FraudShieldAI | Produced transaction cc23978c-bfef-4b77-b10c-be722b1eb99c to Kafka (456)
2026-09-09 13:50:55,534 | INFO | FraudShieldAI | Produced transaction f1842994-063e-4fae-b898-8f923d6011d7 to Kafka (457)
2026-09-09 13:50:57,556 | INFO | FraudShieldAI | Produced transaction a6b03f5b-2cf7-4399-b5cf-88b31b4518cd to Kafka (458)
2026-09-09 13:50:59,574 | INFO | FraudShieldAI | Produced transaction cb2bcfc5-5e6c-4a41-ab65-906839b9deb3 to Kafka (459)
2026-09-09 13:51:01,585 | INFO | FraudShieldAI | Produced transaction b37e3bfc-2ccb-4fe0-aee6-438df6a9387e to Kafka (460)
2026-09-09 13:51:03,620 | INFO | FraudShieldAI | Produced transaction 814d5ec8-7e52-4564-9b93-8538168c558c to Kafka (461)
2026-09-09 13:51:05,643 | INFO | FraudShieldAI | Produced transaction eec7dad8-f541-43ce-ac3d-ad2fc32e9fa8 to Kafka (462)
2026-09-09 13:51:07,653 | INFO | FraudShieldAI | Produced transaction 8db16924-6bcc-4514-8816-69cea665ac2a to Kafka (463)
2026-09-09 13:51:09,691 | INFO | FraudShieldAI | Produced transaction 0cf726bb-093b-4049-94f5-47cde60109df to Kafka (464)
2026-09-09 13:51:11,702 | INFO | FraudShieldAI | Produced transaction 1dc9b41d-fde4-485a-8118-f67f8cac1d8b to Kafka (465)
2026-09-09 13:51:13,710 | INFO | FraudShieldAI | Produced transaction 26783a69-cd81-481f-8c18-f4e994265b60 to Kafka (466)
2026-09-09 13:51:15,723 | INFO | FraudShieldAI | Produced transaction 2c457d2a-a61c-4116-865a-3d6ac12f8421 to Kafka (467)
2026-09-09 13:51:17,737 | INFO | FraudShieldAI | Produced transaction 5b2145ee-3998-430f-a9f9-ba9579dd4dd7 to Kafka (468)
2026-09-09 13:51:19,753 | INFO | FraudShieldAI | Produced transaction 2f4188bd-50d1-4a25-8e41-1e1132b71f38 to Kafka (469)
2026-09-09 13:51:21,778 | INFO | FraudShieldAI | Produced transaction d8090257-3539-4c8f-8f1e-6a975e914c93 to Kafka (470)
2026-09-09 13:51:23,811 | INFO | FraudShieldAI | Produced transaction 7b1bbf07-c42a-4819-a4b0-57e8ede8639b to Kafka (471)
2026-09-09 13:51:25,817 | INFO | FraudShieldAI | Produced transaction 8077da2d-3fd5-4d03-8356-61d91bc685fc to Kafka (472)
2026-09-09 13:51:27,867 | INFO | FraudShieldAI | Produced transaction cfea8ee4-315d-4eeb-a9e5-4c654fb5a23a to Kafka (473)
2026-09-09 13:51:29,893 | INFO | FraudShieldAI | Produced transaction eea86d4f-f1b2-49cc-94d0-277085247ec4 to Kafka (474)
2026-09-09 13:51:31,925 | INFO | FraudShieldAI | Produced transaction 5afe6f83-ff12-45a0-8ae1-2cf7cbcaae5a to Kafka (475)
2026-09-09 13:51:33,945 | INFO | FraudShieldAI | Produced transaction 4f28024b-34ec-407a-b82d-9e5a54f29dba to Kafka (476)
2026-09-09 13:51:35,950 | INFO | FraudShieldAI | Produced transaction 81aa357d-f2f8-43a8-8452-838195038a0f to Kafka (477)
2026-09-09 13:51:37,976 | INFO | FraudShieldAI | Produced transaction fa95fb17-2c3c-435e-a0a6-ac3ef54add2e to Kafka (478)
2026-09-09 13:51:39,987 | INFO | FraudShieldAI | Produced transaction ef55611d-4c2f-4eb6-8e8d-6c3acdc5790d to Kafka (479)
2026-09-09 13:51:42,007 | INFO | FraudShieldAI | Produced transaction 640f5e4c-346a-4401-b69f-ce3143bd411c to Kafka (480)
2026-09-09 13:51:44,048 | INFO | FraudShieldAI | Produced transaction 4cf5b00f-ae2e-4cad-ac46-b39d65e279e1 to Kafka (481)
2026-09-09 13:51:46,066 | INFO | FraudShieldAI | Produced transaction 0cce96ba-68b0-42a1-8e79-e9e10d2cb01e to Kafka (482)
2026-09-09 13:51:48,090 | INFO | FraudShieldAI | Produced transaction 09d8a13b-a2f3-429d-a5f0-67b457b7ba48 to Kafka (483)
2026-09-09 13:51:50,117 | INFO | FraudShieldAI | Produced transaction 79d32898-6fcb-4676-9f14-d7f4aaa9878c to Kafka (484)
2026-09-09 13:51:52,151 | INFO | FraudShieldAI | Produced transaction 17bc73d4-c11d-41fb-b265-749a28a9b0c3 to Kafka (485)
2026-09-09 13:51:54,180 | INFO | FraudShieldAI | Produced transaction 45ca9809-193a-444f-9374-5ffec5d1186d to Kafka (486)
2026-09-09 13:51:56,206 | INFO | FraudShieldAI | Produced transaction fb672444-2c7b-4d56-95db-5e44f3b8929d to Kafka (487)
2026-09-09 13:51:58,204 | INFO | FraudShieldAI | Produced transaction ea944d57-1c00-4a9c-8569-871efa62cc92 to Kafka (488)
2026-09-09 13:52:00,229 | INFO | FraudShieldAI | Produced transaction f2fe11f1-8931-43e1-99e4-6b26dba8a414 to Kafka (489)
2026-09-09 13:52:02,253 | INFO | FraudShieldAI | Produced transaction 67cbec60-3802-4f90-9092-11d35cfc6584 to Kafka (490)
2026-09-09 13:52:04,273 | INFO | FraudShieldAI | Produced transaction 10a1b95e-61fb-49fa-a889-747500ba8ecf to Kafka (491)
2026-09-09 13:52:06,312 | INFO | FraudShieldAI | Produced transaction 36206831-9836-47ed-b9ac-0ec2b5366194 to Kafka (492)
2026-09-09 13:52:08,314 | INFO | FraudShieldAI | Produced transaction f5bde5b3-4b57-444d-8ad6-3934c93125b2 to Kafka (493)
2026-09-09 13:52:10,331 | INFO | FraudShieldAI | Produced transaction d4714932-a5f2-4171-a8d6-b2ac740cd77c to Kafka (494)
2026-09-09 13:52:12,359 | INFO | FraudShieldAI | Produced transaction 0a3dcefe-8d25-4e05-8a6c-bdac1ffd83ca to Kafka (495)
2026-09-09 13:52:14,388 | INFO | FraudShieldAI | Produced transaction 0a22e85f-a6fb-4b11-9e73-7b1a65bb8e5e to Kafka (496)
2026-09-09 13:52:16,409 | INFO | FraudShieldAI | Produced transaction 75a96799-620b-4b90-9e25-e31c06281e77 to Kafka (497)
2026-09-09 13:52:18,425 | INFO | FraudShieldAI | Produced transaction 8e60d7af-0b02-4ee5-b518-656138d238d0 to Kafka (498)
2026-09-09 13:52:20,441 | INFO | FraudShieldAI | Produced transaction 84ba85c6-0dae-4773-a186-9b530a217ce1 to Kafka (499)
2026-09-09 13:52:22,456 | INFO | FraudShieldAI | Produced transaction 68d99da9-4567-4ea1-8ada-377c2452a771 to Kafka (500)
2026-09-09 13:52:24,455 | INFO | FraudShieldAI | Produced transaction 74e2e99a-1001-48da-b1c5-eb469ad26367 to Kafka (501)
2026-09-09 13:52:26,460 | INFO | FraudShieldAI | Produced transaction c8098fda-6d18-4e85-a6c5-77a8f871c77d to Kafka (502)
2026-09-09 13:52:28,494 | INFO | FraudShieldAI | Produced transaction adb96d93-5c54-487b-9554-1112eaebc759 to Kafka (503)
2026-09-09 13:52:30,517 | INFO | FraudShieldAI | Produced transaction 051befee-5f81-46ff-831b-257d348e55ec to Kafka (504)
2026-09-09 13:52:32,533 | INFO | FraudShieldAI | Produced transaction 44e79063-f51c-4d7a-9fb8-0375e5e2147a to Kafka (505)
2026-09-09 13:52:34,566 | INFO | FraudShieldAI | Produced transaction 86af71aa-c820-4b35-af72-c9e1724ab1ec to Kafka (506)
2026-09-09 13:52:36,572 | INFO | FraudShieldAI | Produced transaction 8bc7d1cd-76a9-4500-af0a-8b867a7bb104 to Kafka (507)
2026-09-09 13:52:38,590 | INFO | FraudShieldAI | Produced transaction 2426595b-a80f-4775-bbfa-89916ac7558a to Kafka (508)
2026-09-09 13:52:40,598 | INFO | FraudShieldAI | Produced transaction 45b8a59b-77ae-46fa-b495-07e8a3124c91 to Kafka (509)
2026-09-09 13:52:42,628 | INFO | FraudShieldAI | Produced transaction baad8082-1bdb-49ea-ae20-52c3c9959042 to Kafka (510)
2026-09-09 13:52:44,645 | INFO | FraudShieldAI | Produced transaction 8e249bee-0f3c-42a9-b6d5-8ca93a93f677 to Kafka (511)
2026-09-09 13:52:46,664 | INFO | FraudShieldAI | Produced transaction b6486678-faf6-4457-ac15-dde1a8cdbcdf to Kafka (512)
2026-09-09 13:52:48,678 | INFO | FraudShieldAI | Produced transaction 40251a0e-1996-4e43-a0e4-f197c8b38154 to Kafka (513)
2026-09-09 13:52:50,699 | INFO | FraudShieldAI | Produced transaction f25c4804-0e33-4006-a333-bd4ac3f4e9e8 to Kafka (514)
2026-09-09 13:52:52,724 | INFO | FraudShieldAI | Produced transaction 50e45ecf-827a-448b-8004-425187c41a72 to Kafka (515)
2026-09-09 13:52:54,754 | INFO | FraudShieldAI | Produced transaction d4bd8928-5192-473c-8cb8-232500cdb9bc to Kafka (516)
2026-09-09 13:52:56,763 | INFO | FraudShieldAI | Produced transaction 4e797709-a0ad-49d7-b0b0-98fb5c5b03bc to Kafka (517)
2026-09-09 13:52:58,790 | INFO | FraudShieldAI | Produced transaction 009ec800-3736-4672-ad1f-de60cc050191 to Kafka (518)
2026-09-09 13:53:00,809 | INFO | FraudShieldAI | Produced transaction ce0c3dde-3b60-4390-9221-2481890d7438 to Kafka (519)
2026-09-09 13:53:02,845 | INFO | FraudShieldAI | Produced transaction b7568230-5042-49a0-8be0-4cc38c7bb317 to Kafka (520)
2026-09-09 13:53:04,905 | INFO | FraudShieldAI | Produced transaction fadc7a75-cd79-42c0-adf9-117e59295165 to Kafka (521)
2026-09-09 13:53:06,943 | INFO | FraudShieldAI | Produced transaction 6bf0a106-2dec-493c-b927-20abe3214383 to Kafka (522)
2026-09-09 13:53:08,962 | INFO | FraudShieldAI | Produced transaction 7bb95943-5d18-4563-b50a-2fb0d0626c84 to Kafka (523)
2026-09-09 13:53:10,972 | INFO | FraudShieldAI | Produced transaction 1a0fa686-82a4-41a4-a013-f9db68e36f2e to Kafka (524)
2026-09-09 13:53:13,007 | INFO | FraudShieldAI | Produced transaction 81ff3253-be6d-4c90-b11c-88e3551d1f16 to Kafka (525)
2026-09-09 13:53:15,037 | INFO | FraudShieldAI | Produced transaction 88437aeb-d832-4128-8c4e-9bee1eb02a84 to Kafka (526)
2026-09-09 13:53:17,031 | INFO | FraudShieldAI | Produced transaction f479b39d-6305-46b8-b32f-1c28eb2a1486 to Kafka (527)
2026-09-09 13:53:19,038 | INFO | FraudShieldAI | Produced transaction 3a720437-7829-4a8c-9d8a-9128068be1b7 to Kafka (528)
2026-09-09 13:53:21,065 | INFO | FraudShieldAI | Produced transaction fd395d0f-ee59-48ce-bdff-89a784ab81cf to Kafka (529)
2026-09-09 13:53:23,083 | INFO | FraudShieldAI | Produced transaction 8c748e96-34f1-44c2-87d0-8514f2b8771b to Kafka (530)
2026-09-09 13:53:25,112 | INFO | FraudShieldAI | Produced transaction d93f0964-5430-47ab-a0c7-baa03ef145de to Kafka (531)
2026-09-09 13:53:27,114 | INFO | FraudShieldAI | Produced transaction 035ee297-dcc0-4b04-acbb-31bbbb5cc473 to Kafka (532)
2026-09-09 13:53:29,136 | INFO | FraudShieldAI | Produced transaction c08d5849-2235-4bd6-aef8-9a4526f2ce46 to Kafka (533)
2026-09-09 13:53:31,157 | INFO | FraudShieldAI | Produced transaction 9bc497ac-d2b5-4b87-99bc-623f5de3e91c to Kafka (534)
2026-09-09 13:53:33,173 | INFO | FraudShieldAI | Produced transaction 7e3d94b4-5931-4427-a401-4d35440b3938 to Kafka (535)
2026-09-09 13:53:35,198 | INFO | FraudShieldAI | Produced transaction a5a6d83d-fcc4-4189-bd33-8dc183fc9909 to Kafka (536)
2026-09-09 13:53:37,207 | INFO | FraudShieldAI | Produced transaction 3c224aa2-43ad-4d67-bc96-43552bdbfddc to Kafka (537)
2026-09-09 13:53:39,231 | INFO | FraudShieldAI | Produced transaction 33d92f01-4384-498f-a93f-251c0281c010 to Kafka (538)
2026-09-09 13:53:41,238 | INFO | FraudShieldAI | Produced transaction 6c5fd097-dde3-49e8-a02a-f63f04c08e02 to Kafka (539)
2026-09-09 13:53:43,251 | INFO | FraudShieldAI | Produced transaction af15ac29-6f95-48f7-a26e-5d583ab5d88c to Kafka (540)
2026-09-09 13:53:45,258 | INFO | FraudShieldAI | Produced transaction b129d5a0-e858-49e0-8e90-e984ce8b3cbf to Kafka (541)
2026-09-09 13:53:47,288 | INFO | FraudShieldAI | Produced transaction 5a7ce201-8b4c-49ea-bd1a-e8bc3314aca8 to Kafka (542)
2026-09-09 13:53:49,329 | INFO | FraudShieldAI | Produced transaction 5072e4f3-9d55-4dc9-a9ce-b44f4f03cc26 to Kafka (543)
2026-09-09 13:53:51,335 | INFO | FraudShieldAI | Produced transaction b17da245-89d0-4660-9b05-cfb0ceb554db to Kafka (544)
2026-09-09 13:53:53,368 | INFO | FraudShieldAI | Produced transaction 6cb9f44e-85d1-43d2-8c0c-0c70395f07c6 to Kafka (545)
2026-09-09 13:53:55,388 | INFO | FraudShieldAI | Produced transaction e9e40558-693d-4202-ac93-2f5ac3319430 to Kafka (546)
2026-09-09 13:53:57,415 | INFO | FraudShieldAI | Produced transaction 9e430fe0-d804-4646-9ae4-34c600f300af to Kafka (547)
2026-09-09 13:53:59,447 | INFO | FraudShieldAI | Produced transaction 95806c34-2b11-4cb0-a059-c5831c24b972 to Kafka (548)
2026-09-09 13:54:01,479 | INFO | FraudShieldAI | Produced transaction 6f84aed4-330c-4157-a66c-fd4d4042f0e5 to Kafka (549)
2026-09-09 13:54:03,501 | INFO | FraudShieldAI | Produced transaction b7522f36-45e2-497e-9fdb-27d9fc04e67a to Kafka (550)
2026-09-09 13:54:05,517 | INFO | FraudShieldAI | Produced transaction a28c25b5-4b73-49be-a8ad-27e0881e0afb to Kafka (551)
2026-09-09 13:54:07,523 | INFO | FraudShieldAI | Produced transaction 82988761-b6c2-4ad6-af22-4110e170920c to Kafka (552)
2026-09-09 13:54:09,554 | INFO | FraudShieldAI | Produced transaction 4b34ed0f-edfc-4825-a5c3-daf8f14e2ed5 to Kafka (553)
2026-09-09 13:54:11,576 | INFO | FraudShieldAI | Produced transaction 5bfac6d2-567a-41e4-ad8a-b35ead71935b to Kafka (554)
2026-09-09 13:54:13,580 | INFO | FraudShieldAI | Produced transaction 0c73344d-08a5-4c18-ae6a-aa4c47a2c6ce to Kafka (555)
2026-09-09 13:54:15,600 | INFO | FraudShieldAI | Produced transaction 71c22ad1-de70-439d-a287-a2aa5143bbd9 to Kafka (556)
2026-09-09 13:54:17,629 | INFO | FraudShieldAI | Produced transaction db2078ff-1651-4d68-8164-bb4fcc45baad to Kafka (557)
2026-09-09 13:54:19,672 | INFO | FraudShieldAI | Produced transaction 1226cf63-2412-4c90-ba2b-4c05853bf8cc to Kafka (558)
2026-09-09 13:54:21,670 | INFO | FraudShieldAI | Produced transaction da8b0c2e-4bc4-41a0-82e3-378b2306c277 to Kafka (559)
2026-09-09 13:54:23,681 | INFO | FraudShieldAI | Produced transaction 81214f15-cf5d-48ea-8441-5970329d1249 to Kafka (560)
2026-09-09 13:54:25,701 | INFO | FraudShieldAI | Produced transaction f65c406d-218e-4702-bfba-f1b94df789b6 to Kafka (561)
2026-09-09 13:54:27,735 | INFO | FraudShieldAI | Produced transaction 649b37fc-fe5e-46e0-a779-5b90e2cd57a3 to Kafka (562)
2026-09-09 13:54:29,750 | INFO | FraudShieldAI | Produced transaction 0316d2fb-2499-4572-8b1c-822478e02b24 to Kafka (563)
2026-09-09 13:54:31,756 | INFO | FraudShieldAI | Produced transaction 7c47fb74-0298-4e76-8aa3-5e967c387850 to Kafka (564)
2026-09-09 13:54:33,784 | INFO | FraudShieldAI | Produced transaction 3fa7a4db-ddba-4f7f-af67-24d664abb967 to Kafka (565)
2026-09-09 13:54:35,803 | INFO | FraudShieldAI | Produced transaction 8f1ee806-6f96-4e16-aaaa-2b2800d98fc9 to Kafka (566)
2026-09-09 13:54:37,822 | INFO | FraudShieldAI | Produced transaction 10ebe828-9ea2-4ba9-b371-c09c3d97786a to Kafka (567)
2026-09-09 13:54:39,841 | INFO | FraudShieldAI | Produced transaction 148a383f-4fed-41b5-a9d2-1a79d12c57cc to Kafka (568)
2026-09-09 13:54:41,859 | INFO | FraudShieldAI | Produced transaction e7ff0d0f-0ed0-4910-9d49-0282685933e3 to Kafka (569)
2026-09-09 13:54:43,877 | INFO | FraudShieldAI | Produced transaction e464db49-da74-4f10-985d-97763b2cda30 to Kafka (570)
2026-09-09 13:54:45,880 | INFO | FraudShieldAI | Produced transaction 4f678b49-6d36-49ed-9856-951a5e932492 to Kafka (571)
2026-09-09 13:54:47,912 | INFO | FraudShieldAI | Produced transaction 461ec4fb-1d42-45b0-bff0-31189c224c2e to Kafka (572)
2026-09-09 13:54:49,934 | INFO | FraudShieldAI | Produced transaction 1a623249-1a35-4f0a-a2c1-b7a589126cd8 to Kafka (573)
2026-09-09 13:54:51,940 | INFO | FraudShieldAI | Produced transaction eb31a33e-0777-48fe-a8ca-f0c7d0f11196 to Kafka (574)
2026-09-09 13:54:53,939 | INFO | FraudShieldAI | Produced transaction 4cc982d8-e0b2-4124-a1ca-17b1ad9a8908 to Kafka (575)
2026-09-09 13:54:55,959 | INFO | FraudShieldAI | Produced transaction a3b7e998-7be4-47ea-975f-5266a1ef224f to Kafka (576)
2026-09-09 13:54:57,986 | INFO | FraudShieldAI | Produced transaction 7ae8f362-5f88-43a4-85ed-0ddd163fd3ab to Kafka (577)
2026-09-09 13:55:00,013 | INFO | FraudShieldAI | Produced transaction c228e493-0c77-42c6-bbd6-9b41e76df722 to Kafka (578)
2026-09-09 13:55:02,042 | INFO | FraudShieldAI | Produced transaction da6080b0-62a3-43b2-a16f-037604eb3b4b to Kafka (579)
2026-09-09 13:55:04,052 | INFO | FraudShieldAI | Produced transaction 19ab64a7-6950-4c5d-b443-8126b8f715b5 to Kafka (580)
2026-09-09 13:55:06,052 | INFO | FraudShieldAI | Produced transaction 71d3f5bf-bb47-494b-b2e8-6d9355dec8a2 to Kafka (581)
2026-09-09 13:55:08,074 | INFO | FraudShieldAI | Produced transaction e50463a6-0e5c-4342-abdd-32fbb02bae31 to Kafka (582)
2026-09-09 13:55:10,105 | INFO | FraudShieldAI | Produced transaction 5bfaeac2-cead-4ec1-a5b9-bcf776239989 to Kafka (583)
2026-09-09 13:55:12,108 | INFO | FraudShieldAI | Produced transaction ae0f4cc2-0af4-4f06-87cc-2852472d1e92 to Kafka (584)
2026-09-09 13:55:14,130 | INFO | FraudShieldAI | Produced transaction 9611de21-3b50-4702-965d-0fa2fadb873a to Kafka (585)
2026-09-09 13:55:16,177 | INFO | FraudShieldAI | Produced transaction 25581619-6822-4433-8bea-2b865e212c1f to Kafka (586)
2026-09-09 13:55:18,198 | INFO | FraudShieldAI | Produced transaction f9cc6546-ee0f-436f-aab4-232e324f0559 to Kafka (587)
2026-09-09 13:55:20,211 | INFO | FraudShieldAI | Produced transaction 98e614f5-3176-4c6e-8b4c-c0fb6c5a6082 to Kafka (588)
2026-09-09 13:55:22,239 | INFO | FraudShieldAI | Produced transaction 0580809d-1a4d-486e-977d-78074851cb09 to Kafka (589)
2026-09-09 13:55:24,236 | INFO | FraudShieldAI | Produced transaction 3373e7c5-e4b7-4b65-93b5-a7b75a767c28 to Kafka (590)
2026-09-09 13:55:26,259 | INFO | FraudShieldAI | Produced transaction 03a4b7c5-3332-49f3-a04f-abed5df5a01e to Kafka (591)
2026-09-09 13:55:28,277 | INFO | FraudShieldAI | Produced transaction e4a1f2ca-5a71-491a-a870-6706e4918ca6 to Kafka (592)
2026-09-09 13:55:30,306 | INFO | FraudShieldAI | Produced transaction 55854662-0034-4824-869f-d4b1997c8b03 to Kafka (593)
2026-09-09 13:55:32,311 | INFO | FraudShieldAI | Produced transaction 01d1b52c-22d9-4922-bb31-3455d207a26b to Kafka (594)
2026-09-09 13:55:34,337 | INFO | FraudShieldAI | Produced transaction d819ec45-458a-443f-8775-1f1097ef1cc0 to Kafka (595)
2026-09-09 13:55:36,357 | INFO | FraudShieldAI | Produced transaction 234321e9-1943-4914-90d4-a069b8892088 to Kafka (596)
2026-09-09 13:55:38,365 | INFO | FraudShieldAI | Produced transaction 7dabefc8-460f-404f-89bd-485017ec6688 to Kafka (597)
2026-09-09 13:55:40,389 | INFO | FraudShieldAI | Produced transaction e738588f-cfd4-47b4-8f26-bdd401d5aa55 to Kafka (598)
2026-09-09 13:55:42,400 | INFO | FraudShieldAI | Produced transaction be1fdb42-a940-457e-93a3-955004136afd to Kafka (599)
2026-09-09 13:55:44,424 | INFO | FraudShieldAI | Produced transaction 8428ba31-1503-436e-b6b9-b13314273513 to Kafka (600)
2026-09-09 13:55:46,456 | INFO | FraudShieldAI | Produced transaction 3fc99093-ee2f-453c-bb7d-4f477b4725d9 to Kafka (601)
2026-09-09 13:55:48,471 | INFO | FraudShieldAI | Produced transaction b873cce1-0933-4b88-9764-0696c7cd0276 to Kafka (602)
2026-09-09 13:55:50,509 | INFO | FraudShieldAI | Produced transaction dfb00414-eb44-4584-aca2-4a4f6ec28d51 to Kafka (603)
2026-09-09 13:55:52,517 | INFO | FraudShieldAI | Produced transaction b5d7d322-26af-4308-9c73-409ee99afe91 to Kafka (604)
2026-09-09 13:55:54,538 | INFO | FraudShieldAI | Produced transaction 66743a37-ca04-455c-bb20-f3187951741f to Kafka (605)
2026-09-09 13:55:56,570 | INFO | FraudShieldAI | Produced transaction 6fcd8b98-db62-45ec-8cb6-1130732d7542 to Kafka (606)
2026-09-09 13:55:58,605 | INFO | FraudShieldAI | Produced transaction a9d8d388-0960-495b-8a19-505d2bbf7840 to Kafka (607)
2026-09-09 13:56:00,635 | INFO | FraudShieldAI | Produced transaction 78ca51bb-bb8e-4cc8-b13d-2542c1178644 to Kafka (608)
2026-09-09 13:56:02,669 | INFO | FraudShieldAI | Produced transaction 544eb36a-0797-4c6a-b192-a79e943557a6 to Kafka (609)
2026-09-09 13:56:04,677 | INFO | FraudShieldAI | Produced transaction 89965f91-8723-49a9-9313-d5e7383ad9a9 to Kafka (610)
2026-09-09 13:56:06,694 | INFO | FraudShieldAI | Produced transaction 5cabd0d5-afc5-4d6b-928d-0cc7602e5832 to Kafka (611)
2026-09-09 13:56:08,709 | INFO | FraudShieldAI | Produced transaction c3d1b809-7017-4425-a24e-4f07acb38aa3 to Kafka (612)
2026-09-09 13:56:10,732 | INFO | FraudShieldAI | Produced transaction 9219726f-0584-453f-beb8-ed641de3826b to Kafka (613)
2026-09-09 13:56:12,748 | INFO | FraudShieldAI | Produced transaction a982b66c-a7f3-40e7-886c-a2e2ba0289ee to Kafka (614)
2026-09-09 13:56:14,765 | INFO | FraudShieldAI | Produced transaction e99a1319-c177-47b9-b657-6ae20343650b to Kafka (615)
2026-09-09 13:56:16,795 | INFO | FraudShieldAI | Produced transaction 2fc14c0d-5c51-47bc-ba2e-f753154c460d to Kafka (616)
2026-09-09 13:56:18,810 | INFO | FraudShieldAI | Produced transaction aee98ad2-0708-497a-b33b-70d160fa6f04 to Kafka (617)
2026-09-09 13:56:20,829 | INFO | FraudShieldAI | Produced transaction 1e655b99-4e0f-4eab-9f4c-ee2169dba054 to Kafka (618)
2026-09-09 13:56:22,840 | INFO | FraudShieldAI | Produced transaction cbbed952-547c-4352-8e8b-29fbc59ee152 to Kafka (619)
2026-09-09 13:56:24,871 | INFO | FraudShieldAI | Produced transaction 08222b60-0871-40db-8d8c-5d294bc96cd8 to Kafka (620)
2026-09-09 13:56:26,900 | INFO | FraudShieldAI | Produced transaction 987a67e6-e195-45d1-baa0-361ced3e4022 to Kafka (621)
2026-09-09 13:56:28,917 | INFO | FraudShieldAI | Produced transaction c2699f2f-f356-48d4-84ee-7079a10fc190 to Kafka (622)
2026-09-09 13:56:30,931 | INFO | FraudShieldAI | Produced transaction 012e9b89-a09f-4400-8883-e04143115ec0 to Kafka (623)
2026-09-09 13:56:32,943 | INFO | FraudShieldAI | Produced transaction 002e41c2-2417-4600-8ebb-bd6319bd60be to Kafka (624)
2026-09-09 13:56:34,962 | INFO | FraudShieldAI | Produced transaction 090f4596-a023-4929-a41f-b7bb59a61aa8 to Kafka (625)
2026-09-09 13:56:36,997 | INFO | FraudShieldAI | Produced transaction b4728766-9570-4947-a1ad-588f8599f4c5 to Kafka (626)
2026-09-09 13:56:39,014 | INFO | FraudShieldAI | Produced transaction 24440705-ec47-4ecb-ae84-46c8396a46de to Kafka (627)
2026-09-09 13:56:41,042 | INFO | FraudShieldAI | Produced transaction 2884e401-0269-4a84-97d7-9bea6dcd02e7 to Kafka (628)
2026-09-09 13:56:43,068 | INFO | FraudShieldAI | Produced transaction 4cdfa523-3ec3-4cd4-96d2-fd07c659515a to Kafka (629)
2026-09-09 13:56:45,084 | INFO | FraudShieldAI | Produced transaction 67e346b9-1572-456c-9df8-295e538ee179 to Kafka (630)
2026-09-09 13:56:47,120 | INFO | FraudShieldAI | Produced transaction 4e941e02-3010-47ad-90e0-b4ada88149a8 to Kafka (631)
2026-09-09 13:56:49,132 | INFO | FraudShieldAI | Produced transaction a81adcba-c5d3-4a8e-836b-f0b81905618d to Kafka (632)
2026-09-09 13:56:51,147 | INFO | FraudShieldAI | Produced transaction 72cf8b69-7495-4b16-8e2d-2650e405e6e9 to Kafka (633)
2026-09-09 13:56:53,180 | INFO | FraudShieldAI | Produced transaction 9007d62e-fc8c-4848-99fb-0fbedc1f21b3 to Kafka (634)
2026-09-09 13:56:55,210 | INFO | FraudShieldAI | Produced transaction e3f0e32b-8896-4699-a8ce-ebd5dbc9fd12 to Kafka (635)
2026-09-09 13:56:57,238 | INFO | FraudShieldAI | Produced transaction d0d76346-a54b-4099-9e3b-afc44174a11f to Kafka (636)
2026-09-09 13:56:59,256 | INFO | FraudShieldAI | Produced transaction 5f2ca3cc-a033-4c5c-b8f3-09b3c827a84b to Kafka (637)
2026-09-09 13:57:01,276 | INFO | FraudShieldAI | Produced transaction f67ea726-1e05-4d15-8283-1c1af4efff46 to Kafka (638)
2026-09-09 13:57:03,303 | INFO | FraudShieldAI | Produced transaction 34a939a3-0d3b-49ba-befd-3387f4173e7a to Kafka (639)
2026-09-09 13:57:05,312 | INFO | FraudShieldAI | Produced transaction bbcc7cfd-e6de-4c6c-9fb4-089328735b20 to Kafka (640)
2026-09-09 13:57:07,318 | INFO | FraudShieldAI | Produced transaction 893deb6e-772f-4df0-9475-2d6045d5c5c7 to Kafka (641)
2026-09-09 13:57:09,310 | INFO | FraudShieldAI | Produced transaction 638ab25a-063d-468e-b5c3-c362da5f4fb4 to Kafka (642)
2026-09-09 13:57:11,349 | INFO | FraudShieldAI | Produced transaction cdc27861-3fc3-429f-8d76-4efa381b2cbb to Kafka (643)
2026-09-09 13:57:13,383 | INFO | FraudShieldAI | Produced transaction d83846aa-4567-42bd-a0e7-573bc2aff8bc to Kafka (644)
2026-09-09 13:57:15,405 | INFO | FraudShieldAI | Produced transaction 0a552647-ae3b-4886-bfd9-590f1ff92737 to Kafka (645)
2026-09-09 13:57:17,436 | INFO | FraudShieldAI | Produced transaction 97e3b980-a46b-43e2-b0c5-cc00ba462e4d to Kafka (646)
2026-09-09 13:57:19,452 | INFO | FraudShieldAI | Produced transaction 26dbb9b2-d93c-4ed0-a398-f1d8498ddea4 to Kafka (647)
2026-09-09 13:57:21,463 | INFO | FraudShieldAI | Produced transaction 2da0e588-22e5-4f65-9633-76de8d1707ec to Kafka (648)
2026-09-09 13:57:23,488 | INFO | FraudShieldAI | Produced transaction 897ffa8f-c88e-4f90-8fea-3044e3769e77 to Kafka (649)
2026-09-09 13:57:25,523 | INFO | FraudShieldAI | Produced transaction 8b6a5199-aa90-4049-8300-d1c4f4008c52 to Kafka (650)
2026-09-09 13:57:27,545 | INFO | FraudShieldAI | Produced transaction 4724d6cd-0453-47ac-bafd-7e4277d942ad to Kafka (651)
2026-09-09 13:57:29,536 | INFO | FraudShieldAI | Produced transaction 7e8e493a-31ea-4c43-ae23-c5f06567435b to Kafka (652)
2026-09-09 13:57:31,541 | INFO | FraudShieldAI | Produced transaction 01e915ed-ec72-4c5d-bf23-d065e4486461 to Kafka (653)
2026-09-09 13:57:33,548 | INFO | FraudShieldAI | Produced transaction 61361f24-6155-4f92-aa00-82eb4b251daf to Kafka (654)
2026-09-09 13:57:35,574 | INFO | FraudShieldAI | Produced transaction dfd89a08-e65d-4d56-a8c1-4ee311514896 to Kafka (655)
2026-09-09 13:57:37,602 | INFO | FraudShieldAI | Produced transaction b356b0f8-2fa1-4682-8156-e5da7a560edc to Kafka (656)
2026-09-09 13:57:39,632 | INFO | FraudShieldAI | Produced transaction 2e61ba76-9e05-4735-908c-24ae33134be4 to Kafka (657)
2026-09-09 13:57:41,668 | INFO | FraudShieldAI | Produced transaction 3c8919ba-f827-4d6f-9da5-31c02bc1b1a0 to Kafka (658)
2026-09-09 13:57:43,682 | INFO | FraudShieldAI | Produced transaction ae4cb316-41b4-4716-bde6-7eab52b12805 to Kafka (659)
2026-09-09 13:57:45,690 | INFO | FraudShieldAI | Produced transaction 0cb298f0-39ca-46e0-af01-c5830b58a91d to Kafka (660)
2026-09-09 13:57:47,710 | INFO | FraudShieldAI | Produced transaction 5bcf884b-ba12-4ddb-8d43-dc3bae627c26 to Kafka (661)
2026-09-09 13:57:49,732 | INFO | FraudShieldAI | Produced transaction 2ce98d83-fd1b-4ccc-82f3-9c752d7436b7 to Kafka (662)
2026-09-09 13:57:51,757 | INFO | FraudShieldAI | Produced transaction d8c2853e-7fad-4cd1-b3d4-4ec6554be86a to Kafka (663)
2026-09-09 13:57:53,797 | INFO | FraudShieldAI | Produced transaction e295af9a-3d93-45a3-8b75-a7f90f2614c9 to Kafka (664)
2026-09-09 13:57:55,805 | INFO | FraudShieldAI | Produced transaction 63e036a2-def6-45de-8b2c-24bf629bbdbe to Kafka (665)
2026-09-09 13:57:57,830 | INFO | FraudShieldAI | Produced transaction 4275bace-112b-4320-b608-3d499c233a92 to Kafka (666)
2026-09-09 13:57:59,833 | INFO | FraudShieldAI | Produced transaction 11337aba-6741-43ce-9171-dc76c20ec677 to Kafka (667)
2026-09-09 13:58:01,857 | INFO | FraudShieldAI | Produced transaction 8b82741c-76f7-4fa7-b7e8-315be72cbb1f to Kafka (668)
2026-09-09 13:58:03,882 | INFO | FraudShieldAI | Produced transaction 6de0a24a-3c64-4fa5-a706-6afc2b47842e to Kafka (669)
2026-09-09 13:58:05,915 | INFO | FraudShieldAI | Produced transaction d5cb8049-01a6-4579-bd31-0badeb73b134 to Kafka (670)
2026-09-09 13:58:07,932 | INFO | FraudShieldAI | Produced transaction 1baebca9-6763-47b4-ac05-dc22fe5bf710 to Kafka (671)
2026-09-09 13:58:09,966 | INFO | FraudShieldAI | Produced transaction 51956337-42a3-4139-8e20-eb0a3a7095e3 to Kafka (672)
2026-09-09 13:58:11,978 | INFO | FraudShieldAI | Produced transaction 1568134a-1049-4892-94d7-5ef016f2e0de to Kafka (673)
2026-09-09 13:58:13,995 | INFO | FraudShieldAI | Produced transaction f5241fb3-ae16-4a58-bd9c-eef32c6e8644 to Kafka (674)
2026-09-09 13:58:16,027 | INFO | FraudShieldAI | Produced transaction fc75f6c5-507b-4362-bc89-e549c31c8e91 to Kafka (675)
2026-09-09 13:58:18,041 | INFO | FraudShieldAI | Produced transaction ce65233a-b7cb-4d62-9a27-485510be987b to Kafka (676)
2026-09-09 13:58:20,054 | INFO | FraudShieldAI | Produced transaction 52d8eca1-3ea1-4be2-a422-848b7d03bd2d to Kafka (677)
2026-09-09 13:58:22,082 | INFO | FraudShieldAI | Produced transaction e5036773-d885-496d-a7f7-08c80bf42bae to Kafka (678)
2026-09-09 13:58:24,093 | INFO | FraudShieldAI | Produced transaction 3ffc4448-fc6f-4777-86bf-af1c5cfd4bd1 to Kafka (679)
2026-09-09 13:58:26,121 | INFO | FraudShieldAI | Produced transaction 0c0586ce-727e-4338-8c1f-d51ec2da7a52 to Kafka (680)
2026-09-09 13:58:28,149 | INFO | FraudShieldAI | Produced transaction 636e665c-1b8b-4cdb-bdf0-b1754cf9965d to Kafka (681)
2026-09-09 13:58:30,168 | INFO | FraudShieldAI | Produced transaction 578a4283-e39f-4a5b-808e-2beb5262d2e9 to Kafka (682)
2026-09-09 13:58:32,181 | INFO | FraudShieldAI | Produced transaction 553cb50d-b4f5-47e8-89e8-deef836d3368 to Kafka (683)
2026-09-09 13:58:34,209 | INFO | FraudShieldAI | Produced transaction 67718a8f-bf99-4fd6-8bc8-748c518ed40d to Kafka (684)
2026-09-09 13:58:36,232 | INFO | FraudShieldAI | Produced transaction 2f488a23-3021-443d-83b7-1002dc9023df to Kafka (685)
2026-09-09 13:58:38,267 | INFO | FraudShieldAI | Produced transaction c69b0f1b-b56e-46a7-97a5-155174eee745 to Kafka (686)
2026-09-09 13:58:40,282 | INFO | FraudShieldAI | Produced transaction 0e9a3c96-400a-492b-864d-ce1be3a10b28 to Kafka (687)
2026-09-09 13:58:42,298 | INFO | FraudShieldAI | Produced transaction b8d98591-6ea2-4e95-8136-71608b4f54c5 to Kafka (688)
2026-09-09 13:58:44,307 | INFO | FraudShieldAI | Produced transaction 1ec45c8f-75f5-4448-8b02-2217928a78f7 to Kafka (689)
2026-09-09 13:58:46,321 | INFO | FraudShieldAI | Produced transaction 7fa531bf-31a0-44c1-9c61-29df1f5f38d3 to Kafka (690)
2026-09-09 13:58:48,353 | INFO | FraudShieldAI | Produced transaction aaceaa35-f1f1-4683-8835-41bb02766835 to Kafka (691)
2026-09-09 13:58:50,384 | INFO | FraudShieldAI | Produced transaction 961609f6-50d1-4fe3-9f83-609a9ee28340 to Kafka (692)
2026-09-09 13:58:52,390 | INFO | FraudShieldAI | Produced transaction 218b87d7-cc19-41a8-8f0c-fd216cbbc4e0 to Kafka (693)
2026-09-09 13:58:54,406 | INFO | FraudShieldAI | Produced transaction 302bc2ae-c596-4347-aed1-0ab0604a6f00 to Kafka (694)
2026-09-09 13:58:56,407 | INFO | FraudShieldAI | Produced transaction 4eb99516-1bdb-4128-ae4c-5022710f60ad to Kafka (695)
2026-09-09 13:58:58,409 | INFO | FraudShieldAI | Produced transaction 88284dff-b8e7-4bdb-abd7-ec17b2ff342e to Kafka (696)
2026-09-09 13:59:00,412 | INFO | FraudShieldAI | Produced transaction 0861a547-476c-41db-829e-fe369d44cd58 to Kafka (697)
2026-09-09 13:59:02,435 | INFO | FraudShieldAI | Produced transaction 1b069a0d-b57e-4caa-a371-d41e2242a003 to Kafka (698)
2026-09-09 13:59:04,468 | INFO | FraudShieldAI | Produced transaction 69ebde55-d343-462d-9b07-13501ed590d4 to Kafka (699)
2026-09-09 13:59:06,504 | INFO | FraudShieldAI | Produced transaction 45d59b98-5588-4de7-8e74-661005c5cb44 to Kafka (700)
2026-09-09 13:59:08,529 | INFO | FraudShieldAI | Produced transaction 3f86cf03-f134-40a6-8965-24b2a4f0d92a to Kafka (701)
2026-09-09 13:59:10,543 | INFO | FraudShieldAI | Produced transaction c08642df-1b5d-4e58-96b9-b14a92050090 to Kafka (702)
2026-09-09 13:59:12,583 | INFO | FraudShieldAI | Produced transaction d49394b4-201e-4354-b2fc-5c2a67425964 to Kafka (703)
2026-09-09 13:59:14,616 | INFO | FraudShieldAI | Produced transaction cc3b3619-c7ef-41e3-92da-cdb2e516b43e to Kafka (704)
2026-09-09 13:59:16,645 | INFO | FraudShieldAI | Produced transaction 9f4ecbee-25eb-4bc2-bac9-9c7aea925420 to Kafka (705)
2026-09-09 13:59:18,666 | INFO | FraudShieldAI | Produced transaction c8bc9a06-fb45-4e9b-a9e2-a4a40f3bbe08 to Kafka (706)
2026-09-09 13:59:20,695 | INFO | FraudShieldAI | Produced transaction e699a3ec-5746-47a7-a874-b54e51292378 to Kafka (707)
2026-09-09 13:59:22,724 | INFO | FraudShieldAI | Produced transaction 81c913d3-af95-4cbc-b670-fcbd0cfb621f to Kafka (708)
2026-09-09 13:59:24,736 | INFO | FraudShieldAI | Produced transaction 65cf00ab-66b6-46d5-b2d6-d8f7c4308db4 to Kafka (709)
2026-09-09 13:59:26,759 | INFO | FraudShieldAI | Produced transaction 7abd0da8-3ead-4bda-ad2a-e6b7e01d6113 to Kafka (710)
2026-09-09 13:59:28,788 | INFO | FraudShieldAI | Produced transaction 366efb41-b995-4e63-a899-e403b79d17f7 to Kafka (711)
2026-09-09 13:59:30,820 | INFO | FraudShieldAI | Produced transaction cba8f0b4-4799-414a-b5ea-953a238b73e4 to Kafka (712)
2026-09-09 13:59:32,835 | INFO | FraudShieldAI | Produced transaction 43ac3a96-560d-4a5f-bdc4-6c21ee50063b to Kafka (713)
2026-09-09 13:59:34,871 | INFO | FraudShieldAI | Produced transaction 57e17506-2981-440b-91b9-2c061f786953 to Kafka (714)
2026-09-09 13:59:36,904 | INFO | FraudShieldAI | Produced transaction dc6e498b-1d37-4c7f-8759-33414ea747d9 to Kafka (715)
2026-09-09 13:59:38,924 | INFO | FraudShieldAI | Produced transaction 1753930a-bb8e-41a4-aebc-762fba9b4d1e to Kafka (716)
2026-09-09 13:59:40,930 | INFO | FraudShieldAI | Produced transaction 7f0b7f0c-ce52-468f-a4bb-440012d8ed90 to Kafka (717)
2026-09-09 13:59:42,961 | INFO | FraudShieldAI | Produced transaction dd9a2e4d-6675-4506-88a4-e6acada66983 to Kafka (718)
2026-09-09 13:59:44,993 | INFO | FraudShieldAI | Produced transaction 0cc6a7e7-6b5b-495d-8e1a-d4ad4fe1755b to Kafka (719)
2026-09-09 13:59:46,998 | INFO | FraudShieldAI | Produced transaction 01fe1cb8-1cac-47be-9ba4-d5dd3c201a34 to Kafka (720)
2026-09-09 13:59:49,034 | INFO | FraudShieldAI | Produced transaction fbdf1177-37e3-4edd-9e49-cae1ac0396b7 to Kafka (721)
2026-09-09 13:59:51,035 | INFO | FraudShieldAI | Produced transaction 6d452d0c-8901-4fa4-abd0-3fe7f6c5cee9 to Kafka (722)
2026-09-09 13:59:53,058 | INFO | FraudShieldAI | Produced transaction 8411b57f-5a7d-4787-b678-4141ddd1cd95 to Kafka (723)
2026-09-09 13:59:55,076 | INFO | FraudShieldAI | Produced transaction 75a6b8dc-1f1c-470e-ba1c-e4d3d0980cec to Kafka (724)
2026-09-09 13:59:57,080 | INFO | FraudShieldAI | Produced transaction c815c00d-871c-4a09-801d-8595f4a5675b to Kafka (725)
2026-09-09 13:59:59,122 | INFO | FraudShieldAI | Produced transaction b01485c8-c0c5-4650-95c9-23b09d1694a1 to Kafka (726)
2026-09-09 14:00:01,147 | INFO | FraudShieldAI | Produced transaction f53b5151-95e7-420e-a073-529537eee761 to Kafka (727)
2026-09-09 14:00:03,178 | INFO | FraudShieldAI | Produced transaction 23a05385-dfb1-40f0-baa5-3067237ca4c1 to Kafka (728)
2026-09-09 14:00:05,201 | INFO | FraudShieldAI | Produced transaction a9150712-9a19-4ae0-ade0-36dfdbff8895 to Kafka (729)
2026-09-09 14:00:07,200 | INFO | FraudShieldAI | Produced transaction 65192a48-31a7-426f-a6e2-abbf3d1523c9 to Kafka (730)
2026-09-09 14:00:09,227 | INFO | FraudShieldAI | Produced transaction 09c14e25-c283-4f75-b355-c1a740c58b71 to Kafka (731)
2026-09-09 14:00:11,265 | INFO | FraudShieldAI | Produced transaction 5ba228ac-b6d0-46b7-ad2b-d951311fc535 to Kafka (732)
2026-09-09 14:00:13,290 | INFO | FraudShieldAI | Produced transaction d8c42dab-521b-46cb-8706-0cc023cb4bbd to Kafka (733)
2026-09-09 14:00:15,302 | INFO | FraudShieldAI | Produced transaction 1b491e64-7480-4292-8492-c476dda3f7ae to Kafka (734)
2026-09-09 14:00:17,339 | INFO | FraudShieldAI | Produced transaction 83bd7005-42ff-4659-b299-44790856e6fa to Kafka (735)
2026-09-09 14:00:19,348 | INFO | FraudShieldAI | Produced transaction 303bf54b-e557-4346-a9ea-ad4e01c8e303 to Kafka (736)
2026-09-09 14:00:21,357 | INFO | FraudShieldAI | Produced transaction 264e54a1-8835-4af3-8228-97e7447d35c2 to Kafka (737)
2026-09-09 14:00:23,363 | INFO | FraudShieldAI | Produced transaction 6c68dd4c-7949-47c7-9483-6bd208d4086e to Kafka (738)
2026-09-09 14:00:25,384 | INFO | FraudShieldAI | Produced transaction 72585192-5570-47c3-aa8a-8639467e01ee to Kafka (739)
2026-09-09 14:00:27,411 | INFO | FraudShieldAI | Produced transaction 6fd974a1-aff4-42af-a926-950f7c41e469 to Kafka (740)
2026-09-09 14:00:29,437 | INFO | FraudShieldAI | Produced transaction 42c010fa-f7ec-4f97-837b-194bcecfab83 to Kafka (741)
2026-09-09 14:00:31,458 | INFO | FraudShieldAI | Produced transaction 37cdd383-ac34-484d-a45c-62253d22c754 to Kafka (742)
2026-09-09 14:00:33,479 | INFO | FraudShieldAI | Produced transaction ae8bf295-4f01-4400-86dc-162b19f4e8e2 to Kafka (743)
2026-09-09 14:00:35,488 | INFO | FraudShieldAI | Produced transaction d4cf9948-02b2-4e7f-891e-1a959272d800 to Kafka (744)
2026-09-09 14:00:37,500 | INFO | FraudShieldAI | Produced transaction b7d37c13-b1f5-4859-a549-8aaad3281af8 to Kafka (745)
2026-09-09 14:00:39,521 | INFO | FraudShieldAI | Produced transaction 67a2b243-0735-4924-892d-99eb02f50350 to Kafka (746)
2026-09-09 14:00:41,563 | INFO | FraudShieldAI | Produced transaction 81138524-a752-4a0a-8ed4-9715f60f2a95 to Kafka (747)
2026-09-09 14:00:43,576 | INFO | FraudShieldAI | Produced transaction 1698cd44-cda4-4826-89a5-c44f978f82a2 to Kafka (748)
2026-09-09 14:00:45,584 | INFO | FraudShieldAI | Produced transaction af72fbed-fa0a-4d33-9107-6ceef6ab241c to Kafka (749)
2026-09-09 14:00:47,618 | INFO | FraudShieldAI | Produced transaction 898f39a4-38ff-4c50-966f-6feb367ec925 to Kafka (750)
2026-09-09 14:00:49,637 | INFO | FraudShieldAI | Produced transaction 2f3f4734-457d-4f80-b8d7-c0291b28aa9e to Kafka (751)
2026-09-09 14:00:51,658 | INFO | FraudShieldAI | Produced transaction 47a42ba2-b685-46a4-b1fd-4c1e88c64ef4 to Kafka (752)
2026-09-09 14:00:53,668 | INFO | FraudShieldAI | Produced transaction e7cfad38-0d9e-4632-9a5f-a32ca27398af to Kafka (753)
2026-09-09 14:00:55,701 | INFO | FraudShieldAI | Produced transaction c9cb5a88-93bb-4b90-a591-b0a782d14924 to Kafka (754)
2026-09-09 14:00:57,719 | INFO | FraudShieldAI | Produced transaction 76441d0d-65b6-43a8-822a-1c19340676af to Kafka (755)
2026-09-09 14:00:59,743 | INFO | FraudShieldAI | Produced transaction cbf68c45-ddbc-40b5-ad05-7fa08b317f27 to Kafka (756)
2026-09-09 14:01:01,778 | INFO | FraudShieldAI | Produced transaction 60441d89-8d95-4506-8323-f20c13c858e8 to Kafka (757)
2026-09-09 14:01:03,796 | INFO | FraudShieldAI | Produced transaction 122bd75c-7670-4a99-b5a0-6f1a41ee0323 to Kafka (758)
2026-09-09 14:01:05,811 | INFO | FraudShieldAI | Produced transaction c24b8434-815d-43f7-b708-b47a54a38b87 to Kafka (759)
2026-09-09 14:01:07,838 | INFO | FraudShieldAI | Produced transaction 75e6317f-04c8-4497-96ba-eda4542c0247 to Kafka (760)
2026-09-09 14:01:09,859 | INFO | FraudShieldAI | Produced transaction 98206683-8b4d-4267-bb59-f5505ad220a1 to Kafka (761)
2026-09-09 14:01:11,885 | INFO | FraudShieldAI | Produced transaction 1d488628-90fd-43ca-8584-45bfa22631b3 to Kafka (762)
2026-09-09 14:01:13,904 | INFO | FraudShieldAI | Produced transaction 197bcaa6-9486-41e7-8f16-4437f84a67d5 to Kafka (763)
2026-09-09 14:01:15,921 | INFO | FraudShieldAI | Produced transaction 9b179d0b-f04f-4cee-a89f-e5969b8f56de to Kafka (764)
2026-09-09 14:01:17,913 | INFO | FraudShieldAI | Produced transaction f133789d-a92d-412c-8369-9673cb5d1224 to Kafka (765)
2026-09-09 14:01:19,948 | INFO | FraudShieldAI | Produced transaction c3de9d8c-cbc7-42ed-b44c-bc88238b3ee9 to Kafka (766)
2026-09-09 14:01:21,948 | INFO | FraudShieldAI | Produced transaction 01045b69-f982-4f1d-a4df-ceb9e0759e82 to Kafka (767)
2026-09-09 14:01:23,981 | INFO | FraudShieldAI | Produced transaction 3d20eb70-064e-452e-aa9c-e043e35a94d6 to Kafka (768)
2026-09-09 14:01:26,004 | INFO | FraudShieldAI | Produced transaction d933da9b-bff4-467a-ade2-af8c0d5fc367 to Kafka (769)
2026-09-09 14:01:28,031 | INFO | FraudShieldAI | Produced transaction 886b8094-8944-4539-9864-89b0ad8a4735 to Kafka (770)
2026-09-09 14:01:30,036 | INFO | FraudShieldAI | Produced transaction b322f784-dd42-4184-8e07-6a2ac256ea89 to Kafka (771)
2026-09-09 14:01:32,070 | INFO | FraudShieldAI | Produced transaction 3e6eb2fd-0aad-45b3-a5cb-f45207da28a1 to Kafka (772)
2026-09-09 14:01:34,092 | INFO | FraudShieldAI | Produced transaction e832f111-1b29-4903-935c-2f4c22ec87a4 to Kafka (773)
2026-09-09 14:01:36,105 | INFO | FraudShieldAI | Produced transaction ee24575f-2aac-4bb1-b000-d1e5273e104c to Kafka (774)
2026-09-09 14:01:38,123 | INFO | FraudShieldAI | Produced transaction 8248d5b5-96f5-4f9c-bb1e-951d8eda8cd1 to Kafka (775)
2026-09-09 14:01:40,135 | INFO | FraudShieldAI | Produced transaction d089d612-17be-4ad3-a317-6ce584b57b6b to Kafka (776)
2026-09-09 14:01:42,163 | INFO | FraudShieldAI | Produced transaction fd7fa2f9-c6bd-48e3-894a-f8b924b7cd60 to Kafka (777)
2026-09-09 14:01:44,197 | INFO | FraudShieldAI | Produced transaction 7204f34c-9ce7-4ce8-8dce-7c95c443ecbe to Kafka (778)
2026-09-09 14:01:46,211 | INFO | FraudShieldAI | Produced transaction 4c82db38-02c3-4f79-926a-7d53fad97341 to Kafka (779)
2026-09-09 14:01:48,239 | INFO | FraudShieldAI | Produced transaction a7dbd787-5471-4c7f-b8bc-1b52b77fe79b to Kafka (780)
2026-09-09 14:01:50,260 | INFO | FraudShieldAI | Produced transaction b8eec7f1-76bc-4b9f-b4ec-a2337aa03a98 to Kafka (781)
2026-09-09 14:01:52,283 | INFO | FraudShieldAI | Produced transaction fc1d422b-eb79-4339-bb44-d16ae50e2ece to Kafka (782)
2026-09-09 14:01:54,306 | INFO | FraudShieldAI | Produced transaction 396478d1-808b-4202-8999-8008e8919c6e to Kafka (783)
2026-09-09 14:01:56,320 | INFO | FraudShieldAI | Produced transaction b06d7d5e-cdd5-45f4-8e12-352dd9c9c35c to Kafka (784)
2026-09-09 14:01:58,341 | INFO | FraudShieldAI | Produced transaction 8fb8863f-ecb9-4da8-98c8-a5b3fecdc51b to Kafka (785)
2026-09-09 14:02:00,372 | INFO | FraudShieldAI | Produced transaction 8e339faa-a459-4a4c-a2d2-4f008dc2602d to Kafka (786)
2026-09-09 14:02:02,393 | INFO | FraudShieldAI | Produced transaction cba29005-bc75-4bfc-91d0-bbdedec21b9c to Kafka (787)
2026-09-09 14:02:04,412 | INFO | FraudShieldAI | Produced transaction 022d5f66-28d1-415d-bd01-b563fb1a8c6f to Kafka (788)
2026-09-09 14:02:06,444 | INFO | FraudShieldAI | Produced transaction 250fb5e8-3f59-4f49-b1f5-74fe4b07e3d3 to Kafka (789)
2026-09-09 14:02:08,466 | INFO | FraudShieldAI | Produced transaction 526d4072-c0cf-4258-b97f-bdcd908f6fd4 to Kafka (790)
2026-09-09 14:02:10,484 | INFO | FraudShieldAI | Produced transaction 442fffb8-0d7e-45a3-9338-3f0c27e9d1da to Kafka (791)
2026-09-09 14:02:12,498 | INFO | FraudShieldAI | Produced transaction 95ca3c51-b95b-4064-9cc5-ebcfad02f729 to Kafka (792)
2026-09-09 14:02:14,507 | INFO | FraudShieldAI | Produced transaction 85d06264-457f-4255-80b4-eebb51c9f6fd to Kafka (793)
2026-09-09 14:02:16,535 | INFO | FraudShieldAI | Produced transaction a533e64b-4796-407a-b3c6-82c8ac18862f to Kafka (794)
2026-09-09 14:02:18,558 | INFO | FraudShieldAI | Produced transaction c7304b9f-61ed-41e5-95cb-cad359e2966f to Kafka (795)
2026-09-09 14:02:20,582 | INFO | FraudShieldAI | Produced transaction 9f350344-30a6-478c-8218-910e774ba531 to Kafka (796)
2026-09-09 14:02:22,586 | INFO | FraudShieldAI | Produced transaction e1c0061f-d51f-40fc-8e03-8c2f81d44224 to Kafka (797)
2026-09-09 14:02:24,608 | INFO | FraudShieldAI | Produced transaction 78448d5c-8700-45e8-ae7f-158faf5c91dc to Kafka (798)
2026-09-09 14:02:26,628 | INFO | FraudShieldAI | Produced transaction 7c0a66aa-7397-455f-91b3-7263aecbc3f2 to Kafka (799)
2026-09-09 14:02:28,638 | INFO | FraudShieldAI | Produced transaction 75f0a702-d4d8-48eb-982f-217689fbbb42 to Kafka (800)
2026-09-09 14:02:30,664 | INFO | FraudShieldAI | Produced transaction ce636a6e-9559-4bb6-a7e4-85378ab2329e to Kafka (801)
2026-09-09 14:02:32,672 | INFO | FraudShieldAI | Produced transaction 49280a07-f93e-400f-937b-d6a99ac7b090 to Kafka (802)
2026-09-09 14:02:34,690 | INFO | FraudShieldAI | Produced transaction 0a7e2300-4179-4564-a09d-ad290fb95e56 to Kafka (803)
2026-09-09 14:02:36,709 | INFO | FraudShieldAI | Produced transaction 9424d79c-aa92-46d1-bcdb-87f0446872c6 to Kafka (804)
2026-09-09 14:02:38,727 | INFO | FraudShieldAI | Produced transaction a6fddf75-4493-4ffb-a669-7b69119679f3 to Kafka (805)
2026-09-09 14:02:40,763 | INFO | FraudShieldAI | Produced transaction c34c86db-9a9c-444b-b4c9-47124c0d7329 to Kafka (806)
2026-09-09 14:02:42,792 | INFO | FraudShieldAI | Produced transaction b0ec32a8-24b3-457f-bd57-1ec03e8c8f9d to Kafka (807)
2026-09-09 14:02:44,824 | INFO | FraudShieldAI | Produced transaction 256f32f7-79f3-4636-9e6e-b5892204954b to Kafka (808)
2026-09-09 14:02:46,838 | INFO | FraudShieldAI | Produced transaction ef142bdd-2848-4451-b12e-c24608c22cb3 to Kafka (809)
2026-09-09 14:02:48,869 | INFO | FraudShieldAI | Produced transaction 03c87846-2180-42c8-bdd4-7cf39a8071f5 to Kafka (810)
2026-09-09 14:02:50,876 | INFO | FraudShieldAI | Produced transaction cc586fbd-329c-4443-80e9-9dc6bd1ef0a9 to Kafka (811)
2026-09-09 14:02:52,879 | INFO | FraudShieldAI | Produced transaction 65ef85af-eaad-47ad-9e87-2bbc68c94671 to Kafka (812)
2026-09-09 14:02:54,901 | INFO | FraudShieldAI | Produced transaction d926982b-a58f-4ffa-b003-71e00d854a02 to Kafka (813)
2026-09-09 14:02:56,932 | INFO | FraudShieldAI | Produced transaction 59187a61-c016-44f0-8b2a-dd41de7a9c76 to Kafka (814)
2026-09-09 14:02:58,937 | INFO | FraudShieldAI | Produced transaction a4297698-9640-4378-9db6-674923ef85a6 to Kafka (815)
2026-09-09 14:03:00,949 | INFO | FraudShieldAI | Produced transaction c20b9afe-dcdc-438a-9459-4a1254a88586 to Kafka (816)
2026-09-09 14:03:03,013 | INFO | FraudShieldAI | Produced transaction 16466c98-53c9-4811-9d0d-a696c7cf601f to Kafka (817)
2026-09-09 14:03:05,024 | INFO | FraudShieldAI | Produced transaction 1d562a88-8d0f-40c5-acc9-b8e340f3282a to Kafka (818)
2026-09-09 14:03:07,038 | INFO | FraudShieldAI | Produced transaction f4905762-ea5b-4b29-b512-9416fa66d8a8 to Kafka (819)
2026-09-09 14:03:09,060 | INFO | FraudShieldAI | Produced transaction c4be1a99-f35a-44ef-a89c-0c7a8e67febb to Kafka (820)
2026-09-09 14:03:11,077 | INFO | FraudShieldAI | Produced transaction 248b27b4-412b-46f0-934d-5b812b1b27fc to Kafka (821)
2026-09-09 14:03:13,111 | INFO | FraudShieldAI | Produced transaction 7cfa181e-c861-48e3-a7fb-e49952e0de6b to Kafka (822)
2026-09-09 14:03:15,132 | INFO | FraudShieldAI | Produced transaction 49a47572-c0c4-40f7-8987-1f6d761b5526 to Kafka (823)
2026-09-09 14:03:17,161 | INFO | FraudShieldAI | Produced transaction bb3ee5d0-1de9-40ac-911f-a3764739a383 to Kafka (824)
2026-09-09 14:03:19,182 | INFO | FraudShieldAI | Produced transaction ac5f2de9-5749-4fab-994f-8f8df18e165f to Kafka (825)
2026-09-09 14:03:21,190 | INFO | FraudShieldAI | Produced transaction ed2f0fc3-992c-4e49-b4b8-4897eacf7ec7 to Kafka (826)
2026-09-09 14:03:23,206 | INFO | FraudShieldAI | Produced transaction 5b96c077-cd05-4892-82e9-2cd2f12948f4 to Kafka (827)
2026-09-09 14:03:25,220 | INFO | FraudShieldAI | Produced transaction d11a4c96-615f-4be7-9dc0-1a4318874196 to Kafka (828)
2026-09-09 14:03:27,223 | INFO | FraudShieldAI | Produced transaction c4d77e93-8749-481f-8edb-c390a100983f to Kafka (829)
2026-09-09 14:03:29,248 | INFO | FraudShieldAI | Produced transaction cb4aa842-129b-46a1-b6ed-bcb557174045 to Kafka (830)
2026-09-09 14:03:31,255 | INFO | FraudShieldAI | Produced transaction c9aa6d7d-b53b-4cc8-99f9-804eaa08304c to Kafka (831)
2026-09-09 14:03:33,278 | INFO | FraudShieldAI | Produced transaction 729b6423-dd29-4e85-8ce1-7779b271ab25 to Kafka (832)
2026-09-09 14:03:35,316 | INFO | FraudShieldAI | Produced transaction 443ff0fd-fafa-43e0-970f-80cc26a040f6 to Kafka (833)
2026-09-09 14:03:37,349 | INFO | FraudShieldAI | Produced transaction 5b8792b6-1766-49b8-bde0-11730b5a6a27 to Kafka (834)
2026-09-09 14:03:39,385 | INFO | FraudShieldAI | Produced transaction 446d6623-bdd4-4b17-b282-3bc590033b50 to Kafka (835)
2026-09-09 14:03:41,427 | INFO | FraudShieldAI | Produced transaction 4cbd0d4b-1852-4b7f-a754-ae7c2a97d422 to Kafka (836)
2026-09-09 14:03:43,466 | INFO | FraudShieldAI | Produced transaction 70a4c181-1cad-4f40-8c5f-d9bdb4f53c44 to Kafka (837)
2026-09-09 14:03:45,490 | INFO | FraudShieldAI | Produced transaction 4463f13f-1bec-472c-b801-38adc97ec2dc to Kafka (838)
2026-09-09 14:03:47,528 | INFO | FraudShieldAI | Produced transaction 76ab8d5c-7bd2-4f73-8900-620643c462a7 to Kafka (839)
2026-09-09 14:03:49,531 | INFO | FraudShieldAI | Produced transaction cd93d1f0-f1a0-4ee0-b302-77a3e5e1d00a to Kafka (840)
2026-09-09 14:03:51,559 | INFO | FraudShieldAI | Produced transaction 1621cc03-676f-4bd5-9524-193c5be5ab67 to Kafka (841)
2026-09-09 14:03:53,584 | INFO | FraudShieldAI | Produced transaction afac3f92-6270-441f-85cd-a92a25788b9d to Kafka (842)
2026-09-09 14:03:55,597 | INFO | FraudShieldAI | Produced transaction 8e4dac31-b88d-4493-81a9-23a30c9da216 to Kafka (843)
2026-09-09 14:03:57,595 | INFO | FraudShieldAI | Produced transaction 91f2854f-deb1-47f6-8690-da9435220447 to Kafka (844)
2026-09-09 14:03:59,615 | INFO | FraudShieldAI | Produced transaction eaeebffc-7553-42fc-a11c-25b0e60d3488 to Kafka (845)
2026-09-09 14:04:01,654 | INFO | FraudShieldAI | Produced transaction 436430fc-1ce0-4c99-a086-96196a5bfcc2 to Kafka (846)
2026-09-09 14:04:03,663 | INFO | FraudShieldAI | Produced transaction e3bfe806-ce54-4e92-9d00-16fb4590dc38 to Kafka (847)
2026-09-09 14:04:05,708 | INFO | FraudShieldAI | Produced transaction 4c4a7851-ff98-4c44-9758-da92bd5b38df to Kafka (848)
2026-09-09 14:04:07,750 | INFO | FraudShieldAI | Produced transaction 30ea0716-a054-41ff-a47e-424b6a8efbe6 to Kafka (849)
2026-09-09 14:04:09,757 | INFO | FraudShieldAI | Produced transaction a9edfee9-02d1-4eab-a29b-1834620470e6 to Kafka (850)
2026-09-09 14:04:11,790 | INFO | FraudShieldAI | Produced transaction 33e4c687-0106-4cec-99e8-f582a116ea82 to Kafka (851)
2026-09-09 14:04:13,811 | INFO | FraudShieldAI | Produced transaction 41161cd6-5587-40bc-8424-9ced6b2ad99c to Kafka (852)
2026-09-09 14:04:15,818 | INFO | FraudShieldAI | Produced transaction b8c105f5-c155-409d-ac9f-7c16a9db0165 to Kafka (853)
2026-09-09 14:04:17,855 | INFO | FraudShieldAI | Produced transaction 4ac3f9ef-e69d-4f6d-babc-8b5a46ba9d81 to Kafka (854)
2026-09-09 14:04:19,879 | INFO | FraudShieldAI | Produced transaction 7ef8c843-08be-4c7c-a3e8-2eb228227097 to Kafka (855)
2026-09-09 14:04:21,908 | INFO | FraudShieldAI | Produced transaction ce8830ce-1ee2-4a81-857a-dad135c1ebea to Kafka (856)
2026-09-09 14:04:23,948 | INFO | FraudShieldAI | Produced transaction db8dc5b9-c39c-433a-946f-50687dd62dec to Kafka (857)
2026-09-09 14:04:25,975 | INFO | FraudShieldAI | Produced transaction 0cacac5b-5bfa-4908-b55e-f3a831cd5c42 to Kafka (858)
2026-09-09 14:04:28,013 | INFO | FraudShieldAI | Produced transaction 66d4e0cc-3f15-4f21-b7b2-3b22617a31dd to Kafka (859)
2026-09-09 14:04:30,018 | INFO | FraudShieldAI | Produced transaction 25021d8b-6ae0-4f9f-a9b3-6b2097673924 to Kafka (860)
2026-09-09 14:04:32,032 | INFO | FraudShieldAI | Produced transaction c7a26074-92f5-4776-8829-8db3b5990cfd to Kafka (861)
2026-09-09 14:04:34,062 | INFO | FraudShieldAI | Produced transaction f449ef81-4e5d-4e46-942d-66a98bcc9793 to Kafka (862)
2026-09-09 14:04:36,068 | INFO | FraudShieldAI | Produced transaction e80eaa57-c86e-40f9-b6c2-32996eade482 to Kafka (863)
2026-09-09 14:04:38,080 | INFO | FraudShieldAI | Produced transaction 23e41443-8ee5-42c4-a546-116b003d03ad to Kafka (864)
2026-09-09 14:04:40,098 | INFO | FraudShieldAI | Produced transaction b3d424d6-d6fa-4ae9-9004-dc1b040cc56c to Kafka (865)
2026-09-09 14:04:42,105 | INFO | FraudShieldAI | Produced transaction d8ab0e21-c90a-490a-8056-e089d95169a7 to Kafka (866)
2026-09-09 14:04:44,136 | INFO | FraudShieldAI | Produced transaction 9604824f-8d5c-47bb-886b-479b6768beda to Kafka (867)
2026-09-09 14:04:46,169 | INFO | FraudShieldAI | Produced transaction a631d7f2-7729-4606-8168-a90719f06de6 to Kafka (868)
2026-09-09 14:04:48,191 | INFO | FraudShieldAI | Produced transaction 14268fc4-21b2-484f-afce-debe14eb4ac6 to Kafka (869)
2026-09-09 14:04:50,201 | INFO | FraudShieldAI | Produced transaction 1a0c069f-d92c-4795-a719-f5909d35b2a7 to Kafka (870)
2026-09-09 14:04:52,219 | INFO | FraudShieldAI | Produced transaction 0325332c-9765-4262-98f8-2ddcc1cce759 to Kafka (871)
2026-09-09 14:04:54,244 | INFO | FraudShieldAI | Produced transaction e0b69c12-4592-450b-a411-e04811818e85 to Kafka (872)
2026-09-09 14:04:56,275 | INFO | FraudShieldAI | Produced transaction fe9005d8-cc48-4882-b6df-e0be08c3e6ce to Kafka (873)
2026-09-09 14:04:58,300 | INFO | FraudShieldAI | Produced transaction 6cf13b65-c03a-49ef-9ca0-ebf3bd30bcf0 to Kafka (874)
2026-09-09 14:05:00,302 | INFO | FraudShieldAI | Produced transaction 87060048-aca5-4244-971d-65311b2ab78d to Kafka (875)
2026-09-09 14:05:02,300 | INFO | FraudShieldAI | Produced transaction c7adc90b-20f6-4a1e-9063-620a4134cf2f to Kafka (876)
2026-09-09 14:05:04,305 | INFO | FraudShieldAI | Produced transaction e463f82d-7376-4ade-aab1-476d25fe68e4 to Kafka (877)
2026-09-09 14:05:06,329 | INFO | FraudShieldAI | Produced transaction 99e434a0-37aa-4c9e-94f9-2c40f23d6d56 to Kafka (878)
2026-09-09 14:05:08,352 | INFO | FraudShieldAI | Produced transaction dc49ee20-c61a-4135-9ec8-76fab3f5eb19 to Kafka (879)
2026-09-09 14:05:10,372 | INFO | FraudShieldAI | Produced transaction be98938a-e264-4c9d-a08a-efaf20e9d821 to Kafka (880)
2026-09-09 14:05:12,372 | INFO | FraudShieldAI | Produced transaction d67cb72f-9583-48fb-bdd7-bf2a76d38a3d to Kafka (881)
2026-09-09 14:05:14,385 | INFO | FraudShieldAI | Produced transaction dc90bc91-eaee-4d30-a842-1089dd49a8c9 to Kafka (882)
2026-09-09 14:05:16,404 | INFO | FraudShieldAI | Produced transaction a351867e-aaf3-4bd0-8421-8617f0d97a3d to Kafka (883)
2026-09-09 14:05:18,424 | INFO | FraudShieldAI | Produced transaction db1bb3c7-5ec9-4b65-aeb8-31c0dfb92ea1 to Kafka (884)
2026-09-09 14:05:20,438 | INFO | FraudShieldAI | Produced transaction bd47f449-64b0-413d-9d86-b556e42dffae to Kafka (885)
2026-09-09 14:05:22,469 | INFO | FraudShieldAI | Produced transaction dd7d5449-447c-4831-857e-55a80654e50e to Kafka (886)
2026-09-09 14:05:24,469 | INFO | FraudShieldAI | Produced transaction 8b54c1c9-444b-48bc-af2a-c95d0aee81de to Kafka (887)
2026-09-09 14:05:26,480 | INFO | FraudShieldAI | Produced transaction b3a58599-5991-400e-99f5-31362af0c1b0 to Kafka (888)
2026-09-09 14:05:28,505 | INFO | FraudShieldAI | Produced transaction 33babf24-b48f-4ed8-8a37-9f61ad107c02 to Kafka (889)
2026-09-09 14:05:30,500 | INFO | FraudShieldAI | Produced transaction 4fe6019b-1feb-4372-ab67-15a5df7b3393 to Kafka (890)
2026-09-09 14:05:32,510 | INFO | FraudShieldAI | Produced transaction 7754da76-332b-4a42-8241-2d9cd748f4f2 to Kafka (891)
2026-09-09 14:05:34,541 | INFO | FraudShieldAI | Produced transaction 4547bc1f-7beb-4986-a574-facdfe3ef151 to Kafka (892)
2026-09-09 14:05:36,562 | INFO | FraudShieldAI | Produced transaction 592fdc8a-f4b8-4696-8f2d-31575404db44 to Kafka (893)
2026-09-09 14:05:38,588 | INFO | FraudShieldAI | Produced transaction da66c4a9-3f86-4319-bc1d-25fbb2c6b92e to Kafka (894)
2026-09-09 14:05:40,610 | INFO | FraudShieldAI | Produced transaction a1bad0f9-022f-4968-a361-1053f1b32c1c to Kafka (895)
2026-09-09 14:05:42,620 | INFO | FraudShieldAI | Produced transaction b2c99fa7-3aa4-4d8a-bb0e-55797918be53 to Kafka (896)
2026-09-09 14:05:44,639 | INFO | FraudShieldAI | Produced transaction dc4c7c90-d7f5-4f5b-9b68-7ab4e7270c4b to Kafka (897)
2026-09-09 14:05:46,663 | INFO | FraudShieldAI | Produced transaction 689bcd44-2815-4a25-b661-5405cde13b07 to Kafka (898)
2026-09-09 14:05:48,695 | INFO | FraudShieldAI | Produced transaction 17c69c33-146a-44af-85e0-a0e6574f584f to Kafka (899)
2026-09-09 14:05:50,705 | INFO | FraudShieldAI | Produced transaction 03b0de41-f064-4863-ba8a-4772f1aa848b to Kafka (900)
2026-09-09 14:05:52,733 | INFO | FraudShieldAI | Produced transaction 63776487-279a-4b7f-bbce-01e231cd7b9d to Kafka (901)
2026-09-09 14:05:54,763 | INFO | FraudShieldAI | Produced transaction d5574229-d787-4776-a454-a1df680ee246 to Kafka (902)
2026-09-09 14:05:56,791 | INFO | FraudShieldAI | Produced transaction d1ed981c-e124-4d0f-b2be-a91b689b07a0 to Kafka (903)
2026-09-09 14:05:58,802 | INFO | FraudShieldAI | Produced transaction 7344ffd2-63ae-407e-ad18-642c1a27f66f to Kafka (904)
2026-09-09 14:06:00,837 | INFO | FraudShieldAI | Produced transaction eb2e16ef-5964-405a-8d99-42601ad50c45 to Kafka (905)
2026-09-09 14:06:02,859 | INFO | FraudShieldAI | Produced transaction 50e1d553-3633-4cac-94a8-533bd1a98a63 to Kafka (906)
2026-09-09 14:06:04,886 | INFO | FraudShieldAI | Produced transaction 20e010db-ffda-4cbb-be43-de1fef32eb96 to Kafka (907)
2026-09-09 14:06:06,900 | INFO | FraudShieldAI | Produced transaction c690a721-f63d-4573-b930-94caa367208f to Kafka (908)
2026-09-09 14:06:08,919 | INFO | FraudShieldAI | Produced transaction 699a48ac-53cc-4a38-89c1-df73e82ccd81 to Kafka (909)
2026-09-09 14:06:10,943 | INFO | FraudShieldAI | Produced transaction 5de2baa3-56e2-44b9-838d-e570b0e00093 to Kafka (910)
2026-09-09 14:06:12,958 | INFO | FraudShieldAI | Produced transaction 30445e33-16d2-4948-91ca-df2aabd9326a to Kafka (911)
2026-09-09 14:06:14,974 | INFO | FraudShieldAI | Produced transaction a6f71519-b167-4f24-8003-5696ae377570 to Kafka (912)
2026-09-09 14:06:16,966 | INFO | FraudShieldAI | Produced transaction 2e62b42c-e59d-4c25-bae6-d6ecf5cde9de to Kafka (913)
2026-09-09 14:06:18,976 | INFO | FraudShieldAI | Produced transaction efc7baee-d894-4bda-8cba-e2304b2accd8 to Kafka (914)
2026-09-09 14:06:21,010 | INFO | FraudShieldAI | Produced transaction 64af6bb8-60d5-43b1-a998-ef56c12a9f49 to Kafka (915)
2026-09-09 14:06:23,041 | INFO | FraudShieldAI | Produced transaction 030c8b6a-3fe7-4525-b061-3329a551bbcc to Kafka (916)
2026-09-09 14:06:25,070 | INFO | FraudShieldAI | Produced transaction adaae377-42f2-42e9-bad8-988dfe71d511 to Kafka (917)
2026-09-09 14:06:27,105 | INFO | FraudShieldAI | Produced transaction afd1ca79-6305-4131-814f-8a70efd036c7 to Kafka (918)
2026-09-09 14:06:29,137 | INFO | FraudShieldAI | Produced transaction b78a5c3b-e66b-46c5-a93d-4bd0eaf3e175 to Kafka (919)
2026-09-09 14:06:31,146 | INFO | FraudShieldAI | Produced transaction 5e878d9e-e549-4f20-b3ab-702b2f3ee04f to Kafka (920)
2026-09-09 14:06:33,187 | INFO | FraudShieldAI | Produced transaction 7cfba5a6-49a5-4cb5-b2ae-e9090380ca0d to Kafka (921)
2026-09-09 14:06:35,214 | INFO | FraudShieldAI | Produced transaction a856e02e-1604-437f-b1d8-bbfed6ac5fbc to Kafka (922)
2026-09-09 14:06:37,238 | INFO | FraudShieldAI | Produced transaction a782fe6c-6607-4a15-bf37-cc7c5b3ace52 to Kafka (923)
2026-09-09 14:06:39,253 | INFO | FraudShieldAI | Produced transaction 7f83f6a6-66f2-4e62-b0cf-d17c51fc156d to Kafka (924)
2026-09-09 14:06:41,273 | INFO | FraudShieldAI | Produced transaction 28a4c868-07ab-49cd-a069-b43bf8ccf8ec to Kafka (925)
2026-09-09 14:06:43,297 | INFO | FraudShieldAI | Produced transaction 85f35314-1c2b-4673-abae-b44ae0b081ed to Kafka (926)
2026-09-09 14:06:45,315 | INFO | FraudShieldAI | Produced transaction 286e9291-5d3b-40ec-82e5-1a1a3ffc6e8d to Kafka (927)
2026-09-09 14:06:47,334 | INFO | FraudShieldAI | Produced transaction aaf02b99-5ff1-465d-b35b-ff03419d25ad to Kafka (928)
2026-09-09 14:06:49,370 | INFO | FraudShieldAI | Produced transaction c88b7487-3955-447a-99cf-4cb7f600b231 to Kafka (929)
2026-09-09 14:06:51,402 | INFO | FraudShieldAI | Produced transaction a32b0e30-9fcd-41b6-a001-787bf3a9e94d to Kafka (930)
2026-09-09 14:06:53,437 | INFO | FraudShieldAI | Produced transaction 19b7751d-4824-474e-9be1-8e61e34be3e7 to Kafka (931)
2026-09-09 14:06:55,445 | INFO | FraudShieldAI | Produced transaction cee21595-8bb3-4fa4-9ab9-0e44c832544d to Kafka (932)
2026-09-09 14:06:57,483 | INFO | FraudShieldAI | Produced transaction 32b4ca17-8223-49cb-95ce-7f5bf664fe0e to Kafka (933)
2026-09-09 14:06:59,514 | INFO | FraudShieldAI | Produced transaction 19573670-c7b4-48ca-a6ab-0ed1617bc32f to Kafka (934)
2026-09-09 14:07:01,538 | INFO | FraudShieldAI | Produced transaction 08b5c575-3aee-498d-9fe5-9da40075509b to Kafka (935)
2026-09-09 14:07:03,568 | INFO | FraudShieldAI | Produced transaction 0a260612-4163-46c9-9552-f45933d803da to Kafka (936)
2026-09-09 14:07:05,610 | INFO | FraudShieldAI | Produced transaction 1fd02a60-d3ec-42da-906f-ba81c0b1409f to Kafka (937)
2026-09-09 14:07:07,647 | INFO | FraudShieldAI | Produced transaction be136d34-2e22-44e7-8b3f-0230756add5e to Kafka (938)
2026-09-09 14:07:09,669 | INFO | FraudShieldAI | Produced transaction 3463a8f1-d815-4168-9cef-690b2cad431f to Kafka (939)
2026-09-09 14:07:11,696 | INFO | FraudShieldAI | Produced transaction 2c1f6363-30e9-480a-b9ab-a414eaa7bd21 to Kafka (940)
2026-09-09 14:07:13,727 | INFO | FraudShieldAI | Produced transaction 2f028a0b-fa10-4893-9ede-a4a2ab8ef4ec to Kafka (941)
2026-09-09 14:07:15,756 | INFO | FraudShieldAI | Produced transaction 344150f9-8bb8-475d-bd61-ddd7a9347b57 to Kafka (942)
2026-09-09 14:07:17,792 | INFO | FraudShieldAI | Produced transaction 25e38634-5534-40c0-950f-0afb85c51005 to Kafka (943)
2026-09-09 14:07:19,817 | INFO | FraudShieldAI | Produced transaction b3b5a34a-a49e-46a9-8c18-23525981360a to Kafka (944)
2026-09-09 14:07:21,834 | INFO | FraudShieldAI | Produced transaction 10688cd2-3916-4a02-8bf9-fa89b46f09a4 to Kafka (945)
2026-09-09 14:07:23,875 | INFO | FraudShieldAI | Produced transaction 7e94ca71-096d-4fcd-9b20-172b6198e5fc to Kafka (946)
2026-09-09 14:07:25,888 | INFO | FraudShieldAI | Produced transaction 00462929-72e7-42f4-b3b9-cc5b6e2257e8 to Kafka (947)
2026-09-09 14:07:27,915 | INFO | FraudShieldAI | Produced transaction 4c1452d5-65a6-48ab-86da-635f6b432e32 to Kafka (948)
2026-09-09 14:07:29,946 | INFO | FraudShieldAI | Produced transaction a2221b67-9595-428f-a124-d7113e34cec3 to Kafka (949)
2026-09-09 14:07:31,936 | INFO | FraudShieldAI | Produced transaction adb2d803-4cab-4704-a0e8-165111c2266b to Kafka (950)
2026-09-09 14:07:33,953 | INFO | FraudShieldAI | Produced transaction 0087a0c9-77f5-40dd-b749-7bcfd9701f45 to Kafka (951)
2026-09-09 14:07:35,978 | INFO | FraudShieldAI | Produced transaction 6bdaa4b5-1896-41c1-8f48-1122509f552a to Kafka (952)
2026-09-09 14:07:38,014 | INFO | FraudShieldAI | Produced transaction 645e3643-f441-43f7-bf2e-a54a2a7cf85d to Kafka (953)
2026-09-09 14:07:40,015 | INFO | FraudShieldAI | Produced transaction 4901b956-a897-429e-9cf7-205ab4690457 to Kafka (954)
2026-09-09 14:07:42,029 | INFO | FraudShieldAI | Produced transaction ae199952-f0ea-4fe8-b71b-a0fe86a7e85e to Kafka (955)
2026-09-09 14:07:44,056 | INFO | FraudShieldAI | Produced transaction 299ed53b-7b8d-40d8-ae3a-26877a177219 to Kafka (956)
2026-09-09 14:07:46,082 | INFO | FraudShieldAI | Produced transaction 443f5a32-a7d6-4b3f-9b73-7393095c0343 to Kafka (957)
2026-09-09 14:07:48,100 | INFO | FraudShieldAI | Produced transaction d0d9e1bd-a033-4c44-93f4-bcd9fbc78aae to Kafka (958)
2026-09-09 14:07:50,133 | INFO | FraudShieldAI | Produced transaction 7654c0f0-3f86-42c5-9dc1-d10c4656c72c to Kafka (959)
2026-09-09 14:07:52,148 | INFO | FraudShieldAI | Produced transaction 08de2c73-9a91-416f-b830-4c8f63aee567 to Kafka (960)
2026-09-09 14:07:54,180 | INFO | FraudShieldAI | Produced transaction 78ebc0ec-000d-4931-a3ba-cb78836ef872 to Kafka (961)
2026-09-09 14:07:56,208 | INFO | FraudShieldAI | Produced transaction 29e7ea8b-0561-4ec7-84cb-349a90e4ff0d to Kafka (962)
2026-09-09 14:07:58,247 | INFO | FraudShieldAI | Produced transaction 4fd9e2e4-ad54-4672-9cd8-e792b186e70e to Kafka (963)
2026-09-09 14:08:00,252 | INFO | FraudShieldAI | Produced transaction b6d0bd54-40f5-43df-8286-fd6a0d025360 to Kafka (964)
2026-09-09 14:08:02,247 | INFO | FraudShieldAI | Produced transaction 40d350cf-f371-40b6-8832-e49d9ade257b to Kafka (965)
2026-09-09 14:08:04,252 | INFO | FraudShieldAI | Produced transaction b80a5790-80da-4dce-9c4d-d6f39250588c to Kafka (966)
2026-09-09 14:08:06,254 | INFO | FraudShieldAI | Produced transaction 58e45785-4069-4a15-8769-90c3140d0830 to Kafka (967)
2026-09-09 14:08:08,287 | INFO | FraudShieldAI | Produced transaction 493ebaca-7c0b-4f10-9a0e-a93d539bbaff to Kafka (968)
2026-09-09 14:08:10,311 | INFO | FraudShieldAI | Produced transaction 13cb462b-7c4e-4f47-b30e-6bbac3b82863 to Kafka (969)
2026-09-09 14:08:12,313 | INFO | FraudShieldAI | Produced transaction 82d841a7-be66-48c6-8088-450d89643e68 to Kafka (970)
2026-09-09 14:08:14,340 | INFO | FraudShieldAI | Produced transaction b67deab1-d39f-4f23-9f7d-1e88a16e4f12 to Kafka (971)
2026-09-09 14:08:16,366 | INFO | FraudShieldAI | Produced transaction 9e61f8fd-1339-471a-aa33-19c7c61ba921 to Kafka (972)
2026-09-09 14:08:18,399 | INFO | FraudShieldAI | Produced transaction 68380587-2932-4cd6-b913-b34fad55ae43 to Kafka (973)
2026-09-09 14:08:20,431 | INFO | FraudShieldAI | Produced transaction fc17f991-d60c-48e8-a54d-2f2242cbb148 to Kafka (974)
2026-09-09 14:08:22,461 | INFO | FraudShieldAI | Produced transaction 61e352bc-6a0d-44c8-8208-e0f1ec2275d3 to Kafka (975)
2026-09-09 14:08:24,493 | INFO | FraudShieldAI | Produced transaction 5bd6aa2e-9a1d-49f3-8c89-254a14c15cdc to Kafka (976)
2026-09-09 14:08:26,503 | INFO | FraudShieldAI | Produced transaction ce9b7b52-df76-48e8-b6fe-727c54439489 to Kafka (977)
2026-09-09 14:08:28,509 | INFO | FraudShieldAI | Produced transaction 94b529f5-63ed-4adf-acd2-b3175cf9f919 to Kafka (978)
2026-09-09 14:08:30,541 | INFO | FraudShieldAI | Produced transaction 50233cc3-c5e5-466f-bb51-fde4092255bc to Kafka (979)
2026-09-09 14:08:32,557 | INFO | FraudShieldAI | Produced transaction 59e0fc15-e99d-4869-a47f-6c785e45b740 to Kafka (980)
2026-09-09 14:08:34,563 | INFO | FraudShieldAI | Produced transaction d8dd24e0-b1fb-4bdc-9169-4fab7e777e52 to Kafka (981)
2026-09-09 14:08:36,578 | INFO | FraudShieldAI | Produced transaction 3698aabd-f989-493c-8a6f-6eb219eb3068 to Kafka (982)
2026-09-09 14:08:38,604 | INFO | FraudShieldAI | Produced transaction 0249590b-3de2-4066-ae42-f74b10b4bc23 to Kafka (983)
2026-09-09 14:08:40,623 | INFO | FraudShieldAI | Produced transaction 81bb4a06-4f9f-4f47-8d92-ed439cd18ac7 to Kafka (984)
2026-09-09 14:08:42,630 | INFO | FraudShieldAI | Produced transaction 02026aae-5b5d-4e0e-8875-f2935c39134e to Kafka (985)
2026-09-09 14:08:44,667 | INFO | FraudShieldAI | Produced transaction 25f9b9f4-068e-46a8-a90f-12408953d818 to Kafka (986)
2026-09-09 14:08:46,693 | INFO | FraudShieldAI | Produced transaction 5bb88388-3fcb-41bf-adf0-5ddf0cc48d55 to Kafka (987)
2026-09-09 14:08:48,706 | INFO | FraudShieldAI | Produced transaction 753d8654-4fe7-49a8-a864-99e1ba83e4ed to Kafka (988)
2026-09-09 14:08:50,723 | INFO | FraudShieldAI | Produced transaction 6f90fd94-61e5-4f04-8ab0-073d410692c1 to Kafka (989)
2026-09-09 14:08:52,723 | INFO | FraudShieldAI | Produced transaction 34e3fea9-18e4-4be2-a668-fc1a06ad2757 to Kafka (990)
2026-09-09 14:08:54,749 | INFO | FraudShieldAI | Produced transaction 4a5eeb80-8468-479f-8bef-cc301c5b60be to Kafka (991)
2026-09-09 14:08:56,755 | INFO | FraudShieldAI | Produced transaction 3e4e4683-06da-4671-a614-59fbddfa9841 to Kafka (992)
2026-09-09 14:08:58,795 | INFO | FraudShieldAI | Produced transaction 68aeb54a-4d72-47c9-98d9-7cef176fdb9c to Kafka (993)
2026-09-09 14:09:00,824 | INFO | FraudShieldAI | Produced transaction a5829057-65fa-4b0a-9baf-f9efe60a7c62 to Kafka (994)
2026-09-09 14:09:02,830 | INFO | FraudShieldAI | Produced transaction 144e0d10-282f-48f3-8a8c-bbc404d9ffdc to Kafka (995)
2026-09-09 14:09:04,834 | INFO | FraudShieldAI | Produced transaction cbb45c77-730c-4ad6-8930-32dfc870ffae to Kafka (996)
2026-09-09 14:09:06,859 | INFO | FraudShieldAI | Produced transaction cf1d4f88-f4a2-465b-9fe1-c0b2cc1e0638 to Kafka (997)
2026-09-09 14:09:08,884 | INFO | FraudShieldAI | Produced transaction 07355d35-fa59-4cd6-900e-a96f508b9a21 to Kafka (998)
2026-09-09 14:09:10,899 | INFO | FraudShieldAI | Produced transaction 5f09da53-1aa5-4fe3-97a3-4d6bcc7f81d8 to Kafka (999)
2026-09-09 14:09:12,919 | INFO | FraudShieldAI | Produced transaction c9acf966-2809-4e92-90f7-10d8bb144b34 to Kafka (1000)
2026-09-09 14:09:14,953 | INFO | FraudShieldAI | Produced transaction 0ab34ab9-1a81-401a-a959-45e9fa2a725b to Kafka (1001)
2026-09-09 14:09:16,962 | INFO | FraudShieldAI | Produced transaction b973f7b0-766d-4546-943e-41d541c3b233 to Kafka (1002)
2026-09-09 14:09:18,989 | INFO | FraudShieldAI | Produced transaction 1bc3e420-0662-4a1d-ad4d-dd0f9d8287a0 to Kafka (1003)
2026-09-09 14:09:21,017 | INFO | FraudShieldAI | Produced transaction 01f03565-4d19-4d7a-8fc8-77c8285bc411 to Kafka (1004)
2026-09-09 14:09:23,037 | INFO | FraudShieldAI | Produced transaction 9e52ce04-1daa-4a68-a451-119c930bd375 to Kafka (1005)
2026-09-09 14:09:25,038 | INFO | FraudShieldAI | Produced transaction 5ac88c44-b875-43e7-bcf8-541647ca5010 to Kafka (1006)
2026-09-09 14:09:27,056 | INFO | FraudShieldAI | Produced transaction a7674482-0064-486c-b548-ec394d3d1741 to Kafka (1007)
2026-09-09 14:09:29,084 | INFO | FraudShieldAI | Produced transaction 8787960f-b0c9-41bc-9e9e-2ac23b5640d8 to Kafka (1008)
2026-09-09 14:09:31,120 | INFO | FraudShieldAI | Produced transaction 63cc764d-5f66-4ffa-9606-4a8fc4d9538d to Kafka (1009)
2026-09-09 14:09:33,145 | INFO | FraudShieldAI | Produced transaction 05809443-feec-44b9-bc5e-89c7371a5987 to Kafka (1010)
2026-09-09 14:09:35,164 | INFO | FraudShieldAI | Produced transaction 2c665193-3a69-46e9-aba2-89abdc937f43 to Kafka (1011)
2026-09-09 14:09:37,198 | INFO | FraudShieldAI | Produced transaction 3c629a8c-9820-430a-8625-1ca898f0dfa9 to Kafka (1012)
2026-09-09 14:09:39,214 | INFO | FraudShieldAI | Produced transaction 36a01766-c0fd-4a4b-9204-d228bb4b8348 to Kafka (1013)
2026-09-09 14:09:41,236 | INFO | FraudShieldAI | Produced transaction 794d9975-6455-42d9-8a6a-401f98dd59f9 to Kafka (1014)
2026-09-09 14:09:43,260 | INFO | FraudShieldAI | Produced transaction 871bdd85-3291-4db0-96e8-fa9fd65c760f to Kafka (1015)
2026-09-09 14:09:45,293 | INFO | FraudShieldAI | Produced transaction 9e850fb4-c11a-4258-821f-84b268bc5de4 to Kafka (1016)
2026-09-09 14:09:47,303 | INFO | FraudShieldAI | Produced transaction 3b94c590-ffaf-4ee7-98df-ece19140cec6 to Kafka (1017)
2026-09-09 14:09:49,326 | INFO | FraudShieldAI | Produced transaction 70d57122-ef55-4927-b7ab-7570d7faa53c to Kafka (1018)
2026-09-09 14:09:51,353 | INFO | FraudShieldAI | Produced transaction cdfd20c9-271a-4024-9283-77ef4314bf21 to Kafka (1019)
2026-09-09 14:09:53,374 | INFO | FraudShieldAI | Produced transaction 22a7ecfb-a5ba-46e9-956f-a6f6102fec93 to Kafka (1020)
2026-09-09 14:09:55,400 | INFO | FraudShieldAI | Produced transaction 9d2c0fed-a755-4ae3-9218-f15d9aaac42a to Kafka (1021)
2026-09-09 14:09:57,418 | INFO | FraudShieldAI | Produced transaction f076a2cd-9d11-40d9-9c74-84a2745a8bac to Kafka (1022)
2026-09-09 14:09:59,438 | INFO | FraudShieldAI | Produced transaction fbf934f9-b02e-4a60-be14-74f6de857845 to Kafka (1023)
2026-09-09 14:10:01,447 | INFO | FraudShieldAI | Produced transaction 772c2c17-39fb-4fe3-a42a-8ab06cb2a007 to Kafka (1024)
2026-09-09 14:10:03,467 | INFO | FraudShieldAI | Produced transaction e55117d8-36dc-455d-9fa9-101a90a24bf6 to Kafka (1025)
2026-09-09 14:10:05,485 | INFO | FraudShieldAI | Produced transaction 87170234-c578-47c8-9d50-954332b6933f to Kafka (1026)
2026-09-09 14:10:07,510 | INFO | FraudShieldAI | Produced transaction 0d257782-b905-43fe-b59c-720b56048ab4 to Kafka (1027)
2026-09-09 14:10:09,525 | INFO | FraudShieldAI | Produced transaction c34474cd-083a-475e-8111-f01994311772 to Kafka (1028)
2026-09-09 14:10:11,560 | INFO | FraudShieldAI | Produced transaction 4c647fa4-b439-4c7e-8732-ce9def647419 to Kafka (1029)
2026-09-09 14:10:13,588 | INFO | FraudShieldAI | Produced transaction 23b349b9-3640-4552-9ad4-d9e3aab3d87b to Kafka (1030)
2026-09-09 14:10:15,614 | INFO | FraudShieldAI | Produced transaction 43fe9462-0f82-438c-9b53-dad407e6718c to Kafka (1031)
2026-09-09 14:10:17,620 | INFO | FraudShieldAI | Produced transaction e48f399e-c33b-4827-961d-f7e92449c8a2 to Kafka (1032)
2026-09-09 14:10:19,648 | INFO | FraudShieldAI | Produced transaction f8e972a8-a53b-405c-9997-f8a5a6c104bf to Kafka (1033)
2026-09-09 14:10:21,673 | INFO | FraudShieldAI | Produced transaction 709a3969-2e8b-44b1-a483-d0f7706303e0 to Kafka (1034)
2026-09-09 14:10:23,697 | INFO | FraudShieldAI | Produced transaction e1c3c3f1-0e58-414d-9892-c2573dfb3905 to Kafka (1035)
2026-09-09 14:10:25,712 | INFO | FraudShieldAI | Produced transaction 4ace76c0-4c48-4388-ba5a-48b7c06b5a49 to Kafka (1036)
2026-09-09 14:10:27,733 | INFO | FraudShieldAI | Produced transaction 93e48939-4b71-46a8-ab2c-ffa4cc9b2f68 to Kafka (1037)
2026-09-09 14:10:29,758 | INFO | FraudShieldAI | Produced transaction f784db63-117b-435b-a0ac-24b95670db2e to Kafka (1038)
2026-09-09 14:10:31,794 | INFO | FraudShieldAI | Produced transaction 325e0a6a-cce6-409d-b03d-b0b52e73e538 to Kafka (1039)
2026-09-09 14:10:33,783 | INFO | FraudShieldAI | Produced transaction 54214b7f-cb7a-48e2-a8fa-f04cf846d335 to Kafka (1040)
2026-09-09 14:10:35,798 | INFO | FraudShieldAI | Produced transaction 69544e61-c436-44cd-9c1f-52c58d71ae21 to Kafka (1041)
2026-09-09 14:10:37,799 | INFO | FraudShieldAI | Produced transaction 419a9206-7223-4a46-83bd-92edf9901773 to Kafka (1042)
2026-09-09 14:10:39,813 | INFO | FraudShieldAI | Produced transaction e06c958b-6a85-4371-b5b5-57ddb3acaa7c to Kafka (1043)
2026-09-09 14:10:41,818 | INFO | FraudShieldAI | Produced transaction 9cb2bb35-5ba6-46b5-9559-89564d207f13 to Kafka (1044)
2026-09-09 14:10:43,852 | INFO | FraudShieldAI | Produced transaction bdde4626-bcad-4a55-8e01-95c91027c7b3 to Kafka (1045)
2026-09-09 14:10:45,870 | INFO | FraudShieldAI | Produced transaction fd36c015-41f7-4210-adec-c1453f2d66c5 to Kafka (1046)
2026-09-09 14:10:47,873 | INFO | FraudShieldAI | Produced transaction de063f6a-51e2-45f9-8de7-4ec136768a6c to Kafka (1047)
2026-09-09 14:10:49,877 | INFO | FraudShieldAI | Produced transaction 2691f16a-21b2-46a4-8123-a8eb56263129 to Kafka (1048)
2026-09-09 14:10:51,893 | INFO | FraudShieldAI | Produced transaction 9b90d5b3-267c-4f3f-8203-954baabcc068 to Kafka (1049)
2026-09-09 14:10:53,888 | INFO | FraudShieldAI | Produced transaction 28a81a54-f414-49fa-8921-65416ebc98df to Kafka (1050)
2026-09-09 14:10:55,898 | INFO | FraudShieldAI | Produced transaction 715f528b-b44b-42d9-90bf-b2b51c5e0fc3 to Kafka (1051)
2026-09-09 14:10:57,933 | INFO | FraudShieldAI | Produced transaction abfc96f4-7b08-4e0d-aa5c-b3f070aa3013 to Kafka (1052)
2026-09-09 14:10:59,951 | INFO | FraudShieldAI | Produced transaction b0d29b96-af78-4a6e-bce5-456c97accc15 to Kafka (1053)
2026-09-09 14:11:01,963 | INFO | FraudShieldAI | Produced transaction 61672e33-a028-489b-8ec9-177f9a7ca146 to Kafka (1054)
2026-09-09 14:11:03,971 | INFO | FraudShieldAI | Produced transaction 18b14122-8811-4057-8fe0-0a3cb16391e2 to Kafka (1055)
2026-09-09 14:11:05,979 | INFO | FraudShieldAI | Produced transaction 539a2864-f778-471e-bb55-6a9852d57bec to Kafka (1056)
2026-09-09 14:11:08,005 | INFO | FraudShieldAI | Produced transaction 0b2e316d-aad6-4bdb-8da1-cef642606a0d to Kafka (1057)
2026-09-09 14:11:10,036 | INFO | FraudShieldAI | Produced transaction a7104a9b-7029-4804-aefd-84b52321d123 to Kafka (1058)
2026-09-09 14:11:12,064 | INFO | FraudShieldAI | Produced transaction 5b2ccc58-b8e2-48e0-bd5c-4942b84b2756 to Kafka (1059)
2026-09-09 14:11:14,096 | INFO | FraudShieldAI | Produced transaction 9dd32e4e-b358-44e2-9bba-a3ded7eaaf88 to Kafka (1060)
2026-09-09 14:11:16,114 | INFO | FraudShieldAI | Produced transaction bc7e29ae-38ba-4d5c-aa29-2e56d63922b4 to Kafka (1061)
2026-09-09 14:11:18,137 | INFO | FraudShieldAI | Produced transaction a65567db-d646-42d2-a145-156d929a2725 to Kafka (1062)
2026-09-09 14:11:20,156 | INFO | FraudShieldAI | Produced transaction c6de418b-8f30-4f59-8186-8606f9878ed5 to Kafka (1063)
2026-09-09 14:11:22,173 | INFO | FraudShieldAI | Produced transaction 67e03fef-424f-4821-9cb1-9b3dd714d075 to Kafka (1064)
2026-09-09 14:11:24,171 | INFO | FraudShieldAI | Produced transaction 2878574f-5c24-4eea-9a0b-778e678f52f3 to Kafka (1065)
2026-09-09 14:11:26,199 | INFO | FraudShieldAI | Produced transaction 30c5613a-c5c0-4061-a5e6-0f8a809d49be to Kafka (1066)
2026-09-09 14:11:28,210 | INFO | FraudShieldAI | Produced transaction 0398873d-99ea-4d19-9c5c-61583ec00ac3 to Kafka (1067)
2026-09-09 14:11:30,232 | INFO | FraudShieldAI | Produced transaction ea9cd40e-865d-4f65-8495-75f8fe7c5e12 to Kafka (1068)
2026-09-09 14:11:32,261 | INFO | FraudShieldAI | Produced transaction 0edbac57-3446-4229-91a6-d5003b6c13bc to Kafka (1069)
2026-09-09 14:11:34,287 | INFO | FraudShieldAI | Produced transaction 433f06ef-12ab-4dbb-8888-a8df1f0d0b28 to Kafka (1070)
2026-09-09 14:11:36,301 | INFO | FraudShieldAI | Produced transaction f2e91667-fb32-47a6-b0ff-c8c844749926 to Kafka (1071)
2026-09-09 14:11:38,329 | INFO | FraudShieldAI | Produced transaction 95bb0426-2222-43b8-9685-0c3f2880461a to Kafka (1072)
2026-09-09 14:11:40,354 | INFO | FraudShieldAI | Produced transaction f0db20f8-85ce-4286-b546-94546b14221a to Kafka (1073)
2026-09-09 14:11:42,369 | INFO | FraudShieldAI | Produced transaction d1d8b80e-be1b-4671-beda-e13ec79de315 to Kafka (1074)
2026-09-09 14:11:44,363 | INFO | FraudShieldAI | Produced transaction 517dc65f-61eb-4cc1-9476-2a6e7d8a8a7f to Kafka (1075)
2026-09-09 14:11:46,371 | INFO | FraudShieldAI | Produced transaction 7267a413-42f2-4ea7-acae-3acd7deb5dc7 to Kafka (1076)
2026-09-09 14:11:48,403 | INFO | FraudShieldAI | Produced transaction 8abc2f58-7526-4ae4-a1f8-8ebeaf9e8a88 to Kafka (1077)
2026-09-09 14:11:50,439 | INFO | FraudShieldAI | Produced transaction 7ed8aa27-28c6-4ecf-8db6-a3b095b8c3e4 to Kafka (1078)
2026-09-09 14:11:52,440 | INFO | FraudShieldAI | Produced transaction 82e0be88-f486-49ef-b412-cd2cec701665 to Kafka (1079)
2026-09-09 14:11:54,452 | INFO | FraudShieldAI | Produced transaction 51a2b19a-a794-4492-97c6-350a0fecb51d to Kafka (1080)
2026-09-09 14:11:56,471 | INFO | FraudShieldAI | Produced transaction 18e396a4-7764-41c8-be6e-1493ee26d42a to Kafka (1081)
2026-09-09 14:11:58,493 | INFO | FraudShieldAI | Produced transaction 5c32e9ed-221a-400d-b33b-3b2d48195a23 to Kafka (1082)
2026-09-09 14:12:00,510 | INFO | FraudShieldAI | Produced transaction 2b8db24f-1374-49d2-b671-ea1c5bdf69e2 to Kafka (1083)
2026-09-09 14:12:02,516 | INFO | FraudShieldAI | Produced transaction 1f2703b3-9861-4d16-8304-e8410fd2efb5 to Kafka (1084)
2026-09-09 14:12:04,536 | INFO | FraudShieldAI | Produced transaction 9b650086-697b-4f00-9013-9c58f4734674 to Kafka (1085)
2026-09-09 14:12:06,571 | INFO | FraudShieldAI | Produced transaction 159f8722-a10f-41e2-b723-f633a7818e55 to Kafka (1086)
2026-09-09 14:12:08,576 | INFO | FraudShieldAI | Produced transaction bdab2e43-ba54-419b-872f-a26e55e567eb to Kafka (1087)
2026-09-09 14:12:10,588 | INFO | FraudShieldAI | Produced transaction 91a1599f-1ea2-476e-bea2-36b6e83c75a3 to Kafka (1088)
2026-09-09 14:12:12,616 | INFO | FraudShieldAI | Produced transaction e51b8520-8f66-4632-97e1-10ecb9242aa3 to Kafka (1089)
2026-09-09 14:12:14,632 | INFO | FraudShieldAI | Produced transaction 207e1ea4-db37-4c42-9eda-6f2b4d5f4a19 to Kafka (1090)
2026-09-09 14:12:16,647 | INFO | FraudShieldAI | Produced transaction 74c62310-66d8-4e88-a133-6a00d38ec6c0 to Kafka (1091)
2026-09-09 14:12:18,680 | INFO | FraudShieldAI | Produced transaction 315a56c4-aa89-4edc-86bd-6fb5a2a608e3 to Kafka (1092)
2026-09-09 14:12:20,712 | INFO | FraudShieldAI | Produced transaction 03fe749a-019c-4eb6-a922-21c6faa78fda to Kafka (1093)
2026-09-09 14:12:22,739 | INFO | FraudShieldAI | Produced transaction 3d894f2d-4974-44ab-9570-fff8eb1028cc to Kafka (1094)
2026-09-09 14:12:24,738 | INFO | FraudShieldAI | Produced transaction da37bbbb-49d5-4eda-91c2-742f7703c9ca to Kafka (1095)
2026-09-09 14:12:26,765 | INFO | FraudShieldAI | Produced transaction 17258fe2-5efa-404d-ba8e-c3d813bfd006 to Kafka (1096)
2026-09-09 14:12:28,787 | INFO | FraudShieldAI | Produced transaction 7426d28a-f6ef-489b-b075-33754101706c to Kafka (1097)
2026-09-09 14:12:30,814 | INFO | FraudShieldAI | Produced transaction 263dda37-a0a0-4c29-aa4b-63702c70e592 to Kafka (1098)
2026-09-09 14:12:32,838 | INFO | FraudShieldAI | Produced transaction 87b458ac-bb4f-4f46-95bf-c8bd4a48d1e1 to Kafka (1099)
2026-09-09 14:12:34,866 | INFO | FraudShieldAI | Produced transaction 51389cfd-5487-45d5-a321-c7b6dd0eeb7d to Kafka (1100)
2026-09-09 14:12:36,904 | INFO | FraudShieldAI | Produced transaction a786c19c-c536-4f95-9be6-de97da5b8f3f to Kafka (1101)
2026-09-09 14:12:38,929 | INFO | FraudShieldAI | Produced transaction a3ae6c5a-8861-42fa-8453-a6e94875fbc6 to Kafka (1102)
2026-09-09 14:12:40,936 | INFO | FraudShieldAI | Produced transaction 05f73376-9f53-4dc8-8303-a21db221596a to Kafka (1103)
2026-09-09 14:12:42,940 | INFO | FraudShieldAI | Produced transaction 9553a3b0-cc1c-4c04-a3fe-fb598e0b6e51 to Kafka (1104)
2026-09-09 14:12:44,945 | INFO | FraudShieldAI | Produced transaction 23c428b5-af4f-4715-a734-89cc127a1a3f to Kafka (1105)
2026-09-09 14:12:46,963 | INFO | FraudShieldAI | Produced transaction 3294c75b-119c-4a76-9e5f-b52a2e35b15a to Kafka (1106)
2026-09-09 14:12:48,980 | INFO | FraudShieldAI | Produced transaction 1cafa43d-95d4-4421-8646-20f41d600464 to Kafka (1107)
2026-09-09 14:12:51,014 | INFO | FraudShieldAI | Produced transaction f10c1a98-9ed9-4f8f-b473-08d3f6a99370 to Kafka (1108)
2026-09-09 14:12:53,030 | INFO | FraudShieldAI | Produced transaction cbec74ce-9926-41f5-bdb2-ba5e43020b2c to Kafka (1109)
2026-09-09 14:12:55,057 | INFO | FraudShieldAI | Produced transaction 8b93b9c4-1b12-4247-b436-7a72aa0889b6 to Kafka (1110)
2026-09-09 14:12:57,083 | INFO | FraudShieldAI | Produced transaction a68e54e0-3153-4719-8133-5f74986888fc to Kafka (1111)
2026-09-09 14:12:59,098 | INFO | FraudShieldAI | Produced transaction 5d3fdd54-dec3-4b61-93e3-b507411920a0 to Kafka (1112)
2026-09-09 14:13:01,116 | INFO | FraudShieldAI | Produced transaction 69c76ee4-2d93-40c8-8aea-df85ce2f3cd2 to Kafka (1113)
2026-09-09 14:13:03,140 | INFO | FraudShieldAI | Produced transaction 8651836d-040d-4225-b472-c5cd19af2a00 to Kafka (1114)
2026-09-09 14:13:05,164 | INFO | FraudShieldAI | Produced transaction 97df7f4d-913d-461d-aff2-8e97e70d8e11 to Kafka (1115)
2026-09-09 14:13:07,186 | INFO | FraudShieldAI | Produced transaction f1a06758-b471-4051-b5df-ac7910a018c9 to Kafka (1116)
2026-09-09 14:13:09,211 | INFO | FraudShieldAI | Produced transaction f5763f16-b211-4bb6-89cd-fdf34cfc9e26 to Kafka (1117)
2026-09-09 14:13:11,242 | INFO | FraudShieldAI | Produced transaction fae180a2-b448-4964-92cc-909ffbbd3be2 to Kafka (1118)
2026-09-09 14:13:13,278 | INFO | FraudShieldAI | Produced transaction 0d537142-6b2c-4bc3-a064-36d3361311aa to Kafka (1119)
2026-09-09 14:13:15,300 | INFO | FraudShieldAI | Produced transaction 2222c433-f4ed-45a3-bddb-f8c6d07bd8c5 to Kafka (1120)
2026-09-09 14:13:17,337 | INFO | FraudShieldAI | Produced transaction c6f59a90-1a88-4fb2-9df5-b3a1dd644dc6 to Kafka (1121)
2026-09-09 14:13:19,363 | INFO | FraudShieldAI | Produced transaction e4109ba6-cf42-48d5-a674-d16437431de0 to Kafka (1122)
2026-09-09 14:13:21,362 | INFO | FraudShieldAI | Produced transaction 36f206cc-cd8c-4859-a7a6-11ffb2b2bca2 to Kafka (1123)
2026-09-09 14:13:23,378 | INFO | FraudShieldAI | Produced transaction 4821ddb1-aca2-4e0d-bee6-789cf68ce259 to Kafka (1124)
2026-09-09 14:13:25,368 | INFO | FraudShieldAI | Produced transaction 01d91ecd-1335-4ad9-ad54-df2ab9a8195b to Kafka (1125)
2026-09-09 14:13:27,359 | INFO | FraudShieldAI | Produced transaction 7db08ad3-75ba-407c-b559-fe760bbefa25 to Kafka (1126)
2026-09-09 14:13:29,377 | INFO | FraudShieldAI | Produced transaction 9aca2132-043b-4eda-8baf-15f3b2663cb9 to Kafka (1127)
2026-09-09 14:13:31,402 | INFO | FraudShieldAI | Produced transaction 712814ac-8cdc-4e0f-a2a1-e1935fdb54fd to Kafka (1128)
2026-09-09 14:13:33,414 | INFO | FraudShieldAI | Produced transaction 3843a6f5-8cd1-46ee-88a8-c26c21f24894 to Kafka (1129)
2026-09-09 14:13:35,427 | INFO | FraudShieldAI | Produced transaction 6b75b5dc-8141-4840-a5b6-fe4bb9a17f99 to Kafka (1130)
2026-09-09 14:13:37,447 | INFO | FraudShieldAI | Produced transaction 57381e47-819a-47da-ae22-6c4b094e84f3 to Kafka (1131)
2026-09-09 14:13:39,475 | INFO | FraudShieldAI | Produced transaction d2a1fd2c-c062-49c5-8648-54053804bfd9 to Kafka (1132)
2026-09-09 14:13:41,514 | INFO | FraudShieldAI | Produced transaction f87907e0-f01c-422f-8e82-2576457886da to Kafka (1133)
2026-09-09 14:13:43,540 | INFO | FraudShieldAI | Produced transaction 5ce5b82d-55be-4fc2-a626-8d86f8ab9f9a to Kafka (1134)
2026-09-09 14:13:45,573 | INFO | FraudShieldAI | Produced transaction e16b346f-977c-4fcd-8527-4d84523cd93b to Kafka (1135)
2026-09-09 14:13:47,609 | INFO | FraudShieldAI | Produced transaction d2d3e6aa-097c-4fba-b2f6-57ee7a583f12 to Kafka (1136)
2026-09-09 14:13:49,631 | INFO | FraudShieldAI | Produced transaction f6b0483d-0b04-4ed3-8609-02e255c5d3de to Kafka (1137)
2026-09-09 14:13:51,677 | INFO | FraudShieldAI | Produced transaction 150bf7f3-64c0-4fbd-b465-2bdba6c41163 to Kafka (1138)
2026-09-09 14:13:53,697 | INFO | FraudShieldAI | Produced transaction 83d4c447-8302-4075-b74e-fc9e268638bf to Kafka (1139)
2026-09-09 14:13:55,725 | INFO | FraudShieldAI | Produced transaction c392e0b8-471f-4074-bd0a-4ef2757487b1 to Kafka (1140)
2026-09-09 14:13:57,761 | INFO | FraudShieldAI | Produced transaction 4980cadc-6594-4edd-af09-eeacd8c3e46f to Kafka (1141)
2026-09-09 14:13:59,779 | INFO | FraudShieldAI | Produced transaction 7d6f74f2-7a7d-4ff7-963d-8c991a390ec7 to Kafka (1142)
2026-09-09 14:14:01,813 | INFO | FraudShieldAI | Produced transaction 91134464-18fb-4aa3-8a26-cbe4b3d791fa to Kafka (1143)
2026-09-09 14:14:03,834 | INFO | FraudShieldAI | Produced transaction 478c37a3-6600-4f16-a4ae-c215826563cf to Kafka (1144)
2026-09-09 14:14:05,873 | INFO | FraudShieldAI | Produced transaction c3dde829-47c4-48ea-a75e-6fdca648092f to Kafka (1145)
2026-09-09 14:14:07,880 | INFO | FraudShieldAI | Produced transaction 54b3c1f7-2687-435e-9396-fb0ce72f1fa1 to Kafka (1146)
2026-09-09 14:14:09,908 | INFO | FraudShieldAI | Produced transaction 68bbba40-8a2a-4c65-a8b7-5b4888c508ba to Kafka (1147)
2026-09-09 14:14:11,932 | INFO | FraudShieldAI | Produced transaction 05595c84-9261-441c-a448-5e82e12b20f5 to Kafka (1148)
2026-09-09 14:14:13,957 | INFO | FraudShieldAI | Produced transaction 011e09ab-210b-472b-92b6-6003f531bac5 to Kafka (1149)
2026-09-09 14:14:15,945 | INFO | FraudShieldAI | Produced transaction d163391c-8161-417d-9b09-52c92a7164ab to Kafka (1150)
2026-09-09 14:14:17,967 | INFO | FraudShieldAI | Produced transaction d4e08020-58b1-4529-9330-87017171d498 to Kafka (1151)
2026-09-09 14:14:19,997 | INFO | FraudShieldAI | Produced transaction b370168d-1c30-432d-bd48-ce041a8b5e24 to Kafka (1152)
2026-09-09 14:14:22,016 | INFO | FraudShieldAI | Produced transaction 4448f880-9408-4904-a34c-d2abf3d23244 to Kafka (1153)
2026-09-09 14:14:24,040 | INFO | FraudShieldAI | Produced transaction 50551fb6-9238-4c03-930f-1199d571ae5e to Kafka (1154)
2026-09-09 14:14:26,055 | INFO | FraudShieldAI | Produced transaction 17656949-9e01-420d-8519-0fcb435880b6 to Kafka (1155)
2026-09-09 14:14:28,083 | INFO | FraudShieldAI | Produced transaction 20036c49-a74f-41af-92d8-80d41eed6cfd to Kafka (1156)
2026-09-09 14:14:30,065 | INFO | FraudShieldAI | Produced transaction f8bbe834-e974-49e7-bead-23b947a8ebff to Kafka (1157)
2026-09-09 14:14:32,081 | INFO | FraudShieldAI | Produced transaction 7d381e1b-a4f3-4353-8e15-9090b4cf44c6 to Kafka (1158)
2026-09-09 14:14:34,099 | INFO | FraudShieldAI | Produced transaction b2ae1ab0-c34f-4024-8285-45a1be61a7cb to Kafka (1159)
2026-09-09 14:14:36,134 | INFO | FraudShieldAI | Produced transaction a829d315-7abb-4aa0-b983-497bb082078d to Kafka (1160)
2026-09-09 14:14:38,165 | INFO | FraudShieldAI | Produced transaction 51dc8fcd-ebf9-4982-81d7-d0ecf0e32fba to Kafka (1161)
2026-09-09 14:14:40,204 | INFO | FraudShieldAI | Produced transaction 53f67061-f632-459e-9dec-72936bb5b9c6 to Kafka (1162)
2026-09-09 14:14:42,224 | INFO | FraudShieldAI | Produced transaction 581b5e68-a50c-41fb-be8d-33d842c3d28a to Kafka (1163)
2026-09-09 14:14:44,259 | INFO | FraudShieldAI | Produced transaction 9d37ff12-36c6-4dc5-a5e8-8e9d4406ebb6 to Kafka (1164)
2026-09-09 14:14:46,313 | INFO | FraudShieldAI | Produced transaction 615709a0-36e2-482b-954e-89b55c29f1d8 to Kafka (1165)
2026-09-09 14:14:48,340 | INFO | FraudShieldAI | Produced transaction a1332603-cad2-49a7-98c1-ec54d0866c0d to Kafka (1166)
2026-09-09 14:14:50,343 | INFO | FraudShieldAI | Produced transaction 41067e97-ae62-42f7-a7c9-a966ab19e378 to Kafka (1167)
2026-09-09 14:14:52,375 | INFO | FraudShieldAI | Produced transaction eee2290b-e6bc-4560-8775-eef80c2611a9 to Kafka (1168)
2026-09-09 14:14:54,388 | INFO | FraudShieldAI | Produced transaction 58974831-6c58-4fc6-9dce-096d142e6db6 to Kafka (1169)
2026-09-09 14:14:56,413 | INFO | FraudShieldAI | Produced transaction c2f321f2-bfd4-42a0-bfb5-2edeef25842c to Kafka (1170)
2026-09-09 14:14:58,455 | INFO | FraudShieldAI | Produced transaction cd628a33-a9f6-4bd1-90ae-a0425b281be5 to Kafka (1171)
2026-09-09 14:15:00,473 | INFO | FraudShieldAI | Produced transaction 47f55424-2340-4a78-9861-cb1bad4c72b0 to Kafka (1172)
2026-09-09 14:15:02,498 | INFO | FraudShieldAI | Produced transaction 94c67a56-4eb7-41da-b6ca-37c223a36e6c to Kafka (1173)
2026-09-09 14:15:04,517 | INFO | FraudShieldAI | Produced transaction 4432b150-b24a-45d5-bf23-1ecec9c026a5 to Kafka (1174)
2026-09-09 14:15:06,517 | INFO | FraudShieldAI | Produced transaction eca567e1-baec-4e40-a3fe-4dea1958f2db to Kafka (1175)
2026-09-09 14:15:08,554 | INFO | FraudShieldAI | Produced transaction a4f5583d-6a0c-4d16-8af7-773ccb0ad3ef to Kafka (1176)
2026-09-09 14:15:10,572 | INFO | FraudShieldAI | Produced transaction 3b273656-ea8b-4b43-88c1-c9fec30b031f to Kafka (1177)
2026-09-09 14:15:12,586 | INFO | FraudShieldAI | Produced transaction 503eff30-f3c7-4a94-a8f4-d0b4c57a34d5 to Kafka (1178)
2026-09-09 14:15:14,607 | INFO | FraudShieldAI | Produced transaction 444ccb1d-fad5-4804-9261-03c8c9f5be1b to Kafka (1179)
2026-09-09 14:15:16,615 | INFO | FraudShieldAI | Produced transaction 7ae08704-f796-4e3f-b263-e2ef27bd59db to Kafka (1180)
2026-09-09 14:15:18,651 | INFO | FraudShieldAI | Produced transaction a35b1eff-48aa-4400-8a9b-8879ebb97fca to Kafka (1181)
2026-09-09 14:15:20,710 | INFO | FraudShieldAI | Produced transaction 86bb96cb-c742-450f-b914-ce66762bb798 to Kafka (1182)
2026-09-09 14:15:22,739 | INFO | FraudShieldAI | Produced transaction c0147ff6-93c4-42bf-adb8-4a45789ef204 to Kafka (1183)
2026-09-09 14:15:24,764 | INFO | FraudShieldAI | Produced transaction 9b9b93e3-5d38-43fa-96f4-31a1ad0b2f7c to Kafka (1184)
2026-09-09 14:15:26,791 | INFO | FraudShieldAI | Produced transaction b0ddd6fa-e657-48f1-9483-2f33fdceefc5 to Kafka (1185)
2026-09-09 14:15:28,815 | INFO | FraudShieldAI | Produced transaction 3243aeb5-4296-4080-b8cf-46063fa3cb8a to Kafka (1186)
2026-09-09 14:15:30,845 | INFO | FraudShieldAI | Produced transaction c7bca75e-23a6-4d29-88a1-44842a60aabd to Kafka (1187)
2026-09-09 14:15:32,852 | INFO | FraudShieldAI | Produced transaction a6fac429-7325-45e3-b793-d550343776e6 to Kafka (1188)
2026-09-09 14:15:34,884 | INFO | FraudShieldAI | Produced transaction 955ed83f-4b7c-403f-b610-a4100b30f21a to Kafka (1189)
2026-09-09 14:15:36,928 | INFO | FraudShieldAI | Produced transaction 6f4ef17f-c92e-47d8-8df9-f5bef7f5a4ab to Kafka (1190)
2026-09-09 14:15:38,965 | INFO | FraudShieldAI | Produced transaction 97ba9d55-ff69-45db-ac23-c5cb6d12263b to Kafka (1191)
2026-09-09 14:15:40,977 | INFO | FraudShieldAI | Produced transaction dfeda1d9-3758-4428-bc6d-5844e0207128 to Kafka (1192)
2026-09-09 14:15:43,023 | INFO | FraudShieldAI | Produced transaction bf97f3ef-b1cd-4333-b9d6-0594a4bc7129 to Kafka (1193)
2026-09-09 14:15:45,062 | INFO | FraudShieldAI | Produced transaction 72cce8de-d716-43fc-a0e1-79c234ee6138 to Kafka (1194)
2026-09-09 14:15:47,082 | INFO | FraudShieldAI | Produced transaction f6ede440-edb9-4c22-949d-72b3a606ec8b to Kafka (1195)
2026-09-09 14:15:49,086 | INFO | FraudShieldAI | Produced transaction edffa3a1-0248-4905-be5d-bebc0d9c74f9 to Kafka (1196)
2026-09-09 14:15:51,112 | INFO | FraudShieldAI | Produced transaction 292fa899-a7ba-4f8a-b3b6-88a312fd78a7 to Kafka (1197)
2026-09-09 14:15:53,133 | INFO | FraudShieldAI | Produced transaction 5f766739-7a3f-4866-a471-333dccc31072 to Kafka (1198)
2026-09-09 14:15:55,155 | INFO | FraudShieldAI | Produced transaction 9747145a-57d7-4c84-a99d-92d5d13dfcf3 to Kafka (1199)
2026-09-09 14:15:57,174 | INFO | FraudShieldAI | Produced transaction e58ea77a-0c7a-4b5f-b057-51dbb58f2c72 to Kafka (1200)
2026-09-09 14:15:59,182 | INFO | FraudShieldAI | Produced transaction 0f97f48e-c966-4ee3-91e1-08fb33a96f1d to Kafka (1201)
2026-09-09 14:16:01,211 | INFO | FraudShieldAI | Produced transaction e79254ac-dd7b-468b-a8aa-5d7e46a08a6c to Kafka (1202)
2026-09-09 14:16:03,252 | INFO | FraudShieldAI | Produced transaction 32391df3-5cd1-48f3-a40f-50ff9b44753d to Kafka (1203)
2026-09-09 14:16:05,234 | INFO | FraudShieldAI | Produced transaction e2f7b45e-96ca-44ac-8c9d-e66450e6de6c to Kafka (1204)
2026-09-09 14:16:07,260 | INFO | FraudShieldAI | Produced transaction d05fbc64-1c3e-40ef-b5b4-30eedadf4783 to Kafka (1205)
2026-09-09 14:16:09,284 | INFO | FraudShieldAI | Produced transaction 810a3907-f14d-4c6c-8c7a-d2d53a1f5621 to Kafka (1206)
2026-09-09 14:16:11,301 | INFO | FraudShieldAI | Produced transaction 99592b14-6daf-46c3-8757-6f1da69f305e to Kafka (1207)
2026-09-09 14:16:13,339 | INFO | FraudShieldAI | Produced transaction a40734ab-70fd-4c06-84c9-d0a017548f63 to Kafka (1208)
2026-09-09 14:16:15,368 | INFO | FraudShieldAI | Produced transaction 30dd2beb-bbc7-42e9-816f-77b5f4ad11f1 to Kafka (1209)
2026-09-09 14:16:17,375 | INFO | FraudShieldAI | Produced transaction 13f54ac7-17ba-4d7c-957c-e84bc44474df to Kafka (1210)
2026-09-09 14:16:19,379 | INFO | FraudShieldAI | Produced transaction 07a6e4c2-5467-4fe0-95b9-29aed0a3ee63 to Kafka (1211)
2026-09-09 14:16:21,393 | INFO | FraudShieldAI | Produced transaction e24472b0-d42d-4c74-8e13-647658957d16 to Kafka (1212)
2026-09-09 14:16:23,426 | INFO | FraudShieldAI | Produced transaction 77262f09-4c3c-48d0-a07d-0b9a6e961dd6 to Kafka (1213)
2026-09-09 14:16:25,451 | INFO | FraudShieldAI | Produced transaction fe3e09f7-819d-43dc-8df9-9a43cd495496 to Kafka (1214)
2026-09-09 14:16:27,470 | INFO | FraudShieldAI | Produced transaction 85dcfcf7-08ee-45b2-b510-ccc6ff04d980 to Kafka (1215)
2026-09-09 14:16:29,488 | INFO | FraudShieldAI | Produced transaction dda7a2ce-7f8f-4eaa-8bcb-15daf663424b to Kafka (1216)
2026-09-09 14:16:31,496 | INFO | FraudShieldAI | Produced transaction 89dff916-efd1-4564-8d18-479c1b0bc797 to Kafka (1217)
2026-09-09 14:16:33,516 | INFO | FraudShieldAI | Produced transaction bf625512-6214-4c8f-b1e7-9312160e47d8 to Kafka (1218)
2026-09-09 14:16:35,542 | INFO | FraudShieldAI | Produced transaction e153a4cd-8f80-47af-8948-05aa59e7d652 to Kafka (1219)
2026-09-09 14:16:37,559 | INFO | FraudShieldAI | Produced transaction 28ee933f-5808-4410-8264-e88f1c9d83c2 to Kafka (1220)
2026-09-09 14:16:39,586 | INFO | FraudShieldAI | Produced transaction d89d13f1-dd91-4cf6-9566-c5b0f50c231b to Kafka (1221)
2026-09-09 14:16:41,615 | INFO | FraudShieldAI | Produced transaction b425c31b-94e8-4a05-9559-734a80a62de5 to Kafka (1222)
2026-09-09 14:16:43,640 | INFO | FraudShieldAI | Produced transaction 924631d5-36e1-4a16-896d-3b8f9eb66193 to Kafka (1223)
2026-09-09 14:16:45,657 | INFO | FraudShieldAI | Produced transaction 2a163869-061f-41bc-8264-be18280f9613 to Kafka (1224)
2026-09-09 14:16:47,664 | INFO | FraudShieldAI | Produced transaction a10ba12e-0472-4955-8f93-d06370da2813 to Kafka (1225)
2026-09-09 14:16:49,710 | INFO | FraudShieldAI | Produced transaction 59df24a1-80ec-40fe-8eb7-f29488badb14 to Kafka (1226)
2026-09-09 14:16:51,727 | INFO | FraudShieldAI | Produced transaction e0407855-2fa4-4459-958e-ccf20148be70 to Kafka (1227)
2026-09-09 14:16:53,769 | INFO | FraudShieldAI | Produced transaction 01a44dc4-e17d-41ec-9544-606cd05e5e1c to Kafka (1228)
2026-09-09 14:16:55,802 | INFO | FraudShieldAI | Produced transaction 86a78e38-8e93-4e4e-904a-ed2bd10336ee to Kafka (1229)
2026-09-09 14:16:57,823 | INFO | FraudShieldAI | Produced transaction e89245c5-6e5e-46fc-81d0-d5de52473bd9 to Kafka (1230)
2026-09-09 14:16:59,841 | INFO | FraudShieldAI | Produced transaction 9f086edd-bcf3-4b5a-a329-96e3011bf9dc to Kafka (1231)
2026-09-09 14:17:01,844 | INFO | FraudShieldAI | Produced transaction 12a44ed6-3f09-4901-8567-2be2a916cacd to Kafka (1232)
2026-09-09 14:17:03,852 | INFO | FraudShieldAI | Produced transaction 2b5e4a68-d8b4-4816-a285-66de7fcc4201 to Kafka (1233)
2026-09-09 14:17:05,889 | INFO | FraudShieldAI | Produced transaction 273e32d0-7fca-43e3-9571-4d4fb8b69f5c to Kafka (1234)
2026-09-09 14:17:07,895 | INFO | FraudShieldAI | Produced transaction 49524390-e23f-4e61-873a-dbf063abdf01 to Kafka (1235)
2026-09-09 14:17:09,912 | INFO | FraudShieldAI | Produced transaction a777b12d-ef84-4381-a940-91aab1bfff7d to Kafka (1236)
2026-09-09 14:17:11,973 | INFO | FraudShieldAI | Produced transaction 8a80f68e-acba-4452-a3e0-c39803536222 to Kafka (1237)
2026-09-09 14:17:13,995 | INFO | FraudShieldAI | Produced transaction fa1d23ae-f33d-4b37-b97a-ac1e7390ceb9 to Kafka (1238)
2026-09-09 14:17:16,002 | INFO | FraudShieldAI | Produced transaction e3d0ee8f-eb3a-4080-9c3c-7e941d97d205 to Kafka (1239)
2026-09-09 14:17:18,030 | INFO | FraudShieldAI | Produced transaction faee1109-f045-49e1-9d46-4fc1a2c90059 to Kafka (1240)
2026-09-09 14:17:20,060 | INFO | FraudShieldAI | Produced transaction 005a8e04-de85-41a8-b375-d91e87c6a281 to Kafka (1241)
2026-09-09 14:17:22,069 | INFO | FraudShieldAI | Produced transaction c2698f3a-079c-42ac-aa3a-ca2548fb4b87 to Kafka (1242)
2026-09-09 14:17:24,091 | INFO | FraudShieldAI | Produced transaction ad1c6d00-bb33-443c-bf13-3ed60fed7c33 to Kafka (1243)
2026-09-09 14:17:26,128 | INFO | FraudShieldAI | Produced transaction de36eaee-9207-4199-8410-fee68a3cc00c to Kafka (1244)
2026-09-09 14:17:28,121 | INFO | FraudShieldAI | Produced transaction 74325b43-0e99-4d07-96ff-3c5a15f4ca25 to Kafka (1245)
2026-09-09 14:17:30,158 | INFO | FraudShieldAI | Produced transaction 83e437b9-4b3a-44e2-b039-0f070c9b6d76 to Kafka (1246)
2026-09-09 14:17:32,184 | INFO | FraudShieldAI | Produced transaction 33fadf6a-4795-457b-b564-418e1bfba491 to Kafka (1247)
2026-09-09 14:17:34,228 | INFO | FraudShieldAI | Produced transaction 0d277765-9278-4625-b1b7-d0b2cffa6b7d to Kafka (1248)
2026-09-09 14:17:36,256 | INFO | FraudShieldAI | Produced transaction b9d5418d-d862-4da8-8393-6d47ceca0d34 to Kafka (1249)
2026-09-09 14:17:38,265 | INFO | FraudShieldAI | Produced transaction 3142b041-7fc6-47d6-a141-94ebaa82095c to Kafka (1250)
2026-09-09 14:17:40,285 | INFO | FraudShieldAI | Produced transaction 3cae8885-eda9-4d6c-ac90-fa9daba11506 to Kafka (1251)
2026-09-09 14:17:42,306 | INFO | FraudShieldAI | Produced transaction 9c123f60-9334-4e4e-9de6-530b85f41eaa to Kafka (1252)
2026-09-09 14:17:44,330 | INFO | FraudShieldAI | Produced transaction a3a8d9df-951a-47b1-b081-50bd82520496 to Kafka (1253)
2026-09-09 14:17:46,335 | INFO | FraudShieldAI | Produced transaction a1e8e946-3534-4820-8faf-6dded2396f5f to Kafka (1254)
2026-09-09 14:17:48,367 | INFO | FraudShieldAI | Produced transaction 2100ace1-7dfb-4e73-b223-2bb6c8e160dd to Kafka (1255)
2026-09-09 14:17:50,385 | INFO | FraudShieldAI | Produced transaction a2febdef-20fb-4f7a-8dfd-f2f63545494c to Kafka (1256)
2026-09-09 14:17:52,397 | INFO | FraudShieldAI | Produced transaction e8740b85-039f-4da7-95b2-0d1a2cd8f2ac to Kafka (1257)
2026-09-09 14:17:54,422 | INFO | FraudShieldAI | Produced transaction 3bdbd3f3-192a-40d1-b8ce-832c5ba351e3 to Kafka (1258)
2026-09-09 14:17:56,433 | INFO | FraudShieldAI | Produced transaction a1007809-bf14-4bf9-9504-1405e4dc3130 to Kafka (1259)
2026-09-09 14:17:58,459 | INFO | FraudShieldAI | Produced transaction 35c492ec-7ef2-451d-8758-8f0349f8be06 to Kafka (1260)
2026-09-09 14:18:00,497 | INFO | FraudShieldAI | Produced transaction 59b69d32-97a4-4d59-bff1-8caaf45304cb to Kafka (1261)
2026-09-09 14:18:02,524 | INFO | FraudShieldAI | Produced transaction 48f9fc24-4b15-4c0e-9e7e-3de1d516ad43 to Kafka (1262)
2026-09-09 14:18:04,551 | INFO | FraudShieldAI | Produced transaction e274c290-39ab-401e-ae04-5955f3d2ab05 to Kafka (1263)
2026-09-09 14:18:06,589 | INFO | FraudShieldAI | Produced transaction 51f432be-3019-4602-8873-d3d83f7c46d1 to Kafka (1264)
2026-09-09 14:18:08,623 | INFO | FraudShieldAI | Produced transaction 095ed325-fef9-4109-9812-27bb73e2eebe to Kafka (1265)
2026-09-09 14:18:10,652 | INFO | FraudShieldAI | Produced transaction f8dc3d47-2a77-454d-af68-0c5d5ba8dbaf to Kafka (1266)
2026-09-09 14:18:12,658 | INFO | FraudShieldAI | Produced transaction 0ce07d69-cb37-4bd0-869c-9aec95120114 to Kafka (1267)
2026-09-09 14:18:14,675 | INFO | FraudShieldAI | Produced transaction 70bca7f4-5cc9-4284-bf0a-3433539cab7c to Kafka (1268)
2026-09-09 14:18:16,681 | INFO | FraudShieldAI | Produced transaction 58ddd7ea-3e54-4aef-b625-26eadf8f1d67 to Kafka (1269)
2026-09-09 14:18:18,694 | INFO | FraudShieldAI | Produced transaction c2016a53-4a93-4c00-bae2-a8b1351c61be to Kafka (1270)
2026-09-09 14:18:20,730 | INFO | FraudShieldAI | Produced transaction 47f1f767-0ad4-4fee-944f-1d9891a70d2f to Kafka (1271)
2026-09-09 14:18:22,768 | INFO | FraudShieldAI | Produced transaction 5ec06529-3311-471c-88ca-94f34b6e4ac5 to Kafka (1272)
2026-09-09 14:18:24,782 | INFO | FraudShieldAI | Produced transaction e185e9b7-f4dc-4871-a735-657c7a932447 to Kafka (1273)
2026-09-09 14:18:26,810 | INFO | FraudShieldAI | Produced transaction 839fe60f-1ff1-42b0-9db9-1b619489c29b to Kafka (1274)
2026-09-09 14:18:28,828 | INFO | FraudShieldAI | Produced transaction 8504e48b-8d07-482a-a79b-abc014920537 to Kafka (1275)
2026-09-09 14:18:30,852 | INFO | FraudShieldAI | Produced transaction 9f10f011-63bb-4903-bd15-baf9eea47e5b to Kafka (1276)
2026-09-09 14:18:32,865 | INFO | FraudShieldAI | Produced transaction 4e4b40b8-accf-4d75-9c44-30ca7fb3382c to Kafka (1277)
2026-09-09 14:18:34,902 | INFO | FraudShieldAI | Produced transaction 1f054dab-1071-475c-a2aa-b2e9ab5d45bb to Kafka (1278)
2026-09-09 14:18:36,922 | INFO | FraudShieldAI | Produced transaction ca278ff2-028a-4821-ab2a-3b4feabcdde1 to Kafka (1279)
2026-09-09 14:18:38,927 | INFO | FraudShieldAI | Produced transaction 57535a66-d41c-44a6-99de-3b2e0d954f99 to Kafka (1280)
2026-09-09 14:18:40,941 | INFO | FraudShieldAI | Produced transaction d751688d-be71-49f7-a571-8112c98543b1 to Kafka (1281)
2026-09-09 14:18:42,957 | INFO | FraudShieldAI | Produced transaction 55b5b987-b3d8-468c-bca2-da1c5ec3a53b to Kafka (1282)
2026-09-09 14:18:44,980 | INFO | FraudShieldAI | Produced transaction c37a428b-1bda-4f43-a970-462ebfb7065b to Kafka (1283)
2026-09-09 14:18:47,000 | INFO | FraudShieldAI | Produced transaction 8d5a9cae-64f6-456a-a417-155e301a7216 to Kafka (1284)
2026-09-09 14:18:49,005 | INFO | FraudShieldAI | Produced transaction cf387913-e9d8-4e74-8fda-5a0a06d9fb02 to Kafka (1285)
2026-09-09 14:18:51,037 | INFO | FraudShieldAI | Produced transaction ceecdc19-0a95-4d3c-b04e-f9e88b5078ff to Kafka (1286)
2026-09-09 14:18:53,051 | INFO | FraudShieldAI | Produced transaction 5bf56245-c6c3-4970-9429-e22e7fd6abce to Kafka (1287)
2026-09-09 14:18:55,087 | INFO | FraudShieldAI | Produced transaction 00038460-fef4-4cbe-91c0-2b9a56df4a1d to Kafka (1288)
2026-09-09 14:18:57,101 | INFO | FraudShieldAI | Produced transaction 4fc11d2e-d097-4f1a-9ff9-bc8769c43333 to Kafka (1289)
2026-09-09 14:18:59,117 | INFO | FraudShieldAI | Produced transaction a8728d30-46dd-4f32-a4ef-a7c0bc73c6d3 to Kafka (1290)
2026-09-09 14:19:01,130 | INFO | FraudShieldAI | Produced transaction 44b36daa-83f9-45b4-91dd-fb3f7cf36471 to Kafka (1291)
2026-09-09 14:19:03,125 | INFO | FraudShieldAI | Produced transaction b39ab286-6ae1-4ebf-b876-4a7875bc5cf0 to Kafka (1292)
2026-09-09 14:19:05,130 | INFO | FraudShieldAI | Produced transaction a766b1da-abc1-4a44-9ac5-2c66ccc2a3ef to Kafka (1293)
2026-09-09 14:19:07,149 | INFO | FraudShieldAI | Produced transaction b21742d7-2644-4b40-b2a2-5c33fe9f0f43 to Kafka (1294)
2026-09-09 14:19:09,157 | INFO | FraudShieldAI | Produced transaction d9115d18-53c7-4ed9-ab31-bb221e93c100 to Kafka (1295)
2026-09-09 14:19:11,171 | INFO | FraudShieldAI | Produced transaction 22bbe219-6df6-4fda-8e00-093d0b5c6272 to Kafka (1296)
2026-09-09 14:19:13,184 | INFO | FraudShieldAI | Produced transaction 9d59d874-48c2-41c7-b4f6-a8a2c4e96686 to Kafka (1297)
2026-09-09 14:19:15,193 | INFO | FraudShieldAI | Produced transaction 4b85ace9-26ce-4765-9a61-0118dc0b6906 to Kafka (1298)
2026-09-09 14:19:17,229 | INFO | FraudShieldAI | Produced transaction c1cbc8c7-c7aa-409c-a7a8-a98c6ba232d4 to Kafka (1299)
2026-09-09 14:19:19,262 | INFO | FraudShieldAI | Produced transaction 82093b2a-c53d-4ee4-b0fc-4d9f1e594c42 to Kafka (1300)
2026-09-09 14:19:21,283 | INFO | FraudShieldAI | Produced transaction 89ec9a73-dc72-4141-9712-47679e18c5b3 to Kafka (1301)
2026-09-09 14:19:23,310 | INFO | FraudShieldAI | Produced transaction 80128e62-be87-4763-8758-49a2db369d9e to Kafka (1302)
2026-09-09 14:19:25,332 | INFO | FraudShieldAI | Produced transaction b9e7bb45-7f0f-457f-a7ae-0d23d236b9f2 to Kafka (1303)
2026-09-09 14:19:27,363 | INFO | FraudShieldAI | Produced transaction 19827f03-cce3-4249-bad5-bbc2dd61564c to Kafka (1304)
2026-09-09 14:19:29,390 | INFO | FraudShieldAI | Produced transaction f8c51b71-4277-4ad7-a8ef-c732ec799c5f to Kafka (1305)
2026-09-09 14:19:31,412 | INFO | FraudShieldAI | Produced transaction d4f498af-246c-4bc6-890e-69aad876e8cd to Kafka (1306)
2026-09-09 14:19:33,447 | INFO | FraudShieldAI | Produced transaction de6d7faf-4ac4-441e-9842-ba8409d05170 to Kafka (1307)
2026-09-09 14:19:35,481 | INFO | FraudShieldAI | Produced transaction f1dda316-4e4f-4ae0-aed5-53a93d8ae2a0 to Kafka (1308)
2026-09-09 14:19:37,503 | INFO | FraudShieldAI | Produced transaction 624ecb0c-43b2-4815-8553-8fdd52642173 to Kafka (1309)
2026-09-09 14:19:39,506 | INFO | FraudShieldAI | Produced transaction b4803b45-fd37-43ef-b9b4-b5d70a152266 to Kafka (1310)
2026-09-09 14:19:41,529 | INFO | FraudShieldAI | Produced transaction a5ebf8c6-7849-45c3-ae0a-0a5283f0eaeb to Kafka (1311)
2026-09-09 14:19:43,559 | INFO | FraudShieldAI | Produced transaction 77d0b4ba-0081-4f76-ad6b-ee9bbd01b945 to Kafka (1312)
2026-09-09 14:19:45,565 | INFO | FraudShieldAI | Produced transaction fc6db1e3-74bf-4030-8645-bf9fb7c025be to Kafka (1313)
2026-09-09 14:19:47,593 | INFO | FraudShieldAI | Produced transaction cb8b786e-69a9-4c1f-8a50-2180dbd7481d to Kafka (1314)
2026-09-09 14:19:49,609 | INFO | FraudShieldAI | Produced transaction b5220f41-936d-46ac-bc8d-5cde4d02ac34 to Kafka (1315)
2026-09-09 14:19:51,614 | INFO | FraudShieldAI | Produced transaction 32a2a41b-cb03-458d-9e89-55b2088c69e7 to Kafka (1316)
2026-09-09 14:19:53,625 | INFO | FraudShieldAI | Produced transaction 9f0d2aa5-bf36-4bbe-a184-31b21b56c866 to Kafka (1317)
2026-09-09 14:19:55,646 | INFO | FraudShieldAI | Produced transaction 96cee864-a288-4ea2-b9cd-562ceefa4b50 to Kafka (1318)
2026-09-09 14:19:57,682 | INFO | FraudShieldAI | Produced transaction 853dca03-dbef-4b16-b2e1-ee9bb557c5e5 to Kafka (1319)
2026-09-09 14:19:59,694 | INFO | FraudShieldAI | Produced transaction 7a97654e-6a28-4715-bf32-090d9ef2949a to Kafka (1320)
2026-09-09 14:20:01,714 | INFO | FraudShieldAI | Produced transaction 7700ca97-374d-4679-921e-790a4b7ab8a6 to Kafka (1321)
2026-09-09 14:20:03,745 | INFO | FraudShieldAI | Produced transaction 81530b65-4ce3-4023-b523-36755342bf24 to Kafka (1322)
2026-09-09 14:20:04,849 | INFO | FraudShieldAI | Closed MongoDB connection
2026-09-09 14:20:04,862 | INFO | FraudShieldAI | Kafka producer loop cancelled.
2026-09-09 14:20:04,866 | INFO | FraudShieldAI | Kafka producer loop terminated. Produced=1322
2026-09-09 14:20:20,513 | INFO | FraudShieldAI | Connected to MongoDB
2026-09-09 14:41:36,103 | INFO | FraudShieldAI | Closed MongoDB connection
2026-09-09 14:42:01,366 | INFO | FraudShieldAI | Connected to MongoDB
2026-09-09 14:44:56,501 | INFO | FraudShieldAI | Kafka consumer start result: {'started': True, 'message': 'Kafka consumer started successfully.'}
2026-09-09 14:44:56,503 | INFO | FraudShieldAI | Kafka streaming pipeline started.
2026-09-09 14:44:56,579 | INFO | FraudShieldAI | Kafka producer initialized successfully.
2026-09-09 14:44:56,581 | INFO | FraudShieldAI | Kafka producer loop started. interval=2.00s max_transactions=None
2026-09-09 14:44:56,732 | INFO | FraudShieldAI | Produced transaction 2568659a-be2e-479e-aea4-f8ee0f8b3b13 to Kafka (1)
2026-09-09 14:44:58,762 | INFO | FraudShieldAI | Produced transaction 0d42ecab-45fa-478a-a73b-8fa88a762834 to Kafka (2)
2026-09-09 14:45:00,783 | INFO | FraudShieldAI | Produced transaction f8eccf39-b725-496c-ad08-7c3a557ccb9b to Kafka (3)
2026-09-09 14:45:02,782 | INFO | FraudShieldAI | Produced transaction e2afd76d-8835-45d3-bb41-029a5e99d6af to Kafka (4)
2026-09-09 14:45:04,806 | INFO | FraudShieldAI | Produced transaction 7f9aa0af-c675-46a0-aaa0-5f4cdbe50f1d to Kafka (5)
2026-09-09 14:45:06,839 | INFO | FraudShieldAI | Produced transaction 54e9643c-35f7-4419-ac6f-caf13b97408d to Kafka (6)
2026-09-09 14:45:08,843 | INFO | FraudShieldAI | Produced transaction 862a5e1e-1fa5-49cb-b423-1c410b100ce3 to Kafka (7)
2026-09-09 14:45:08,953 | INFO | FraudShieldAI | Stopping Kafka streaming pipeline...
2026-09-09 14:45:08,953 | INFO | FraudShieldAI | Kafka producer loop cancelled.
2026-09-09 14:45:08,955 | INFO | FraudShieldAI | Kafka producer loop terminated. Produced=7
2026-09-09 14:45:08,962 | INFO | FraudShieldAI | Kafka streaming pipeline stopped.
2026-09-09 15:52:17,336 | INFO | FraudShieldAI | Closed MongoDB connection
2026-09-09 15:52:35,218 | INFO | FraudShieldAI | Connected to MongoDB
2026-09-09 15:55:36,701 | INFO | FraudShieldAI | Closed MongoDB connection
2026-09-09 15:55:54,393 | INFO | FraudShieldAI | Connected to MongoDB
2026-09-09 17:08:23,625 | INFO | FraudShieldAI | Closed MongoDB connection
2026-09-09 17:08:44,265 | INFO | FraudShieldAI | Connected to MongoDB
2026-09-09 20:56:50,901 | INFO | FraudShieldAI | Closed MongoDB connection
2026-09-09 20:57:16,303 | INFO | FraudShieldAI | Connected to MongoDB
2026-09-09 21:09:08,337 | INFO | FraudShieldAI | Closed MongoDB connection
2026-09-09 21:09:20,523 | INFO | FraudShieldAI | Connected to MongoDB
2026-09-09 21:19:46,062 | INFO | FraudShieldAI | Kafka consumer start result: {'started': True, 'message': 'Kafka consumer started successfully.'}
2026-09-09 21:19:46,063 | INFO | FraudShieldAI | Kafka streaming pipeline started.
2026-09-09 21:19:46,160 | INFO | FraudShieldAI | Kafka producer initialized successfully.
2026-09-09 21:19:46,162 | INFO | FraudShieldAI | Kafka producer loop started. interval=2.00s max_transactions=None
2026-09-09 21:19:46,483 | INFO | FraudShieldAI | Produced transaction ae6813e7-ed34-4083-b5d6-26b34e228194 to Kafka (1)
2026-09-09 21:19:48,509 | INFO | FraudShieldAI | Produced transaction 742458ae-0fe5-434c-b998-e68d7de8f8d9 to Kafka (2)
2026-09-09 21:19:50,540 | INFO | FraudShieldAI | Produced transaction 7e3e1145-9f85-4ae3-a7d4-152795fd5011 to Kafka (3)
2026-09-09 21:19:52,579 | INFO | FraudShieldAI | Produced transaction 0c13c342-3921-4597-92c8-03e2f8eb28e0 to Kafka (4)
2026-09-09 21:19:54,618 | INFO | FraudShieldAI | Produced transaction e73297bc-7bc2-4dc7-93a1-a8d642f3db0d to Kafka (5)
2026-09-09 21:19:56,653 | INFO | FraudShieldAI | Produced transaction 8de4f977-af55-497b-bf44-249d77da1cac to Kafka (6)
2026-09-09 21:19:58,682 | INFO | FraudShieldAI | Produced transaction bb3c6974-d7aa-4b77-8f81-6ea9f13514e6 to Kafka (7)
2026-09-09 21:20:00,709 | INFO | FraudShieldAI | Produced transaction 2d834f3b-ad7b-4491-bf90-de93fbf1b1b4 to Kafka (8)
2026-09-09 21:20:02,740 | INFO | FraudShieldAI | Produced transaction 6985c590-d363-42a0-a40c-5f7f1abb152a to Kafka (9)
2026-09-09 21:20:04,764 | INFO | FraudShieldAI | Produced transaction bdf3258e-6176-4555-bc06-fd39b887e589 to Kafka (10)
2026-09-09 21:20:07,255 | INFO | FraudShieldAI | Produced transaction 7377d852-475e-44cf-a9fc-05ea4d879285 to Kafka (11)
2026-09-09 21:20:09,292 | INFO | FraudShieldAI | Produced transaction 38a64fa3-f48d-4cb9-9184-8298b2dcf2e4 to Kafka (12)
2026-09-09 21:20:11,314 | INFO | FraudShieldAI | Produced transaction 2e91cd9d-cf74-41ea-8142-60a9d5110ad1 to Kafka (13)
2026-09-09 21:20:13,319 | INFO | FraudShieldAI | Produced transaction e22e45ea-94de-4e34-9b46-3e02b66f9976 to Kafka (14)
2026-09-09 21:20:15,350 | INFO | FraudShieldAI | Produced transaction bf7193e3-d290-4f0d-9f50-acc1aaf2be94 to Kafka (15)
2026-09-09 21:20:17,387 | INFO | FraudShieldAI | Produced transaction 0d97ccbd-bf52-4110-974f-b95351e91fcc to Kafka (16)
2026-09-09 21:20:19,420 | INFO | FraudShieldAI | Produced transaction df707f15-37af-4f48-90f1-16bc67f8638e to Kafka (17)
2026-09-09 21:20:21,455 | INFO | FraudShieldAI | Produced transaction 99de224e-6576-4a05-a9f0-2dfc71209e6d to Kafka (18)
2026-09-09 21:20:23,480 | INFO | FraudShieldAI | Produced transaction 5c0c945f-ada8-4808-9ae4-14ee8632cced to Kafka (19)
2026-09-09 21:20:25,502 | INFO | FraudShieldAI | Produced transaction 24163ef7-56a8-48fd-825e-4d22b123785c to Kafka (20)
2026-09-09 21:20:27,518 | INFO | FraudShieldAI | Produced transaction f7fa532f-0600-4f01-86fe-669ed71e7b16 to Kafka (21)
2026-09-09 21:20:29,547 | INFO | FraudShieldAI | Produced transaction 99579f1a-c37a-46cc-8d24-d4fed2444d4d to Kafka (22)
2026-09-09 21:20:31,551 | INFO | FraudShieldAI | Produced transaction 52d5bee8-1166-45f0-973b-14e7840eefd7 to Kafka (23)
2026-09-09 21:20:32,448 | INFO | FraudShieldAI | Stopping Kafka streaming pipeline...
2026-09-09 21:20:32,449 | INFO | FraudShieldAI | Kafka producer loop cancelled.
2026-09-09 21:20:32,450 | INFO | FraudShieldAI | Kafka producer loop terminated. Produced=23
2026-09-09 21:20:32,455 | INFO | FraudShieldAI | Kafka streaming pipeline stopped.
2026-09-09 21:31:21,201 | INFO | FraudShieldAI | Kafka consumer start result: {'started': False, 'message': 'Kafka consumer is already running.'}
2026-09-09 21:31:21,202 | INFO | FraudShieldAI | Kafka streaming pipeline started.
2026-09-09 21:31:21,258 | INFO | FraudShieldAI | Kafka producer initialized successfully.
2026-09-09 21:31:21,259 | INFO | FraudShieldAI | Kafka producer loop started. interval=2.00s max_transactions=None
2026-09-09 21:31:21,389 | INFO | FraudShieldAI | Produced transaction 0dc1cfc4-f97f-4bf4-885a-0326da1240c6 to Kafka (1)
2026-09-09 21:31:23,413 | INFO | FraudShieldAI | Produced transaction 0e36fabd-fd42-4ca5-b568-cd8e8d25a295 to Kafka (2)
2026-09-09 21:31:25,436 | INFO | FraudShieldAI | Produced transaction 40751214-0ed5-4198-bf62-fcc5407c3930 to Kafka (3)
2026-09-09 21:31:27,452 | INFO | FraudShieldAI | Produced transaction 42d1fae5-db8a-4b34-abbf-c22e2bac4f7a to Kafka (4)
2026-09-09 21:31:29,463 | INFO | FraudShieldAI | Produced transaction a180c5de-fa3c-4d54-b791-49f5b177af71 to Kafka (5)
2026-09-09 21:31:31,483 | INFO | FraudShieldAI | Produced transaction 1a38611e-6c85-443d-bb97-b60d709a86a6 to Kafka (6)
2026-09-09 21:31:33,509 | INFO | FraudShieldAI | Produced transaction e923731c-8af7-40f6-8f90-d6945d76fc11 to Kafka (7)
2026-09-09 21:31:35,539 | INFO | FraudShieldAI | Produced transaction 38e552a1-b533-45c4-89e1-7da7ea121378 to Kafka (8)
2026-09-09 21:31:36,441 | INFO | FraudShieldAI | Stopping Kafka streaming pipeline...
2026-09-09 21:31:36,442 | INFO | FraudShieldAI | Kafka producer loop cancelled.
2026-09-09 21:31:36,443 | INFO | FraudShieldAI | Kafka producer loop terminated. Produced=8
2026-09-09 21:31:36,449 | INFO | FraudShieldAI | Kafka streaming pipeline stopped.
2026-09-09 22:20:15,060 | INFO | FraudShieldAI | Closed MongoDB connection
2026-09-09 22:20:21,349 | INFO | FraudShieldAI | Connected to MongoDB
2026-09-09 22:20:25,904 | INFO | FraudShieldAI | Closed MongoDB connection
2026-09-09 22:20:30,327 | INFO | FraudShieldAI | Connected to MongoDB
2026-09-09 22:21:29,534 | INFO | FraudShieldAI | Closed MongoDB connection
2026-09-09 22:21:33,628 | INFO | FraudShieldAI | Connected to MongoDB
2026-09-09 22:22:54,310 | INFO | FraudShieldAI | Closed MongoDB connection
2026-09-09 22:22:57,873 | INFO | FraudShieldAI | Connected to MongoDB
2026-09-09 22:23:30,018 | INFO | FraudShieldAI | Closed MongoDB connection
2026-09-09 22:23:34,090 | INFO | FraudShieldAI | Connected to MongoDB
2026-09-09 22:25:09,749 | INFO | FraudShieldAI | Closed MongoDB connection
2026-09-09 22:25:17,919 | INFO | FraudShieldAI | Connected to MongoDB
2026-09-09 22:48:59,261 | INFO | FraudShieldAI | Kafka consumer start result: {'started': True, 'message': 'Kafka consumer started successfully.'}
2026-09-09 22:48:59,268 | INFO | FraudShieldAI | Kafka streaming pipeline started.
2026-09-09 22:48:59,354 | INFO | FraudShieldAI | Kafka producer initialized successfully.
2026-09-09 22:48:59,356 | INFO | FraudShieldAI | Kafka producer loop started. interval=2.00s max_transactions=None
2026-09-09 22:48:59,548 | INFO | FraudShieldAI | Produced transaction 3ebd61a0-b374-4de0-b438-22c5f292ec28 to Kafka (1)
2026-09-09 22:49:01,566 | INFO | FraudShieldAI | Produced transaction 231849dd-d1a7-4a5c-a3c2-d3a6ea97a229 to Kafka (2)
2026-09-09 22:49:03,584 | INFO | FraudShieldAI | Produced transaction d46d1f3b-ab79-455c-9266-69bee722f6fb to Kafka (3)
2026-09-09 22:49:05,634 | INFO | FraudShieldAI | Produced transaction 4f3326f7-8a6c-40da-8d75-2fb20dd74848 to Kafka (4)
2026-09-09 22:49:07,646 | INFO | FraudShieldAI | Produced transaction 04fa001d-3e89-4027-ad21-8e3874442fb1 to Kafka (5)
2026-09-09 22:49:09,672 | INFO | FraudShieldAI | Produced transaction f17825be-e6f8-465f-a81d-27a38b168a78 to Kafka (6)
2026-09-09 22:49:11,670 | INFO | FraudShieldAI | Produced transaction 46b0f234-fd0d-4c62-be9a-727aa88c1c2f to Kafka (7)
2026-09-09 22:49:13,674 | INFO | FraudShieldAI | Produced transaction c8ed1ce0-0057-4217-a851-c36fa0aa49e7 to Kafka (8)
2026-09-09 22:49:15,662 | INFO | FraudShieldAI | Produced transaction eecddd5c-b4c9-4b79-b622-b5233bf4eaba to Kafka (9)
2026-09-09 22:49:17,686 | INFO | FraudShieldAI | Produced transaction 795068ec-e5ac-4edc-b121-a30805bab656 to Kafka (10)
2026-09-09 22:49:19,700 | INFO | FraudShieldAI | Produced transaction 83a069b6-4355-4e62-a5fa-6e6dce2c9665 to Kafka (11)
2026-09-09 22:49:21,723 | INFO | FraudShieldAI | Produced transaction e47c5a54-3bf4-4bbe-b641-1bcd9ec91c7c to Kafka (12)
2026-09-09 22:49:23,755 | INFO | FraudShieldAI | Produced transaction 803dd7f5-b8de-430a-85cb-8e5168bc2b83 to Kafka (13)
2026-09-09 22:49:25,787 | INFO | FraudShieldAI | Produced transaction 8045c409-bf5a-4449-b111-f71584f3dc44 to Kafka (14)
2026-09-09 22:49:27,822 | INFO | FraudShieldAI | Produced transaction dc2b1789-4dea-4441-8474-489d36a88749 to Kafka (15)
2026-09-09 22:49:29,848 | INFO | FraudShieldAI | Produced transaction fa51d6d0-0012-46d4-8073-88ff453a7e5a to Kafka (16)
2026-09-09 22:49:31,956 | INFO | FraudShieldAI | Produced transaction e881f170-c56f-49ae-ae74-5a04487f3222 to Kafka (17)
2026-09-09 22:49:33,969 | INFO | FraudShieldAI | Produced transaction aad283f0-69dd-4e9f-8908-af914fc6f326 to Kafka (18)
2026-09-09 22:49:35,992 | INFO | FraudShieldAI | Produced transaction fefa802c-1ad5-480c-8c8f-3cf249b5d1e8 to Kafka (19)
2026-09-09 22:49:38,019 | INFO | FraudShieldAI | Produced transaction 8d033db3-f32f-49e6-b008-0d960b312b67 to Kafka (20)
2026-09-09 22:49:40,030 | INFO | FraudShieldAI | Produced transaction 54c2052a-9ed7-47c0-94b9-df27a5698c51 to Kafka (21)
2026-09-09 22:49:42,039 | INFO | FraudShieldAI | Produced transaction 1c23db7b-693f-4435-97bf-ed711e28043a to Kafka (22)
2026-09-09 22:49:44,054 | INFO | FraudShieldAI | Produced transaction 2936ce95-565f-4029-b90a-fbe0616d057d to Kafka (23)
2026-09-09 22:49:46,079 | INFO | FraudShieldAI | Produced transaction 55a2b0fc-ad1a-4d64-ac00-d745ef760c98 to Kafka (24)
2026-09-09 22:49:48,092 | INFO | FraudShieldAI | Produced transaction 9d9d4dc2-dea5-4ca6-8b6e-42694caf1377 to Kafka (25)
2026-09-09 22:49:50,110 | INFO | FraudShieldAI | Produced transaction eae8b67b-3828-4ebd-b7b2-69b4a52d21ab to Kafka (26)
2026-09-09 22:49:52,130 | INFO | FraudShieldAI | Produced transaction e8501840-907e-4b70-9dbf-65062913487a to Kafka (27)
2026-09-09 22:49:54,146 | INFO | FraudShieldAI | Produced transaction 1542ad1d-bee9-4984-8e69-9aabe068739b to Kafka (28)
2026-09-09 22:49:56,184 | INFO | FraudShieldAI | Produced transaction e294ef6a-a7ae-4623-a08a-4841a8ba712d to Kafka (29)
2026-09-09 22:49:58,216 | INFO | FraudShieldAI | Produced transaction 3e7b3f54-c110-4e50-b139-0e15bc5cd5fc to Kafka (30)
2026-09-09 22:50:00,253 | INFO | FraudShieldAI | Produced transaction da2c498a-9574-4eee-9efc-4a0947f70787 to Kafka (31)
2026-09-09 22:50:02,263 | INFO | FraudShieldAI | Produced transaction 8b3ab00f-4dbf-410b-9d33-9fe3c2cac7a4 to Kafka (32)
2026-09-09 22:50:04,279 | INFO | FraudShieldAI | Produced transaction 6fd405b2-34fc-46f4-9b93-db8920bc5c5c to Kafka (33)
2026-09-09 22:50:06,299 | INFO | FraudShieldAI | Produced transaction 5ef69cd7-52b6-465d-8dba-9d8336785537 to Kafka (34)
2026-09-09 22:50:08,304 | INFO | FraudShieldAI | Produced transaction 8cea9f9c-01d8-4fa3-b814-bf04526c9c5b to Kafka (35)
2026-09-09 22:50:10,339 | INFO | FraudShieldAI | Produced transaction 06a86b0a-5945-4b76-b14e-ab667fdcb2d6 to Kafka (36)
2026-09-09 22:50:12,351 | INFO | FraudShieldAI | Produced transaction 54ff8467-a8b2-4070-ac60-f073b96d128c to Kafka (37)
2026-09-09 22:50:14,356 | INFO | FraudShieldAI | Produced transaction 059d0879-7506-4bbd-ba74-cecc99a88a81 to Kafka (38)
2026-09-09 22:50:16,363 | INFO | FraudShieldAI | Produced transaction ba757300-6e49-4be6-9778-90ae639833b5 to Kafka (39)
2026-09-09 22:50:18,385 | INFO | FraudShieldAI | Produced transaction 6b3e61f0-bc6d-42c3-abf4-e90a4c52c869 to Kafka (40)
2026-09-09 22:50:20,401 | INFO | FraudShieldAI | Produced transaction c0391bc8-0105-4824-a79b-d66f8b47cf3e to Kafka (41)
2026-09-09 22:50:22,430 | INFO | FraudShieldAI | Produced transaction c9988e95-7f74-4927-b226-3917cfa44d25 to Kafka (42)
2026-09-09 22:50:24,463 | INFO | FraudShieldAI | Produced transaction d9e57499-54d0-4642-ae5e-b801ce4f45f4 to Kafka (43)
2026-09-09 22:50:26,487 | INFO | FraudShieldAI | Produced transaction 49fde1a3-044a-486e-96fe-9e4c2e918774 to Kafka (44)
2026-09-09 22:50:28,509 | INFO | FraudShieldAI | Produced transaction 3a14d9e5-bd59-4189-8018-b97bcb6b9129 to Kafka (45)
2026-09-09 22:50:30,535 | INFO | FraudShieldAI | Produced transaction dc9f5824-c283-47c7-a68d-e57cbd139998 to Kafka (46)
2026-09-09 22:50:32,544 | INFO | FraudShieldAI | Produced transaction f6069ffc-1b3a-4d1e-a6c2-a894f4e16ed1 to Kafka (47)
2026-09-09 22:50:34,539 | INFO | FraudShieldAI | Produced transaction 7cb7103b-2281-4f39-a4c2-d8bef661bd4b to Kafka (48)
2026-09-09 22:50:36,543 | INFO | FraudShieldAI | Produced transaction 45ae5ece-a2b6-4452-bb5c-19ec6bae66da to Kafka (49)
2026-09-09 22:50:38,553 | INFO | FraudShieldAI | Produced transaction 6ef56697-a140-4f13-83f8-ef0c845ca768 to Kafka (50)
2026-09-09 22:50:38,993 | INFO | FraudShieldAI | Closed MongoDB connection
2026-09-09 22:50:39,001 | INFO | FraudShieldAI | Kafka producer loop cancelled.
2026-09-09 22:50:39,001 | INFO | FraudShieldAI | Kafka producer loop terminated. Produced=50
2026-09-09 22:59:06,441 | INFO | FraudShieldAI | Connected to MongoDB
2026-09-09 23:20:18,650 | INFO | FraudShieldAI | Kafka consumer start result: {'started': True, 'message': 'Kafka consumer started successfully.'}
2026-09-09 23:20:18,651 | INFO | FraudShieldAI | Kafka streaming pipeline started.
2026-09-09 23:20:18,884 | INFO | FraudShieldAI | Kafka producer initialized successfully.
2026-09-09 23:20:18,915 | INFO | FraudShieldAI | Kafka producer loop started. interval=2.00s max_transactions=None
2026-09-09 23:20:19,191 | INFO | FraudShieldAI | Produced transaction 473805e0-00c4-4c81-b7bd-ebbfaeb02031 to Kafka (1)
2026-09-09 23:20:21,210 | INFO | FraudShieldAI | Produced transaction 91d2c031-a5ba-4fb4-8a3a-484511acd27c to Kafka (2)
2026-09-09 23:20:26,707 | INFO | FraudShieldAI | Produced transaction 067a387b-706f-4822-b763-b1dc47b7e173 to Kafka (3)
2026-09-09 23:20:29,209 | INFO | FraudShieldAI | Produced transaction 1b2b8f2e-2c17-427c-ab1a-cead515a9bcc to Kafka (4)
2026-09-09 23:20:31,287 | INFO | FraudShieldAI | Produced transaction 16835d89-5eb2-456b-adfd-ea346e51e84d to Kafka (5)
2026-09-09 23:20:33,335 | INFO | FraudShieldAI | Produced transaction d73af535-7620-411c-adc9-2db3d14c0106 to Kafka (6)
2026-09-09 23:20:35,361 | INFO | FraudShieldAI | Produced transaction d348ebc8-718f-4dec-9f6b-63152cb86db1 to Kafka (7)
2026-09-09 23:20:37,376 | INFO | FraudShieldAI | Produced transaction fcf19fec-e822-42e0-a566-c3d9f8d1af1e to Kafka (8)
2026-09-09 23:20:39,422 | INFO | FraudShieldAI | Produced transaction f272bcd4-c36f-4e29-8a4e-a2e0f9447fee to Kafka (9)
2026-09-09 23:20:41,441 | INFO | FraudShieldAI | Produced transaction d71b7b59-dd75-4ed2-8901-4a692ebad180 to Kafka (10)
2026-09-09 23:20:43,448 | INFO | FraudShieldAI | Produced transaction a9d55935-9e3e-4184-8f53-39240596528f to Kafka (11)
2026-09-09 23:20:45,465 | INFO | FraudShieldAI | Produced transaction 1f916eef-518f-4b7a-960c-1739ae5153be to Kafka (12)
2026-09-09 23:20:47,497 | INFO | FraudShieldAI | Produced transaction 92198998-184a-471e-ba4f-e5a530f3657e to Kafka (13)
2026-09-09 23:20:49,530 | INFO | FraudShieldAI | Produced transaction 2b91178e-81de-4251-a7f2-99ac8fc8322b to Kafka (14)
2026-09-09 23:20:51,551 | INFO | FraudShieldAI | Produced transaction 24ca7761-3e96-4c53-b810-34b61068f442 to Kafka (15)
2026-09-09 23:20:55,025 | INFO | FraudShieldAI | Produced transaction 5242c51d-a5ed-43df-8db4-43d48c618756 to Kafka (16)
2026-09-09 23:20:57,053 | INFO | FraudShieldAI | Produced transaction 917cc332-7a23-4b30-98d4-02b43d74bbca to Kafka (17)
2026-09-09 23:20:59,098 | INFO | FraudShieldAI | Produced transaction a97ba8a9-dfe4-46c6-ae9a-899680909ae4 to Kafka (18)
2026-09-09 23:21:01,105 | INFO | FraudShieldAI | Produced transaction 7f38a66f-8df9-4fdf-8b73-b72c1cdbcb20 to Kafka (19)
2026-09-09 23:21:03,471 | INFO | FraudShieldAI | Produced transaction a89c3f04-e5df-48bc-87c3-d9ce6d50af4b to Kafka (20)
2026-09-09 23:21:06,734 | INFO | FraudShieldAI | Produced transaction 50488637-8a1b-4f21-80e9-e291eac8a8bd to Kafka (21)
2026-09-09 23:21:08,749 | INFO | FraudShieldAI | Produced transaction e7fcf280-2810-4a58-b0b9-8b07f45febe7 to Kafka (22)
2026-09-09 23:21:10,759 | INFO | FraudShieldAI | Produced transaction befa7c5d-d134-4f18-be16-bdc11bc755ab to Kafka (23)
2026-09-09 23:21:12,801 | INFO | FraudShieldAI | Produced transaction 77dd2883-7f38-40f8-83a2-209799fd7eae to Kafka (24)
2026-09-09 23:21:14,825 | INFO | FraudShieldAI | Produced transaction 5ba04b7d-2343-4881-9c58-dc9f501366fe to Kafka (25)
2026-09-09 23:21:16,832 | INFO | FraudShieldAI | Produced transaction decbe884-e97b-456a-9b79-349e529e1b35 to Kafka (26)
2026-09-09 23:21:18,834 | INFO | FraudShieldAI | Produced transaction 2746aa55-7529-4923-a966-d40380464ca9 to Kafka (27)
2026-09-09 23:21:20,856 | INFO | FraudShieldAI | Produced transaction 3a18cbd0-4cfc-4add-9cc9-3ba9ae3ca831 to Kafka (28)
2026-09-09 23:21:22,870 | INFO | FraudShieldAI | Produced transaction 57961069-87df-406f-887f-3babda859c46 to Kafka (29)
2026-09-09 23:21:24,918 | INFO | FraudShieldAI | Produced transaction 917d44ca-ae60-473d-ae38-707687d95fd5 to Kafka (30)
2026-09-09 23:21:26,947 | INFO | FraudShieldAI | Produced transaction 4e5a221a-301f-45ea-b444-d4ec6416f192 to Kafka (31)
2026-09-09 23:21:28,951 | INFO | FraudShieldAI | Produced transaction 3fd65a41-d655-4564-8f8a-976d26b9824a to Kafka (32)
2026-09-09 23:21:30,979 | INFO | FraudShieldAI | Produced transaction 4eb67f39-1521-4fad-9af5-7ba714719e87 to Kafka (33)
2026-09-09 23:21:33,019 | INFO | FraudShieldAI | Produced transaction 392d9050-e9a2-412b-a13f-84382467e52a to Kafka (34)
2026-09-09 23:21:35,515 | INFO | FraudShieldAI | Produced transaction d1c3ba65-08cd-4bbd-9d6b-d43c88eff402 to Kafka (35)
2026-09-09 23:21:37,527 | INFO | FraudShieldAI | Produced transaction 4f28f75e-c270-456d-9db1-c3537559fd01 to Kafka (36)
2026-09-09 23:21:39,559 | INFO | FraudShieldAI | Produced transaction 51f0f478-5611-4772-93bd-bc68bf6216ed to Kafka (37)
2026-09-09 23:21:41,595 | INFO | FraudShieldAI | Produced transaction f1f18862-5f87-4f55-92af-fa8f4454f825 to Kafka (38)
2026-09-09 23:21:43,753 | INFO | FraudShieldAI | Produced transaction fdd90348-f401-44c6-9a96-2941ad9611bd to Kafka (39)
2026-09-09 23:21:46,891 | INFO | FraudShieldAI | Produced transaction 483d372e-152b-4d01-a984-30d3ddc11cb9 to Kafka (40)
2026-09-09 23:21:48,906 | INFO | FraudShieldAI | Produced transaction b8d59244-4052-4949-b5b7-d498cb971fea to Kafka (41)
2026-09-09 23:21:50,919 | INFO | FraudShieldAI | Produced transaction a51c4c16-1818-4849-93b0-ce75755a55b0 to Kafka (42)
2026-09-09 23:21:52,943 | INFO | FraudShieldAI | Produced transaction 9c30e85f-8696-4356-becc-750f36a2131f to Kafka (43)
2026-09-09 23:21:54,974 | INFO | FraudShieldAI | Produced transaction fb79b37d-aeb9-483f-9bca-564abb063aa0 to Kafka (44)
2026-09-09 23:21:57,006 | INFO | FraudShieldAI | Produced transaction 1cb012a5-f2a9-4d5e-8a4c-b3052f250de9 to Kafka (45)
2026-09-09 23:21:59,026 | INFO | FraudShieldAI | Produced transaction ada6fa12-28f4-4bf3-a896-2e1acee1d966 to Kafka (46)
2026-09-09 23:22:01,041 | INFO | FraudShieldAI | Produced transaction 3b229ba8-55a4-40c0-bf55-5365298e67ec to Kafka (47)
2026-09-09 23:22:04,546 | INFO | FraudShieldAI | Produced transaction 86cf7f03-62ea-444c-b093-bd9425e329c1 to Kafka (48)
2026-09-09 23:22:06,701 | INFO | FraudShieldAI | Produced transaction 38d30244-9abc-43d7-84ef-b02a8daa8133 to Kafka (49)
2026-09-09 23:22:08,714 | INFO | FraudShieldAI | Produced transaction bebc7808-2ef8-4ad9-94df-a0002be00c35 to Kafka (50)
2026-09-09 23:22:10,727 | INFO | FraudShieldAI | Produced transaction 6a1ab4d0-8456-44e6-868e-8f2a64f97902 to Kafka (51)
2026-09-09 23:22:15,122 | INFO | FraudShieldAI | Produced transaction 3b74965f-a913-49ca-b947-244eda8be339 to Kafka (52)
2026-09-09 23:22:17,147 | INFO | FraudShieldAI | Produced transaction 77312232-8013-49a4-a890-23e1aae409e6 to Kafka (53)
2026-09-09 23:22:19,183 | INFO | FraudShieldAI | Produced transaction 6abe5936-9e47-4220-a9d1-87b80cd5ac7b to Kafka (54)
2026-09-09 23:22:21,231 | INFO | FraudShieldAI | Produced transaction 32783b92-0a18-452b-8b1c-db8648f2e55b to Kafka (55)
2026-09-09 23:22:23,480 | INFO | FraudShieldAI | Produced transaction d6cebbcd-60fb-472f-8792-cabc377c77bd to Kafka (56)
2026-09-09 23:22:25,489 | INFO | FraudShieldAI | Produced transaction 703dd339-a901-4436-816a-03aaa70cd46f to Kafka (57)
2026-09-09 23:22:27,510 | INFO | FraudShieldAI | Produced transaction 0ae691f6-2982-4237-b685-df8e31691b67 to Kafka (58)
2026-09-09 23:22:29,562 | INFO | FraudShieldAI | Produced transaction a139e7ab-d39b-45e5-b317-e0e17a4781f6 to Kafka (59)
2026-09-09 23:22:32,588 | INFO | FraudShieldAI | Produced transaction e601ce82-4ac0-46ad-a5dc-a9e615752d83 to Kafka (60)
2026-09-09 23:22:34,615 | INFO | FraudShieldAI | Produced transaction 3b4a79ab-5681-44df-9338-3d844ffa27e2 to Kafka (61)
2026-09-09 23:22:37,307 | INFO | FraudShieldAI | Produced transaction 9b137edf-a7a4-4d4b-a861-29facab6c9a4 to Kafka (62)
2026-09-09 23:22:39,343 | INFO | FraudShieldAI | Produced transaction 95c3a768-4963-4302-b41b-2f6bf365e1bb to Kafka (63)
2026-09-09 23:22:41,366 | INFO | FraudShieldAI | Produced transaction 76b847cf-9fce-46a2-bfc4-763e4e2d0ccb to Kafka (64)
2026-09-09 23:22:43,822 | INFO | FraudShieldAI | Produced transaction d9de4209-86c2-41f8-b85b-cbef61c14e83 to Kafka (65)
2026-09-09 23:22:45,877 | INFO | FraudShieldAI | Produced transaction 8ba64990-38a9-4b14-8f2c-14e1a9517ba2 to Kafka (66)
2026-09-09 23:22:47,937 | INFO | FraudShieldAI | Produced transaction 5bfb3f97-fac9-41e5-8173-635a7eb4323e to Kafka (67)
2026-09-09 23:22:50,023 | INFO | FraudShieldAI | Produced transaction eebded7a-d3bb-4aad-a130-6000236a3514 to Kafka (68)
2026-09-09 23:22:52,414 | INFO | FraudShieldAI | Produced transaction df3d45cd-cbe6-4f6f-8078-f8b520ef5216 to Kafka (69)
2026-09-09 23:22:54,607 | INFO | FraudShieldAI | Produced transaction 53c54031-1f18-4354-b4fb-53ef5a2a6518 to Kafka (70)
2026-09-09 23:22:56,712 | INFO | FraudShieldAI | Produced transaction d3aa7a44-53f8-4895-bd57-1c2a8f3bd9a0 to Kafka (71)
2026-09-09 23:22:58,735 | INFO | FraudShieldAI | Produced transaction adfbee22-02b7-4534-aa89-80308b8008cc to Kafka (72)
2026-09-09 23:23:00,752 | INFO | FraudShieldAI | Produced transaction b2970c6c-b7c7-4f95-aad7-cf13a9e78399 to Kafka (73)
2026-09-09 23:23:03,136 | INFO | FraudShieldAI | Produced transaction bed365d6-e57d-4587-a57d-ea78f7ea4f18 to Kafka (74)
2026-09-09 23:23:05,185 | INFO | FraudShieldAI | Produced transaction 0cd90c17-a767-42d6-9071-92aab8f33751 to Kafka (75)
2026-09-09 23:23:07,510 | INFO | FraudShieldAI | Produced transaction 051d5346-ffea-4cf3-a761-9f83396c832c to Kafka (76)
2026-09-09 23:23:09,545 | INFO | FraudShieldAI | Produced transaction a66e11ea-5415-4bb4-a2fb-d0bc88b748e1 to Kafka (77)
2026-09-09 23:23:11,569 | INFO | FraudShieldAI | Produced transaction 64eb3da4-51c3-4e2d-a650-3721fe4fcb53 to Kafka (78)
2026-09-09 23:23:15,753 | INFO | FraudShieldAI | Produced transaction 166a8594-094a-4beb-b892-90a391b45035 to Kafka (79)
2026-09-09 23:23:17,801 | INFO | FraudShieldAI | Produced transaction 18978c7b-e10b-45b7-983a-ad081d84ae81 to Kafka (80)
2026-09-09 23:23:19,837 | INFO | FraudShieldAI | Produced transaction 5e089d71-221f-4d13-b668-7c0d8df7e6ef to Kafka (81)
2026-09-09 23:23:22,088 | INFO | FraudShieldAI | Produced transaction 2ed1ac39-dba7-4931-a417-9ced77a67ded to Kafka (82)
2026-09-09 23:23:24,140 | INFO | FraudShieldAI | Produced transaction 022b41fd-0e2c-4129-8607-0f6f756a3083 to Kafka (83)
2026-09-09 23:23:26,376 | INFO | FraudShieldAI | Produced transaction 8eb310e1-72c6-49cd-9c1e-9d8c32be750d to Kafka (84)
2026-09-09 23:23:28,403 | INFO | FraudShieldAI | Produced transaction f0ceeb53-f58a-45a1-949a-306c04eda3b5 to Kafka (85)
2026-09-09 23:23:30,424 | INFO | FraudShieldAI | Produced transaction 755d11d3-3151-4142-b1ed-184024cac0af to Kafka (86)
2026-09-09 23:23:32,447 | INFO | FraudShieldAI | Produced transaction ec2f058d-87ce-417d-8eaa-912678b24460 to Kafka (87)
2026-09-09 23:23:34,494 | INFO | FraudShieldAI | Produced transaction 969db0ae-429b-4db8-b316-5a1765d7e1a4 to Kafka (88)
2026-09-09 23:23:36,505 | INFO | FraudShieldAI | Produced transaction ac24224d-d58c-4ec7-ab6f-6a1f21e01932 to Kafka (89)
2026-09-09 23:23:38,523 | INFO | FraudShieldAI | Produced transaction a004915e-4c1f-47b8-8bd8-cb5dc6b9209c to Kafka (90)
2026-09-09 23:23:40,544 | INFO | FraudShieldAI | Produced transaction 9ce6cd89-cc24-48bd-b0bc-40be75a46932 to Kafka (91)
2026-09-09 23:23:42,639 | INFO | FraudShieldAI | Produced transaction de28d013-bbd3-41cf-bd4c-0c2cb653ae6b to Kafka (92)
2026-09-09 23:23:44,696 | INFO | FraudShieldAI | Produced transaction 815f6eb7-6c75-4c00-b32d-548f0cb48fd7 to Kafka (93)
2026-09-09 23:23:47,691 | INFO | FraudShieldAI | Produced transaction c669751e-2e63-40c3-bd72-c0c60739bd8d to Kafka (94)
2026-09-09 23:23:49,700 | INFO | FraudShieldAI | Produced transaction 74258bab-361f-4f40-858a-7213c50107be to Kafka (95)
2026-09-09 23:23:51,884 | INFO | FraudShieldAI | Produced transaction cc1a65f8-a81d-44f6-8759-d10813fafc4d to Kafka (96)
2026-09-09 23:23:53,908 | INFO | FraudShieldAI | Produced transaction 404b2bca-92ee-4f36-9f9b-d84f34690763 to Kafka (97)
2026-09-09 23:23:55,929 | INFO | FraudShieldAI | Produced transaction 21e7c45c-b29f-4d6c-a235-15d2ce4ec324 to Kafka (98)
2026-09-09 23:23:58,177 | INFO | FraudShieldAI | Produced transaction fe0fcfed-8d9f-46e4-942c-918f513e315c to Kafka (99)
2026-09-09 23:24:00,731 | INFO | FraudShieldAI | Produced transaction 34414f44-05e4-48d1-be15-45154cad0c38 to Kafka (100)
2026-09-09 23:24:03,071 | INFO | FraudShieldAI | Produced transaction a8a3d711-ba43-45f0-8820-c1ea54b6b53e to Kafka (101)
2026-09-09 23:24:05,307 | INFO | FraudShieldAI | Produced transaction acdead3d-c20d-4bc5-93ca-053fe2569241 to Kafka (102)
2026-09-09 23:24:07,332 | INFO | FraudShieldAI | Produced transaction 548b5807-46a5-4fd9-ba0e-74fff3e9a423 to Kafka (103)
2026-09-09 23:24:09,615 | INFO | FraudShieldAI | Produced transaction ed24a939-ac35-4fd8-9909-256d06316d05 to Kafka (104)
2026-09-09 23:24:12,958 | INFO | FraudShieldAI | Produced transaction 8f97497f-f040-4893-8aa4-d129d288e084 to Kafka (105)
2026-09-09 23:24:16,120 | INFO | FraudShieldAI | Produced transaction 93ab35a0-4d15-47dc-a73a-d22557b75405 to Kafka (106)
2026-09-09 23:24:18,253 | INFO | FraudShieldAI | Produced transaction b3871bbc-f00f-450d-9e2c-02b10836fe17 to Kafka (107)
2026-09-09 23:24:23,125 | INFO | FraudShieldAI | Produced transaction 91959f8e-1e20-4deb-9f4a-beb1757c489c to Kafka (108)
2026-09-09 23:24:27,249 | INFO | FraudShieldAI | Produced transaction 73b2dabc-8dd3-42f9-ba30-caf2d5c8b4f6 to Kafka (109)
2026-09-09 23:24:29,269 | INFO | FraudShieldAI | Produced transaction 4b6a595b-4a3f-41f0-b591-85f7387e1498 to Kafka (110)
2026-09-09 23:24:31,420 | INFO | FraudShieldAI | Produced transaction 8253fb05-edee-4e11-b7a8-cd658de8702e to Kafka (111)
2026-09-09 23:24:35,183 | INFO | FraudShieldAI | Produced transaction 533d6311-0ba8-4e27-9fc2-609f570ba95e to Kafka (112)
2026-09-09 23:24:37,291 | INFO | FraudShieldAI | Produced transaction ec513e8e-75f3-45e2-93fa-93d0925c086f to Kafka (113)
2026-09-09 23:24:39,345 | INFO | FraudShieldAI | Produced transaction 776bdfb0-afe8-4712-a8e3-482774992dcc to Kafka (114)
2026-09-09 23:24:41,387 | INFO | FraudShieldAI | Produced transaction 4c909040-ecc1-46ff-96f8-8199fea46e0a to Kafka (115)
2026-09-09 23:24:43,427 | INFO | FraudShieldAI | Produced transaction 6c4bfabd-cae2-44c9-9d1e-30c470cd35b3 to Kafka (116)
2026-09-09 23:24:45,883 | INFO | FraudShieldAI | Produced transaction 94086ab8-d195-4459-8208-0b134f155973 to Kafka (117)
2026-09-09 23:24:48,315 | INFO | FraudShieldAI | Produced transaction 0763e911-e249-4c66-8205-2fdceb96bda8 to Kafka (118)
2026-09-09 23:24:50,377 | INFO | FraudShieldAI | Produced transaction bdbad387-712c-4bec-85bb-2bc2ae7bc544 to Kafka (119)
2026-09-09 23:24:52,483 | INFO | FraudShieldAI | Produced transaction 95d78fd8-b673-4b86-ab77-bdb0cac27a66 to Kafka (120)
2026-09-09 23:24:56,337 | INFO | FraudShieldAI | Produced transaction 76a71f7e-f4dd-4bed-ab44-a36abb7c6409 to Kafka (121)
2026-09-09 23:24:58,361 | INFO | FraudShieldAI | Produced transaction ae540051-0c27-40c0-9444-2a7f54410bc9 to Kafka (122)
2026-09-09 23:25:00,382 | INFO | FraudShieldAI | Produced transaction 52a6737d-7e7b-4323-80a4-3a71e0aa94dd to Kafka (123)
2026-09-09 23:25:02,392 | INFO | FraudShieldAI | Produced transaction 2174f4aa-1222-42f4-90c4-62c488fbcb1f to Kafka (124)
2026-09-09 23:25:04,393 | INFO | FraudShieldAI | Produced transaction ddbaf991-8719-41f2-b5e5-43aa17cdb7de to Kafka (125)
2026-09-09 23:25:06,419 | INFO | FraudShieldAI | Produced transaction 4b32a651-7e2d-4139-8af1-68dcfbd20cb4 to Kafka (126)
2026-09-09 23:25:08,418 | INFO | FraudShieldAI | Produced transaction 25d9d3cd-9deb-4fc7-aa83-5ccc451ad058 to Kafka (127)
2026-09-09 23:25:11,085 | INFO | FraudShieldAI | Produced transaction 3cebc02c-c7a5-470a-8859-d8ffd1b4feb8 to Kafka (128)
2026-09-09 23:25:13,106 | INFO | FraudShieldAI | Produced transaction d5dbc090-6e07-4fb5-8bde-20a38b2dda07 to Kafka (129)
2026-09-09 23:25:15,140 | INFO | FraudShieldAI | Produced transaction 7fbd0251-8dfb-43d2-9f6a-554e8dc32da3 to Kafka (130)
2026-09-09 23:25:17,204 | INFO | FraudShieldAI | Produced transaction e07ce488-1f90-4f17-b9d5-808e5d2b7470 to Kafka (131)
2026-09-09 23:25:19,202 | INFO | FraudShieldAI | Produced transaction 4667f810-a679-4777-9632-41c5e4e36966 to Kafka (132)
2026-09-09 23:25:21,215 | INFO | FraudShieldAI | Produced transaction 1f8913ac-293a-40ef-899f-38bc79a2da36 to Kafka (133)
2026-09-09 23:25:23,244 | INFO | FraudShieldAI | Produced transaction f6b4d5dd-83fb-4f2c-943f-5075870bbeab to Kafka (134)
2026-09-09 23:25:25,277 | INFO | FraudShieldAI | Produced transaction 490b25b1-62e5-4d40-abf9-adc4fd94660c to Kafka (135)
2026-09-09 23:25:27,301 | INFO | FraudShieldAI | Produced transaction 53499395-83bc-4232-b43d-935ba8d7d4c3 to Kafka (136)
2026-09-09 23:25:29,336 | INFO | FraudShieldAI | Produced transaction f8a3d566-3b8a-4db0-b16c-e62d1d85d931 to Kafka (137)
2026-09-09 23:25:31,361 | INFO | FraudShieldAI | Produced transaction 57f9dff8-957c-4b4f-aad7-aa194f373d64 to Kafka (138)
2026-09-09 23:25:33,864 | INFO | FraudShieldAI | Produced transaction ac114ec4-2615-447e-8e6c-d65218fc686e to Kafka (139)
2026-09-09 23:25:35,888 | INFO | FraudShieldAI | Produced transaction 346e2a7c-7c23-4894-9ac7-e03d5ba4bc89 to Kafka (140)
2026-09-09 23:25:37,905 | INFO | FraudShieldAI | Produced transaction ffa4334d-90ac-4f14-9e98-02ac930dc009 to Kafka (141)
2026-09-09 23:25:40,096 | INFO | FraudShieldAI | Produced transaction af881cd2-5143-44e5-9025-f718b69ea0c4 to Kafka (142)
2026-09-09 23:25:42,334 | INFO | FraudShieldAI | Produced transaction b9839405-6e92-4aec-8f3f-3d5933326082 to Kafka (143)
2026-09-09 23:25:44,508 | INFO | FraudShieldAI | Produced transaction 091df06a-524e-48a3-a1c6-fdabb7e8ef77 to Kafka (144)
2026-09-09 23:25:46,557 | INFO | FraudShieldAI | Produced transaction 19d6d1c6-817b-40c4-815f-8deeff9dba03 to Kafka (145)
2026-09-09 23:25:48,680 | INFO | FraudShieldAI | Produced transaction 3c339d27-1a72-49a6-8b4a-6b9b88ccd60d to Kafka (146)
2026-09-09 23:25:50,712 | INFO | FraudShieldAI | Produced transaction 8326d2c3-d818-4651-a5bf-3aec6fd0f268 to Kafka (147)
2026-09-09 23:25:52,743 | INFO | FraudShieldAI | Produced transaction d4cf1e97-b451-43e9-be67-d60a6fad2c8b to Kafka (148)
2026-09-09 23:25:54,776 | INFO | FraudShieldAI | Produced transaction 74b15d81-bc9b-4056-96b6-3d996bf65830 to Kafka (149)
2026-09-09 23:25:56,995 | INFO | FraudShieldAI | Produced transaction 946a8a89-62af-4fc2-9307-980b57035367 to Kafka (150)
2026-09-09 23:25:59,018 | INFO | FraudShieldAI | Produced transaction 79752df6-a891-44ec-9ae3-fccce6bc21dc to Kafka (151)
2026-09-09 23:26:01,067 | INFO | FraudShieldAI | Produced transaction 4b50abae-dbd7-413e-8859-d0716011e4b8 to Kafka (152)
2026-09-09 23:26:03,111 | INFO | FraudShieldAI | Produced transaction 5e9d608b-75af-425b-85b8-376a05e64bec to Kafka (153)
2026-09-09 23:26:05,125 | INFO | FraudShieldAI | Produced transaction 804b014e-072e-4214-9e50-1d7ac9dffaab to Kafka (154)
2026-09-09 23:26:07,150 | INFO | FraudShieldAI | Produced transaction 4e39cf97-8e66-43fd-9ed3-0f4643ed7ab5 to Kafka (155)
2026-09-09 23:26:09,176 | INFO | FraudShieldAI | Produced transaction 7d223bc3-491c-44b5-85d1-dbfbcb4ea430 to Kafka (156)
2026-09-09 23:26:11,366 | INFO | FraudShieldAI | Produced transaction 9476a809-1d4e-495f-bac0-fc454d201e99 to Kafka (157)
2026-09-09 23:26:13,414 | INFO | FraudShieldAI | Produced transaction 034c6191-ed85-4c64-8d4f-dc302eaacf59 to Kafka (158)
2026-09-09 23:26:15,456 | INFO | FraudShieldAI | Produced transaction b0e9c5dd-ddf8-42c5-8aaf-e181494ef181 to Kafka (159)
2026-09-09 23:26:17,477 | INFO | FraudShieldAI | Produced transaction 64221cf6-449a-4a00-9aee-cd85233afc73 to Kafka (160)
2026-09-09 23:26:20,059 | INFO | FraudShieldAI | Produced transaction 0a582666-43a5-4afd-b95b-8774cecc66bd to Kafka (161)
2026-09-09 23:26:22,323 | INFO | FraudShieldAI | Produced transaction e10f51ca-cee5-4f10-98e1-b6578b6a7608 to Kafka (162)
2026-09-09 23:26:24,332 | INFO | FraudShieldAI | Produced transaction 43a85f2c-59be-4e52-a7b4-b2b7f23b2e02 to Kafka (163)
2026-09-09 23:26:26,355 | INFO | FraudShieldAI | Produced transaction b4ffa54b-784c-42bb-93bc-62da502f7e8c to Kafka (164)
2026-09-09 23:26:28,376 | INFO | FraudShieldAI | Produced transaction 2500d3d0-2111-4812-86af-635e67b9cb31 to Kafka (165)
2026-09-09 23:26:30,391 | INFO | FraudShieldAI | Produced transaction 488339bf-7467-4ba7-8040-818aef09927d to Kafka (166)
2026-09-09 23:26:32,425 | INFO | FraudShieldAI | Produced transaction cfe70680-6ebf-4cc3-8a27-3335f8be9c35 to Kafka (167)
2026-09-09 23:26:34,452 | INFO | FraudShieldAI | Produced transaction ad4687cb-9cb2-4421-ab36-43697f7df3f0 to Kafka (168)
2026-09-09 23:26:36,460 | INFO | FraudShieldAI | Produced transaction 27c0eaa8-a993-4267-8073-144d45498440 to Kafka (169)
2026-09-09 23:26:38,496 | INFO | FraudShieldAI | Produced transaction bd448184-c1ef-4753-909e-10e7f75de2c9 to Kafka (170)
2026-09-09 23:26:40,525 | INFO | FraudShieldAI | Produced transaction 22348ef0-3845-4671-9b2f-7b6048925ac7 to Kafka (171)
2026-09-09 23:26:42,569 | INFO | FraudShieldAI | Produced transaction ddf7f8b9-4695-4164-a228-69fb52290488 to Kafka (172)
2026-09-09 23:26:52,026 | INFO | FraudShieldAI | Produced transaction eb9cc92d-790f-4634-8ead-666141977252 to Kafka (173)
2026-09-09 23:26:54,074 | INFO | FraudShieldAI | Produced transaction 6d6cb477-e517-4fb1-bdc3-325ee9b32229 to Kafka (174)
2026-09-09 23:26:56,081 | INFO | FraudShieldAI | Produced transaction 51346b37-35e5-4d0d-9956-c54b93cdaded to Kafka (175)
2026-09-09 23:26:58,073 | INFO | FraudShieldAI | Produced transaction 73161584-7d5d-4f33-bc27-353b8862e75e to Kafka (176)
2026-09-09 23:27:00,223 | INFO | FraudShieldAI | Produced transaction f786102a-d607-49f5-8791-06d5e2a3e9be to Kafka (177)
2026-09-09 23:27:02,362 | INFO | FraudShieldAI | Produced transaction 9f3ff607-5e6f-47c9-a110-f649b54dd1b2 to Kafka (178)
2026-09-09 23:27:04,389 | INFO | FraudShieldAI | Produced transaction 14642d8f-4ec6-4c41-89f5-b83cf4b37ef3 to Kafka (179)
2026-09-09 23:27:06,412 | INFO | FraudShieldAI | Produced transaction 7031db73-ee0b-4b53-a666-a3ff505a5843 to Kafka (180)
2026-09-09 23:27:09,114 | INFO | FraudShieldAI | Produced transaction 33fba91c-1cae-46d1-8d57-cd217ab13907 to Kafka (181)
2026-09-09 23:27:13,814 | INFO | FraudShieldAI | Produced transaction ebed2bb3-717c-43da-82bf-b3b02029a15f to Kafka (182)
2026-09-09 23:27:15,838 | INFO | FraudShieldAI | Produced transaction 0a42501b-8ed8-4e8f-a16e-a1c26f1a9231 to Kafka (183)
2026-09-09 23:27:17,862 | INFO | FraudShieldAI | Produced transaction 6b4487f8-1f51-42f4-bf66-da998cd7e987 to Kafka (184)
2026-09-09 23:27:20,264 | INFO | FraudShieldAI | Produced transaction d2290bf1-233f-42ea-9437-ae547b31f5ab to Kafka (185)
2026-09-09 23:27:23,515 | INFO | FraudShieldAI | Produced transaction fd70bc9b-33a7-4ae6-a330-6d26d1b6fd2c to Kafka (186)
2026-09-09 23:27:25,533 | INFO | FraudShieldAI | Produced transaction b8e77c62-f78a-4f68-b938-83722ea5d660 to Kafka (187)
2026-09-09 23:27:27,547 | INFO | FraudShieldAI | Produced transaction 38e66125-e7b8-44e6-93e3-06fbbc96dff8 to Kafka (188)
2026-09-09 23:27:29,561 | INFO | FraudShieldAI | Produced transaction ef047017-3981-4ee5-9c13-7714515452fb to Kafka (189)
2026-09-09 23:27:31,586 | INFO | FraudShieldAI | Produced transaction 9288eb9e-a04b-469d-b15e-2a169e894834 to Kafka (190)
2026-09-09 23:27:33,611 | INFO | FraudShieldAI | Produced transaction 97cf507a-b3e8-4560-9130-23366e5021a3 to Kafka (191)
2026-09-09 23:27:37,271 | INFO | FraudShieldAI | Produced transaction 6b20e998-eb8f-4744-93c0-8358016662a3 to Kafka (192)
2026-09-09 23:27:39,318 | INFO | FraudShieldAI | Produced transaction 0045129f-0334-4ba1-9307-db26038d05b3 to Kafka (193)
2026-09-09 23:27:42,633 | INFO | FraudShieldAI | Produced transaction 3c749991-a66e-4fc8-964e-1e1402c08fa7 to Kafka (194)
2026-09-09 23:27:47,922 | INFO | FraudShieldAI | Produced transaction 1de2da1f-1ebb-4ae6-8cf6-9441af9b28b5 to Kafka (195)
2026-09-09 23:27:51,330 | INFO | FraudShieldAI | Produced transaction c3efa06f-03f3-461a-a156-0dc4f366a85a to Kafka (196)
2026-09-09 23:27:53,488 | INFO | FraudShieldAI | Produced transaction ef65959e-1691-4299-8251-c5382cc147ad to Kafka (197)
2026-09-09 23:27:55,504 | INFO | FraudShieldAI | Produced transaction f54fd51f-4ff6-411e-81ef-f833c4a3baad to Kafka (198)
2026-09-09 23:27:57,602 | INFO | FraudShieldAI | Produced transaction 279b8baf-fdb7-4c37-b887-b51ee8ca2ff8 to Kafka (199)
2026-09-09 23:27:59,651 | INFO | FraudShieldAI | Produced transaction 39dee817-e61c-4888-808f-b5f7575b8333 to Kafka (200)
2026-09-09 23:28:01,675 | INFO | FraudShieldAI | Produced transaction ed0c5333-c209-48e4-9082-d1809afad704 to Kafka (201)
2026-09-09 23:28:03,681 | INFO | FraudShieldAI | Produced transaction cc108803-0ffe-4be2-a65a-cc2c4f479f0d to Kafka (202)
2026-09-09 23:28:05,699 | INFO | FraudShieldAI | Produced transaction 0e6f3b6e-4ab0-4014-9d6d-86088cbb9fb2 to Kafka (203)
2026-09-09 23:28:11,116 | INFO | FraudShieldAI | Produced transaction 08e3b50d-1143-4f3b-b9bc-82a9d4abd60a to Kafka (204)
2026-09-09 23:28:13,139 | INFO | FraudShieldAI | Produced transaction 3984fefb-c42d-4877-b84c-86bd47389f83 to Kafka (205)
2026-09-09 23:28:15,157 | INFO | FraudShieldAI | Produced transaction 2d9ba640-bdc8-4e6c-b516-9e3a909a5f01 to Kafka (206)
2026-09-09 23:28:17,191 | INFO | FraudShieldAI | Produced transaction 09926fa2-4c42-4263-85c7-8718ae6a0f4a to Kafka (207)
2026-09-09 23:28:19,192 | INFO | FraudShieldAI | Produced transaction 3df6ae89-a3fe-4f5c-811f-ed0e5c257a26 to Kafka (208)
2026-09-09 23:28:22,041 | INFO | FraudShieldAI | Produced transaction bc116312-7c34-4ce1-b975-028237d96ac2 to Kafka (209)
2026-09-09 23:28:25,575 | INFO | FraudShieldAI | Produced transaction 61bc5879-13f8-4e58-b973-149ad21c06fa to Kafka (210)
2026-09-09 23:28:27,596 | INFO | FraudShieldAI | Produced transaction 361df118-8f83-4545-b668-df57c3b24c31 to Kafka (211)
2026-09-09 23:28:29,638 | INFO | FraudShieldAI | Produced transaction b0132fe8-08c2-4ecd-9c2b-04d40cc71630 to Kafka (212)
2026-09-09 23:28:31,670 | INFO | FraudShieldAI | Produced transaction 808a2e21-096d-40b6-b63a-5be0b5f41307 to Kafka (213)
2026-09-09 23:28:33,685 | INFO | FraudShieldAI | Produced transaction 9cdf3dbe-a5df-4941-b7f4-a1a178d9d40e to Kafka (214)
2026-09-09 23:28:35,716 | INFO | FraudShieldAI | Produced transaction 0f5862ff-33c9-46b5-9807-2becfac168cb to Kafka (215)
2026-09-09 23:28:37,752 | INFO | FraudShieldAI | Produced transaction 254dcb9c-1009-4cb8-836e-203ee6d222b6 to Kafka (216)
2026-09-09 23:28:39,782 | INFO | FraudShieldAI | Produced transaction 7dc22154-da6e-4106-a54b-11986214faf7 to Kafka (217)
2026-09-09 23:28:42,044 | INFO | FraudShieldAI | Produced transaction 7fcd1638-5fed-4b6f-9938-6879776592bd to Kafka (218)
2026-09-09 23:28:44,379 | INFO | FraudShieldAI | Produced transaction 10855102-914c-45f3-96c3-67c1a22c9eb3 to Kafka (219)
2026-09-09 23:28:46,633 | INFO | FraudShieldAI | Produced transaction d90be09e-0e22-4bb4-a6c1-c3e6aec9398a to Kafka (220)
2026-09-09 23:28:48,702 | INFO | FraudShieldAI | Produced transaction 3e1d98c1-ef4e-436f-896a-157effd38462 to Kafka (221)
2026-09-09 23:28:53,795 | INFO | FraudShieldAI | Produced transaction 4f81a947-4b4d-4910-98cb-f55565908d66 to Kafka (222)
2026-09-09 23:28:55,833 | INFO | FraudShieldAI | Produced transaction 139ff240-3811-4bd1-a1f4-622f75509690 to Kafka (223)
2026-09-09 23:28:57,860 | INFO | FraudShieldAI | Produced transaction 9cc0253a-5831-41a4-85d2-3ebdd0432153 to Kafka (224)
2026-09-09 23:28:59,878 | INFO | FraudShieldAI | Produced transaction 1edc2783-5d17-441c-9ce8-b9317a488f7c to Kafka (225)
2026-09-09 23:29:01,912 | INFO | FraudShieldAI | Produced transaction efdbb22c-18e1-4d4c-85a7-2bf7437b756b to Kafka (226)
2026-09-09 23:29:03,951 | INFO | FraudShieldAI | Produced transaction cfb489bf-922b-4b90-abb0-42d1b90106d9 to Kafka (227)
2026-09-09 23:29:05,958 | INFO | FraudShieldAI | Produced transaction 5a0a2ac4-df1a-4bae-ad44-2c60ce4ea871 to Kafka (228)
2026-09-09 23:29:08,767 | INFO | FraudShieldAI | Produced transaction 39e3fd11-651a-4e0d-ad7b-10879ec5fb8f to Kafka (229)
2026-09-09 23:29:12,762 | INFO | FraudShieldAI | Produced transaction 6037131a-16d5-45bf-a602-da61ea7dce61 to Kafka (230)
2026-09-09 23:29:16,038 | INFO | FraudShieldAI | Produced transaction 9a7ad492-6042-4c1e-b24c-b2042c8e89e2 to Kafka (231)
2026-09-09 23:29:20,127 | INFO | FraudShieldAI | Produced transaction e95328b3-28d3-47f2-9292-0aa6257731e8 to Kafka (232)
2026-09-09 23:29:22,127 | INFO | FraudShieldAI | Produced transaction ad949a4d-f82b-4030-aaa7-8aa04783f9c7 to Kafka (233)
2026-09-09 23:29:24,126 | INFO | FraudShieldAI | Produced transaction 8785be7f-28ba-4705-9a32-6873c5a45375 to Kafka (234)
2026-09-09 23:29:26,146 | INFO | FraudShieldAI | Produced transaction ae7e6ac7-a599-4003-a194-bbe3d867492e to Kafka (235)
2026-09-09 23:29:28,174 | INFO | FraudShieldAI | Produced transaction f0ff3615-3320-45b5-87c8-2a0d51044b79 to Kafka (236)
2026-09-09 23:29:30,184 | INFO | FraudShieldAI | Produced transaction c4f0f19d-fcb2-4ad2-a462-3f349f1e99a5 to Kafka (237)
2026-09-09 23:29:32,187 | INFO | FraudShieldAI | Produced transaction 97d6006b-4da1-43a8-a254-8bcd84bf619a to Kafka (238)
2026-09-09 23:29:34,306 | INFO | FraudShieldAI | Produced transaction a1319775-b033-49a4-a9e6-dcd7bd48a0ff to Kafka (239)
2026-09-09 23:29:36,358 | INFO | FraudShieldAI | Produced transaction 41fbb875-878d-42a8-8516-56cc0a9c8cc5 to Kafka (240)
2026-09-09 23:29:38,567 | INFO | FraudShieldAI | Produced transaction b9a6e818-38a7-41fa-8ad1-f3e95f05da94 to Kafka (241)
2026-09-09 23:29:44,901 | INFO | FraudShieldAI | Produced transaction bffaee2d-9bc4-4884-8be4-0724fd629fe6 to Kafka (242)
2026-09-09 23:29:46,918 | INFO | FraudShieldAI | Produced transaction 5e162378-e06e-4825-b589-10a5d268dae8 to Kafka (243)
2026-09-09 23:29:48,934 | INFO | FraudShieldAI | Produced transaction 329be6f1-6b55-4e86-ac0a-d9663b073a74 to Kafka (244)
2026-09-09 23:29:51,161 | INFO | FraudShieldAI | Produced transaction 4c09713d-a0df-4393-84a2-ff0d9fed69c2 to Kafka (245)
2026-09-09 23:29:53,267 | INFO | FraudShieldAI | Produced transaction f078c8c0-41ba-4ce4-94d2-3b67431fb2fe to Kafka (246)
2026-09-09 23:29:56,769 | INFO | FraudShieldAI | Produced transaction 05ef6613-2805-4259-9743-7294f0d15317 to Kafka (247)
2026-09-09 23:29:58,780 | INFO | FraudShieldAI | Produced transaction 09482298-3e3e-4b5e-a58c-99fa10156d28 to Kafka (248)
2026-09-09 23:30:00,831 | INFO | FraudShieldAI | Produced transaction 7ca564ec-588a-43fa-b7bc-35ef94cefb40 to Kafka (249)
2026-09-09 23:30:02,913 | INFO | FraudShieldAI | Produced transaction 3184742f-62fa-4e2a-8fec-64395db36cf5 to Kafka (250)
2026-09-09 23:30:04,996 | INFO | FraudShieldAI | Produced transaction 6438baac-f03b-448e-8751-4a79e5e16cbd to Kafka (251)
2026-09-09 23:30:07,027 | INFO | FraudShieldAI | Produced transaction 39c8d7e5-bc54-432b-a678-c221dd1c5474 to Kafka (252)
2026-09-09 23:30:09,041 | INFO | FraudShieldAI | Produced transaction 720925e6-4212-4a43-8d92-692cafd2a757 to Kafka (253)
2026-09-09 23:30:11,060 | INFO | FraudShieldAI | Produced transaction bc8fd5d0-0e3b-42e9-b9fe-b36a0ec053aa to Kafka (254)
2026-09-09 23:30:13,075 | INFO | FraudShieldAI | Produced transaction 35f3d283-a38e-4607-9e8e-a614c85a8b36 to Kafka (255)
2026-09-09 23:30:15,320 | INFO | FraudShieldAI | Produced transaction 23915ab5-9b47-4058-9bcd-910a3d21b941 to Kafka (256)
2026-09-09 23:30:17,351 | INFO | FraudShieldAI | Produced transaction 1e336254-76be-4fe8-bf53-12bceb1ea6fe to Kafka (257)
2026-09-09 23:30:19,704 | INFO | FraudShieldAI | Produced transaction fbbfc2c1-735b-4d8b-ad1e-01de48016faa to Kafka (258)
2026-09-09 23:30:21,747 | INFO | FraudShieldAI | Produced transaction a1f1364a-4019-467e-8b27-81f06169fb48 to Kafka (259)
2026-09-09 23:30:23,743 | INFO | FraudShieldAI | Produced transaction 1e7708c2-f5f4-41cc-888e-e397731fde11 to Kafka (260)
2026-09-09 23:30:25,775 | INFO | FraudShieldAI | Produced transaction f1ae50dc-6b95-48a7-b060-2795d17d18ad to Kafka (261)
2026-09-09 23:30:27,805 | INFO | FraudShieldAI | Produced transaction 8024e217-6e14-4df8-beaa-51f4e11278a1 to Kafka (262)
2026-09-09 23:30:29,836 | INFO | FraudShieldAI | Produced transaction 40c49911-951c-4b23-a85c-455574862201 to Kafka (263)
2026-09-09 23:30:31,860 | INFO | FraudShieldAI | Produced transaction 20997425-d5bd-442e-b0a8-de71137acbf1 to Kafka (264)
2026-09-09 23:30:33,880 | INFO | FraudShieldAI | Produced transaction 0c1c0508-cb30-497d-88e0-30b0714ce517 to Kafka (265)
2026-09-09 23:30:35,918 | INFO | FraudShieldAI | Produced transaction 37960048-837e-4bbd-9ca9-e61accba7650 to Kafka (266)
2026-09-09 23:30:37,924 | INFO | FraudShieldAI | Produced transaction 51eb017b-fc52-445f-8975-5fd4c1d16e06 to Kafka (267)
2026-09-09 23:30:39,918 | INFO | FraudShieldAI | Produced transaction 60bb141e-72af-4d6a-b555-eda33ac07f91 to Kafka (268)
2026-09-09 23:30:41,980 | INFO | FraudShieldAI | Produced transaction 0aacfe93-a481-49dc-a3bd-3d2fff7a11e1 to Kafka (269)
2026-09-09 23:30:43,999 | INFO | FraudShieldAI | Produced transaction d89325ee-5be9-4626-8dfc-2160c32eecd8 to Kafka (270)
2026-09-09 23:30:46,022 | INFO | FraudShieldAI | Produced transaction 9f347f55-aef7-4c8d-b619-0bce8df99f05 to Kafka (271)
2026-09-09 23:30:48,055 | INFO | FraudShieldAI | Produced transaction b4d59927-24b2-4e7c-8a3a-67b6a32c9fa9 to Kafka (272)
2026-09-09 23:30:50,086 | INFO | FraudShieldAI | Produced transaction c1a935b0-cf9a-467c-87d3-0bd8c14d62c1 to Kafka (273)
2026-09-09 23:30:52,412 | INFO | FraudShieldAI | Produced transaction 2a0d622e-581f-4602-b156-9fb214a5e355 to Kafka (274)
2026-09-09 23:30:54,622 | INFO | FraudShieldAI | Produced transaction 812ef352-97c4-47d3-a150-9c1c495e3277 to Kafka (275)
2026-09-09 23:30:56,652 | INFO | FraudShieldAI | Produced transaction 42c5108f-b1fa-47b7-9fde-d4f8b5644ebc to Kafka (276)
2026-09-09 23:30:58,669 | INFO | FraudShieldAI | Produced transaction 54b01be5-6b37-47a6-957e-f01cfbd7fa56 to Kafka (277)
2026-09-09 23:31:00,690 | INFO | FraudShieldAI | Produced transaction a3bc92d5-90de-4919-9c9b-e9d29e399b2a to Kafka (278)
2026-09-09 23:31:02,708 | INFO | FraudShieldAI | Produced transaction 333417f1-d816-40c8-a703-4925f1d5f19a to Kafka (279)
2026-09-09 23:31:04,732 | INFO | FraudShieldAI | Produced transaction 2da7fee6-7849-454b-901a-5bd26e588788 to Kafka (280)
2026-09-09 23:31:06,769 | INFO | FraudShieldAI | Produced transaction abbab581-afd2-43e5-817d-ac3dfb5d1132 to Kafka (281)
2026-09-09 23:31:08,817 | INFO | FraudShieldAI | Produced transaction 2e3c2710-64fb-415e-82b8-93e074285e20 to Kafka (282)
2026-09-09 23:31:10,842 | INFO | FraudShieldAI | Produced transaction ea6dd681-9d69-4e18-9b06-7fc36c9f9408 to Kafka (283)
2026-09-09 23:31:12,852 | INFO | FraudShieldAI | Produced transaction dd170663-f744-4421-8cdc-4990fd5ec4d8 to Kafka (284)
2026-09-09 23:31:14,878 | INFO | FraudShieldAI | Produced transaction dd4a11c6-a806-41bc-a926-853afc237b09 to Kafka (285)
2026-09-09 23:31:16,877 | INFO | FraudShieldAI | Produced transaction 3ba8d922-cb35-40cf-8956-549567d88bb4 to Kafka (286)
2026-09-09 23:31:18,894 | INFO | FraudShieldAI | Produced transaction 453ad02f-65fe-4b1e-898c-0c1a13108125 to Kafka (287)
2026-09-09 23:31:20,911 | INFO | FraudShieldAI | Produced transaction 2884d3e2-3daa-4176-b257-31d56d18cf99 to Kafka (288)
2026-09-09 23:31:22,942 | INFO | FraudShieldAI | Produced transaction 1d385cba-29e3-4749-931e-deae2c8fbd84 to Kafka (289)
2026-09-09 23:31:24,973 | INFO | FraudShieldAI | Produced transaction 8fd34dc4-e7fd-4bcd-816a-46a1f0b5a44f to Kafka (290)
2026-09-09 23:31:26,993 | INFO | FraudShieldAI | Produced transaction a0ea0055-90b0-4969-8fd5-e38123f68cf3 to Kafka (291)
2026-09-09 23:31:29,022 | INFO | FraudShieldAI | Produced transaction cc3cf802-cf77-4915-956b-4917267071cb to Kafka (292)
2026-09-09 23:31:31,057 | INFO | FraudShieldAI | Produced transaction 9c6ee69f-e774-46ed-b1c0-de3a4fb9737d to Kafka (293)
2026-09-09 23:31:33,076 | INFO | FraudShieldAI | Produced transaction 9f48f469-baeb-41f8-93cb-23de9c6b7dfa to Kafka (294)
2026-09-09 23:31:35,082 | INFO | FraudShieldAI | Produced transaction 64ed3e31-6d97-47a8-b95a-616db8c61147 to Kafka (295)
2026-09-09 23:31:37,075 | INFO | FraudShieldAI | Produced transaction 8531948f-31f2-4b12-9d0d-941e27f41e11 to Kafka (296)
2026-09-09 23:31:39,086 | INFO | FraudShieldAI | Produced transaction 8b54e0f4-e58b-4c73-8816-9df30095b53f to Kafka (297)
2026-09-09 23:31:41,098 | INFO | FraudShieldAI | Produced transaction 0c57d7b0-eb84-4fd4-9fec-dc4a48cd5510 to Kafka (298)
2026-09-09 23:31:43,130 | INFO | FraudShieldAI | Produced transaction fab005cb-cc0e-4cbf-a989-72a3d24bdaae to Kafka (299)
2026-09-09 23:31:45,165 | INFO | FraudShieldAI | Produced transaction 7f16de4e-b081-4ea8-b605-f2badda3ccc2 to Kafka (300)
2026-09-09 23:31:47,184 | INFO | FraudShieldAI | Produced transaction eef3b0d6-57db-4cda-ac93-f3d37ec45fa9 to Kafka (301)
2026-09-09 23:31:49,209 | INFO | FraudShieldAI | Produced transaction 680dd749-851d-4840-8f50-0eba36f34447 to Kafka (302)
2026-09-09 23:31:51,231 | INFO | FraudShieldAI | Produced transaction 88c8c600-d7e9-4ef1-b084-2f0da95e72cf to Kafka (303)
2026-09-09 23:31:53,259 | INFO | FraudShieldAI | Produced transaction b3345996-737b-41ac-afdc-ecacde97bce3 to Kafka (304)
2026-09-09 23:31:55,263 | INFO | FraudShieldAI | Produced transaction ab0a4a0b-2991-4920-840a-49981d097c0a to Kafka (305)
2026-09-09 23:31:57,274 | INFO | FraudShieldAI | Produced transaction e23fe26b-0452-44f2-b128-ea9ec67a0d6e to Kafka (306)
2026-09-09 23:31:59,305 | INFO | FraudShieldAI | Produced transaction 85f9967b-8d1a-43ed-bf7d-50a3fc1946ca to Kafka (307)
2026-09-09 23:32:01,314 | INFO | FraudShieldAI | Produced transaction 279ebd47-3747-4525-a3d7-cfe592f309f1 to Kafka (308)
2026-09-09 23:32:03,331 | INFO | FraudShieldAI | Produced transaction 3af0ace3-6d95-4907-b7c8-7099e5acb6fd to Kafka (309)
2026-09-09 23:32:05,341 | INFO | FraudShieldAI | Produced transaction e5b19ddc-4b8f-493b-8c90-6f442fba53be to Kafka (310)
2026-09-09 23:32:07,384 | INFO | FraudShieldAI | Produced transaction 964ab6a3-2224-4559-9a26-46ced5d7ad85 to Kafka (311)
2026-09-09 23:32:09,408 | INFO | FraudShieldAI | Produced transaction af98cfba-5a12-44bc-bcee-8df39132270c to Kafka (312)
2026-09-09 23:32:11,424 | INFO | FraudShieldAI | Produced transaction 20ff2552-3ddc-4e30-8af8-ac83ccb6597d to Kafka (313)
2026-09-09 23:32:13,424 | INFO | FraudShieldAI | Produced transaction f2dcbf2b-c993-4e35-a666-65eca2a671b8 to Kafka (314)
2026-09-09 23:32:15,449 | INFO | FraudShieldAI | Produced transaction 6d0bc66a-2679-42fa-afad-352566f04a72 to Kafka (315)
2026-09-09 23:32:17,452 | INFO | FraudShieldAI | Produced transaction b49d8714-1e07-4dbd-91ba-c06f0fad596a to Kafka (316)
2026-09-09 23:32:19,452 | INFO | FraudShieldAI | Produced transaction 1f80cb63-d710-4a38-b94c-d42175c8f93c to Kafka (317)
2026-09-09 23:32:21,466 | INFO | FraudShieldAI | Produced transaction 1b37481e-955c-4306-917e-5fae7fda2a6c to Kafka (318)
2026-09-09 23:32:23,489 | INFO | FraudShieldAI | Produced transaction 67b9e957-31b1-45fa-9a35-1d555948e35c to Kafka (319)
2026-09-09 23:32:25,504 | INFO | FraudShieldAI | Produced transaction 8445843f-39ab-4f2e-898e-c04f234d7330 to Kafka (320)
2026-09-09 23:32:27,507 | INFO | FraudShieldAI | Produced transaction bd34269f-6019-446f-8627-af31327b45c2 to Kafka (321)
2026-09-09 23:32:29,536 | INFO | FraudShieldAI | Produced transaction 33ca6e12-98b9-4625-9a40-972cce4ee549 to Kafka (322)
2026-09-09 23:32:31,530 | INFO | FraudShieldAI | Produced transaction 6a5282dd-e2c5-41ad-b29d-abb99cc2aec8 to Kafka (323)
2026-09-09 23:32:33,557 | INFO | FraudShieldAI | Produced transaction d9e7da54-92cd-4537-9086-baeda5917592 to Kafka (324)
2026-09-09 23:32:35,574 | INFO | FraudShieldAI | Produced transaction 96162210-cd87-4d8b-82a0-4feedf3a70cc to Kafka (325)
2026-09-09 23:32:37,594 | INFO | FraudShieldAI | Produced transaction 52777a25-262a-4dd3-863e-7166db3baf27 to Kafka (326)
2026-09-09 23:32:39,621 | INFO | FraudShieldAI | Produced transaction 066a78dc-96ef-4560-8c31-0c21e3288797 to Kafka (327)
2026-09-09 23:32:41,606 | INFO | FraudShieldAI | Produced transaction 5f00f9bb-bacd-472b-98ac-e69bcc3c39e0 to Kafka (328)
2026-09-09 23:32:43,618 | INFO | FraudShieldAI | Produced transaction cb92b7aa-3ea1-4bb3-8974-2666063d7adb to Kafka (329)
2026-09-09 23:32:45,647 | INFO | FraudShieldAI | Produced transaction ecc74b61-e125-486f-ada4-bcb0eae7cc1d to Kafka (330)
2026-09-09 23:32:47,673 | INFO | FraudShieldAI | Produced transaction 5e5152f9-3c37-4766-af03-50b039bea889 to Kafka (331)
2026-09-09 23:32:49,688 | INFO | FraudShieldAI | Produced transaction c076304a-b015-4c8e-a94c-022f2e87d62a to Kafka (332)
2026-09-09 23:32:51,697 | INFO | FraudShieldAI | Produced transaction d9d21362-d48d-4259-8b30-54ee1aa35fb6 to Kafka (333)
2026-09-09 23:32:53,702 | INFO | FraudShieldAI | Produced transaction 57924939-af47-4737-be05-6d99798792f7 to Kafka (334)
2026-09-09 23:32:55,704 | INFO | FraudShieldAI | Produced transaction 527882d7-7707-467e-be3f-62aac7f52c7c to Kafka (335)
2026-09-09 23:32:57,704 | INFO | FraudShieldAI | Produced transaction fe3556c3-24aa-4f19-9896-75511678d540 to Kafka (336)
2026-09-09 23:32:59,711 | INFO | FraudShieldAI | Produced transaction 3a5455ab-8495-4573-bca4-392d8be66d4c to Kafka (337)
2026-09-09 23:33:01,733 | INFO | FraudShieldAI | Produced transaction 59c9aebf-4c6d-4d2f-9346-2feb36a0b704 to Kafka (338)
2026-09-09 23:33:03,765 | INFO | FraudShieldAI | Produced transaction cab91e59-e28c-4d1d-9d42-c3114fbc73c7 to Kafka (339)
2026-09-09 23:33:05,803 | INFO | FraudShieldAI | Produced transaction eb7c2395-961f-497b-a984-4e644c24cd8d to Kafka (340)
2026-09-09 23:33:07,841 | INFO | FraudShieldAI | Produced transaction 0f196409-1ad6-4b57-92d1-06a7c0af9000 to Kafka (341)
2026-09-09 23:33:09,862 | INFO | FraudShieldAI | Produced transaction 9aadb390-b6f9-4e61-858e-7e77c14cc485 to Kafka (342)
2026-09-09 23:33:11,872 | INFO | FraudShieldAI | Produced transaction d4884eed-9aeb-457e-8958-7e0f6ba9f16b to Kafka (343)
2026-09-09 23:33:13,899 | INFO | FraudShieldAI | Produced transaction 872e75e8-e89e-4066-8dab-fddae13bbdd6 to Kafka (344)
2026-09-09 23:33:15,924 | INFO | FraudShieldAI | Produced transaction 39ffeb9e-6322-47f8-969a-a9e6ff14d17f to Kafka (345)
2026-09-09 23:33:17,936 | INFO | FraudShieldAI | Produced transaction ab6ca590-bc16-4368-b263-67e3a3ff2275 to Kafka (346)
2026-09-09 23:33:19,957 | INFO | FraudShieldAI | Produced transaction 8278ea79-ddd6-4799-b8f4-b00c9e8d264c to Kafka (347)
2026-09-09 23:33:21,954 | INFO | FraudShieldAI | Produced transaction 5dc3e183-8187-4486-9892-a076c0fad6f8 to Kafka (348)
2026-09-09 23:33:23,960 | INFO | FraudShieldAI | Produced transaction 8066034c-f323-49ee-8109-b498b5212d4c to Kafka (349)
2026-09-09 23:33:25,994 | INFO | FraudShieldAI | Produced transaction d7d5512c-0745-4d39-9b11-9f8aae8912ce to Kafka (350)
2026-09-09 23:33:28,003 | INFO | FraudShieldAI | Produced transaction 0dbd8b42-2455-4158-8e53-3536e0d5785a to Kafka (351)
2026-09-09 23:33:30,026 | INFO | FraudShieldAI | Produced transaction a4efa5aa-0040-4817-b8b4-d96b7ade1999 to Kafka (352)
2026-09-09 23:33:32,044 | INFO | FraudShieldAI | Produced transaction b91ddf1a-bea7-425a-aa29-73ffb96f3655 to Kafka (353)
2026-09-09 23:33:34,064 | INFO | FraudShieldAI | Produced transaction 960f3388-c6df-4fb3-a6a3-1ea6b318be99 to Kafka (354)
2026-09-09 23:33:36,086 | INFO | FraudShieldAI | Produced transaction 1c0f2e6a-a8af-490f-bbea-f247a3f99a41 to Kafka (355)
2026-09-09 23:33:38,113 | INFO | FraudShieldAI | Produced transaction 7da1f1eb-91f5-4842-b207-ba9a5deacfa6 to Kafka (356)
2026-09-09 23:33:40,134 | INFO | FraudShieldAI | Produced transaction e1b3deba-ff28-4e97-86ef-cef3a0be1da3 to Kafka (357)
2026-09-09 23:33:42,163 | INFO | FraudShieldAI | Produced transaction adb91c50-035b-4f4e-976c-b6b1fdf2095a to Kafka (358)
2026-09-09 23:33:44,184 | INFO | FraudShieldAI | Produced transaction 50c4fa9d-b0ea-434d-b11a-b80ca74cafaf to Kafka (359)
2026-09-09 23:33:46,217 | INFO | FraudShieldAI | Produced transaction 955553be-f32f-4188-b41a-2a4119490d72 to Kafka (360)
2026-09-09 23:33:48,239 | INFO | FraudShieldAI | Produced transaction 950180db-c00f-4f68-ad2c-e68b2e533ec5 to Kafka (361)
2026-09-09 23:33:50,277 | INFO | FraudShieldAI | Produced transaction 18dcee1c-93c6-4312-acb8-202d72d6c2c0 to Kafka (362)
2026-09-09 23:33:52,305 | INFO | FraudShieldAI | Produced transaction e3032eec-7034-4586-8323-68e0d63b3bd3 to Kafka (363)
2026-09-09 23:33:54,315 | INFO | FraudShieldAI | Produced transaction 80b1b97f-46ab-4b20-9187-15208ebeaa0b to Kafka (364)
2026-09-09 23:33:56,311 | INFO | FraudShieldAI | Produced transaction 26c7b6d6-942e-4934-86a9-7b6fa6e5f7ae to Kafka (365)
2026-09-09 23:33:58,336 | INFO | FraudShieldAI | Produced transaction 3f1efdfa-3263-460c-b3cf-f997813e48d6 to Kafka (366)
2026-09-09 23:34:00,344 | INFO | FraudShieldAI | Produced transaction 9f14ffe4-b650-40be-a16c-0df2733d7a45 to Kafka (367)
2026-09-09 23:34:02,363 | INFO | FraudShieldAI | Produced transaction 67659560-2968-4fde-87a9-22ba489f3866 to Kafka (368)
2026-09-09 23:34:04,359 | INFO | FraudShieldAI | Produced transaction a1c20eca-8df2-42cd-aeaa-603207a2dca3 to Kafka (369)
2026-09-09 23:34:06,380 | INFO | FraudShieldAI | Produced transaction aaa3396b-0d60-46dc-bc12-5e5c6f07e2b6 to Kafka (370)
2026-09-09 23:34:08,413 | INFO | FraudShieldAI | Produced transaction ed4204ea-4e98-4382-b8be-903471333086 to Kafka (371)
2026-09-09 23:34:10,442 | INFO | FraudShieldAI | Produced transaction b31d953c-990d-41cb-a94f-db4dca267fbb to Kafka (372)
2026-09-09 23:34:12,472 | INFO | FraudShieldAI | Produced transaction d8159263-8765-49f4-8552-ef7c708e35ea to Kafka (373)
2026-09-09 23:34:14,483 | INFO | FraudShieldAI | Produced transaction ee4e87b8-8809-4af9-97e7-540b24893992 to Kafka (374)
2026-09-09 23:34:16,503 | INFO | FraudShieldAI | Produced transaction 7a684a54-e0e1-4f89-8c2a-4ff4957cef5a to Kafka (375)
2026-09-09 23:34:18,528 | INFO | FraudShieldAI | Produced transaction 09476477-c03f-49f5-9955-f658f4ff54d0 to Kafka (376)
2026-09-09 23:34:20,555 | INFO | FraudShieldAI | Produced transaction 501bb2b0-20c9-4a8d-99d2-732bfe4f5cf2 to Kafka (377)
2026-09-09 23:34:22,589 | INFO | FraudShieldAI | Produced transaction d59d072e-4d3d-44ae-ad60-d7df348fc9ed to Kafka (378)
2026-09-09 23:34:24,612 | INFO | FraudShieldAI | Produced transaction 7008df0f-787a-405f-ac9d-62d0a218bdfc to Kafka (379)
2026-09-09 23:34:26,635 | INFO | FraudShieldAI | Produced transaction 59ad17c9-0d5c-4210-9205-f9a903902df7 to Kafka (380)
2026-09-09 23:34:28,661 | INFO | FraudShieldAI | Produced transaction 1cdef4df-d4d9-4a3d-aa33-ccd6e6d96271 to Kafka (381)
2026-09-09 23:34:29,604 | INFO | FraudShieldAI | Closed MongoDB connection
2026-09-09 23:34:29,613 | INFO | FraudShieldAI | Kafka producer loop cancelled.
2026-09-09 23:34:29,615 | INFO | FraudShieldAI | Kafka producer loop terminated. Produced=381
2026-09-09 23:53:41,766 | INFO | FraudShieldAI | Connected to MongoDB
2026-09-09 23:55:21,257 | INFO | FraudShieldAI | Kafka consumer start result: {'started': True, 'message': 'Kafka consumer started successfully.'}
2026-09-09 23:55:21,259 | INFO | FraudShieldAI | Kafka streaming pipeline started.
2026-09-09 23:55:21,406 | INFO | FraudShieldAI | Kafka producer initialized successfully.
2026-09-09 23:55:21,408 | INFO | FraudShieldAI | Kafka producer loop started. interval=2.00s max_transactions=None
2026-09-09 23:55:21,654 | INFO | FraudShieldAI | Produced transaction dc8a7600-d723-4aa9-b7d2-e12a39105360 to Kafka (1)
2026-09-09 23:55:23,698 | INFO | FraudShieldAI | Produced transaction 46ed37a2-29dd-4f19-a1b3-fb48a9cd4b07 to Kafka (2)
2026-09-09 23:55:25,701 | INFO | FraudShieldAI | Produced transaction 2a6864d8-d7d5-490f-8c2a-b368aa21890a to Kafka (3)
2026-09-09 23:55:27,702 | INFO | FraudShieldAI | Produced transaction ee674051-d626-4f92-a534-cc56789c53b5 to Kafka (4)
2026-09-09 23:55:29,735 | INFO | FraudShieldAI | Produced transaction 55d40d09-1749-4e66-a7bf-28e0dca0a5b4 to Kafka (5)
2026-09-09 23:55:31,783 | INFO | FraudShieldAI | Produced transaction 1469637d-4dcb-4bec-929e-e2a08e959f5c to Kafka (6)
2026-09-09 23:55:33,816 | INFO | FraudShieldAI | Produced transaction 8e8d71d9-1b3f-4f86-934c-499ef400fa8b to Kafka (7)
2026-09-09 23:55:35,844 | INFO | FraudShieldAI | Produced transaction bb0f9a24-b4ad-400f-a270-a4a75f9a3d8d to Kafka (8)
2026-09-09 23:55:37,860 | INFO | FraudShieldAI | Produced transaction c30ab56d-a1d7-49b6-b20d-af78244d7111 to Kafka (9)
2026-09-09 23:55:39,901 | INFO | FraudShieldAI | Produced transaction c158123d-ae60-4f89-b89d-6ead06e5cc88 to Kafka (10)
2026-09-09 23:55:41,942 | INFO | FraudShieldAI | Produced transaction 2be9c9b7-5382-4397-b6a4-bdeadfcf7590 to Kafka (11)
2026-09-09 23:55:43,966 | INFO | FraudShieldAI | Produced transaction ddf2877e-addd-4af3-ab6b-2779737cf744 to Kafka (12)
2026-09-09 23:55:45,983 | INFO | FraudShieldAI | Produced transaction b647d18a-7b2c-40b4-b320-1d67b9635ad3 to Kafka (13)
2026-09-09 23:55:48,024 | INFO | FraudShieldAI | Produced transaction 0b9e5542-5efd-4b65-8aa9-18a0f2b293f2 to Kafka (14)
2026-09-09 23:55:50,064 | INFO | FraudShieldAI | Produced transaction 8c791e53-d409-415c-acd0-e34c1c9e2073 to Kafka (15)
2026-09-09 23:55:52,109 | INFO | FraudShieldAI | Produced transaction 76239a4f-d05e-49fd-9053-986e57163464 to Kafka (16)
2026-09-09 23:55:54,138 | INFO | FraudShieldAI | Produced transaction 6a98c3c9-8e07-4a90-bb70-1ca5087cab3c to Kafka (17)
2026-09-09 23:55:56,157 | INFO | FraudShieldAI | Produced transaction b2b7977e-0c57-41bc-aff5-e8b748002a4e to Kafka (18)
2026-09-09 23:55:58,179 | INFO | FraudShieldAI | Produced transaction 834e4d7f-7482-409c-9b0c-c49417b8d310 to Kafka (19)
2026-09-09 23:56:00,218 | INFO | FraudShieldAI | Produced transaction 036ee943-3c98-4473-97e8-94392e4e10f6 to Kafka (20)
2026-09-09 23:56:02,233 | INFO | FraudShieldAI | Produced transaction 768fbf7a-e7be-430f-9608-1da9ab22960f to Kafka (21)
2026-09-09 23:56:04,300 | INFO | FraudShieldAI | Produced transaction afcc6c5b-a17a-4fc3-b32d-c86b15e85dec to Kafka (22)
2026-09-09 23:56:06,332 | INFO | FraudShieldAI | Produced transaction 1e33258b-1fd1-4a53-aec2-1b721af7365f to Kafka (23)
2026-09-09 23:56:08,368 | INFO | FraudShieldAI | Produced transaction 2649eb0b-2b43-4595-9bf6-648da6c9b550 to Kafka (24)
2026-09-09 23:56:10,400 | INFO | FraudShieldAI | Produced transaction 8974434f-8ef3-4fdf-8311-66a21e4fb261 to Kafka (25)
2026-09-09 23:56:12,436 | INFO | FraudShieldAI | Produced transaction ef34f3f2-f974-47b6-babb-1ccc48658fe3 to Kafka (26)
2026-09-09 23:56:14,465 | INFO | FraudShieldAI | Produced transaction 55227c88-423d-45ec-9c4a-f610dad39d22 to Kafka (27)
2026-09-09 23:56:16,495 | INFO | FraudShieldAI | Produced transaction 7e6a8647-b2e1-4d80-8583-e18da73a3761 to Kafka (28)
2026-09-09 23:56:18,526 | INFO | FraudShieldAI | Produced transaction 01cacd2f-a2af-448a-90fc-0c56ef92a796 to Kafka (29)
2026-09-09 23:56:20,566 | INFO | FraudShieldAI | Produced transaction 914ec992-868a-4aea-9b20-2bdd723cb396 to Kafka (30)
2026-09-09 23:56:22,598 | INFO | FraudShieldAI | Produced transaction e24c30af-affa-40a4-8ed8-4720ccd4e41e to Kafka (31)
2026-09-09 23:56:24,629 | INFO | FraudShieldAI | Produced transaction b6fb0463-810f-4457-87e9-f6d17e2e3790 to Kafka (32)
2026-09-09 23:56:29,022 | INFO | FraudShieldAI | Produced transaction 5429b608-b17a-49ee-afd0-a15fcf6c6eab to Kafka (33)
2026-09-09 23:56:31,733 | INFO | FraudShieldAI | Produced transaction 57d1247c-948a-4bf7-aab1-e818f17cca2a to Kafka (34)
2026-09-09 23:56:33,761 | INFO | FraudShieldAI | Produced transaction 907d4145-0567-4860-9bd7-25a24385bc1a to Kafka (35)
2026-09-09 23:56:35,804 | INFO | FraudShieldAI | Produced transaction 09d2f0f0-f0b9-437b-a94d-97bd84c67ccb to Kafka (36)
2026-09-09 23:56:37,845 | INFO | FraudShieldAI | Produced transaction 42759d13-42f8-47d6-9681-3f3e2c6c3232 to Kafka (37)
2026-09-09 23:56:39,890 | INFO | FraudShieldAI | Produced transaction ba747bdd-6da9-4de0-866d-b3d907bac413 to Kafka (38)
2026-09-09 23:56:41,921 | INFO | FraudShieldAI | Produced transaction 43a29787-b5e3-4ed3-a9c9-ed71fdc6addc to Kafka (39)
2026-09-09 23:56:43,932 | INFO | FraudShieldAI | Produced transaction c3da50da-4429-461f-ae96-11227ba5cad6 to Kafka (40)
2026-09-09 23:56:46,991 | INFO | FraudShieldAI | Produced transaction 3b964024-3011-446e-999c-b37d458043c8 to Kafka (41)
2026-09-09 23:56:49,016 | INFO | FraudShieldAI | Produced transaction 0117f06e-32b2-499e-bfeb-e457c49687af to Kafka (42)
2026-09-09 23:56:51,035 | INFO | FraudShieldAI | Produced transaction 0d8892b4-c35a-4a74-b92b-b2ac6cc8302f to Kafka (43)
2026-09-09 23:56:53,073 | INFO | FraudShieldAI | Produced transaction 5bee2597-8719-4aad-8196-93b4527312f4 to Kafka (44)
2026-09-09 23:56:55,109 | INFO | FraudShieldAI | Produced transaction 5b3c18a7-de56-43b1-b304-da4adbb758bf to Kafka (45)
2026-09-09 23:56:57,135 | INFO | FraudShieldAI | Produced transaction e3b099b7-d7a7-45c8-b801-4440e1aecba9 to Kafka (46)
2026-09-09 23:56:58,692 | INFO | FraudShieldAI | Stopping Kafka streaming pipeline...
2026-09-09 23:56:58,696 | INFO | FraudShieldAI | Kafka producer loop cancelled.
2026-09-09 23:56:58,697 | INFO | FraudShieldAI | Kafka producer loop terminated. Produced=46
2026-09-09 23:56:58,704 | INFO | FraudShieldAI | Kafka streaming pipeline stopped.
2026-09-10 00:03:03,219 | INFO | FraudShieldAI | Closed MongoDB connection
2026-09-10 00:03:18,272 | INFO | FraudShieldAI | Connected to MongoDB
2026-09-10 00:06:50,017 | INFO | FraudShieldAI | Closed MongoDB connection
2026-09-10 00:07:21,869 | INFO | FraudShieldAI | Connected to MongoDB
2026-09-10 00:08:23,588 | INFO | FraudShieldAI | Kafka consumer start result: {'started': True, 'message': 'Kafka consumer started successfully.'}
2026-09-10 00:08:23,589 | INFO | FraudShieldAI | Kafka streaming pipeline started.
2026-09-10 00:08:23,699 | INFO | FraudShieldAI | Kafka producer initialized successfully.
2026-09-10 00:08:23,722 | INFO | FraudShieldAI | Kafka producer loop started. interval=2.00s max_transactions=None
2026-09-10 00:08:23,849 | INFO | FraudShieldAI | Produced transaction 383eaf32-c714-4d3b-803b-44b4b6fd9af2 to Kafka (1)
2026-09-10 00:08:25,949 | INFO | FraudShieldAI | Produced transaction 04b810e5-c1ef-482a-af7c-5ead726f6e7d to Kafka (2)
2026-09-10 00:08:28,021 | INFO | FraudShieldAI | Produced transaction 05821e66-bd1e-4345-a137-41a8f96a7003 to Kafka (3)
2026-09-10 00:08:30,054 | INFO | FraudShieldAI | Produced transaction 6c69bb80-9807-464d-be76-af26e0a6ea64 to Kafka (4)
2026-09-10 00:08:32,065 | INFO | FraudShieldAI | Produced transaction 3e175704-b099-4696-97d2-a5112deca9ed to Kafka (5)
2026-09-10 00:08:34,111 | INFO | FraudShieldAI | Produced transaction e538b6a1-c448-45ff-a462-0aca075d5468 to Kafka (6)
2026-09-10 00:08:36,159 | INFO | FraudShieldAI | Produced transaction 18badcbf-972a-4874-98a3-3f1bd8c18706 to Kafka (7)
2026-09-10 00:08:38,185 | INFO | FraudShieldAI | Produced transaction 1c72d225-7d1b-4263-bb25-3dc7f6af62c7 to Kafka (8)
2026-09-10 00:08:40,213 | INFO | FraudShieldAI | Produced transaction 93471cb3-1cf5-4b16-9fcc-18e9de5d5012 to Kafka (9)
2026-09-10 00:08:42,307 | INFO | FraudShieldAI | Produced transaction 705a9f28-27b6-436f-a8ce-61bcec9c047e to Kafka (10)
2026-09-10 00:08:44,356 | INFO | FraudShieldAI | Produced transaction 16c62059-8ec5-4cf2-9e0a-52349d88e40b to Kafka (11)
2026-09-10 00:08:46,722 | INFO | FraudShieldAI | Produced transaction 50f66adb-80a4-4678-83d8-3e6312132c5c to Kafka (12)
2026-09-10 00:08:48,754 | INFO | FraudShieldAI | Produced transaction b98a80b2-605d-4675-a258-f99f17c9659f to Kafka (13)
2026-09-10 00:08:51,085 | INFO | FraudShieldAI | Produced transaction 9640188e-0352-4421-a35b-312cc8a2e99a to Kafka (14)
2026-09-10 00:08:53,155 | INFO | FraudShieldAI | Produced transaction 3f4eb8b9-55c7-44d5-bcdc-3bbb6d18d468 to Kafka (15)
2026-09-10 00:08:55,207 | INFO | FraudShieldAI | Produced transaction 56ff8030-ad23-4fe5-8169-01ee86ee0a4f to Kafka (16)
2026-09-10 00:08:57,210 | INFO | FraudShieldAI | Produced transaction 4534221d-9d29-4d3d-a6b1-0a74882014fb to Kafka (17)
2026-09-10 00:08:59,255 | INFO | FraudShieldAI | Produced transaction 2392fa92-431f-43ba-92c6-f7f53a1f5015 to Kafka (18)
2026-09-10 00:09:01,277 | INFO | FraudShieldAI | Produced transaction aa33a024-c301-4a3f-b819-dbd1ed812c63 to Kafka (19)
2026-09-10 00:09:03,282 | INFO | FraudShieldAI | Produced transaction c34206e4-a62c-471d-bf35-448af0926b90 to Kafka (20)
2026-09-10 00:09:05,306 | INFO | FraudShieldAI | Produced transaction b5fd5640-28c7-4961-96f6-b770234c78be to Kafka (21)
2026-09-10 00:09:08,428 | INFO | FraudShieldAI | Produced transaction 55bffc6d-cc45-4d9c-84ba-86fca0141551 to Kafka (22)
2026-09-10 00:09:10,690 | INFO | FraudShieldAI | Produced transaction e8a09221-2b34-4657-bf95-748687ac179c to Kafka (23)
2026-09-10 00:09:12,741 | INFO | FraudShieldAI | Produced transaction 4a69dda0-bef4-418f-97b5-92ddef9e0987 to Kafka (24)
2026-09-10 00:09:14,788 | INFO | FraudShieldAI | Produced transaction 1cdd08ba-2014-40d4-b2fb-b54c289d246a to Kafka (25)
2026-09-10 00:09:16,838 | INFO | FraudShieldAI | Produced transaction 78ba4e53-335a-4a9a-9aa5-98d97e519aec to Kafka (26)
2026-09-10 00:09:18,869 | INFO | FraudShieldAI | Produced transaction d447d01c-780f-4b68-93f2-00e485f7c96b to Kafka (27)
2026-09-10 00:09:20,894 | INFO | FraudShieldAI | Produced transaction 42f5c0b2-65ed-4223-8df6-a11a547e9db5 to Kafka (28)
2026-09-10 00:09:22,909 | INFO | FraudShieldAI | Produced transaction bed59334-0c58-457e-bed7-adb8f150022b to Kafka (29)
2026-09-10 00:09:24,923 | INFO | FraudShieldAI | Produced transaction 9cbd26eb-491a-411a-a6b6-43221bc6b728 to Kafka (30)
2026-09-10 00:09:26,958 | INFO | FraudShieldAI | Produced transaction 5ac889ed-736e-4efa-9627-b147b6118a92 to Kafka (31)
2026-09-10 00:09:28,977 | INFO | FraudShieldAI | Produced transaction d01fbb7b-edcd-4307-a56d-663c30033b11 to Kafka (32)
2026-09-10 00:09:30,998 | INFO | FraudShieldAI | Produced transaction cd244aa5-9544-4291-9732-5eff9570450a to Kafka (33)
2026-09-10 00:09:33,017 | INFO | FraudShieldAI | Produced transaction 6aaedcfa-7fd0-46a7-8247-99bde3db4f2e to Kafka (34)
2026-09-10 00:09:35,060 | INFO | FraudShieldAI | Produced transaction b0151bf5-77ef-4485-bab2-f140de899a57 to Kafka (35)
2026-09-10 00:09:37,099 | INFO | FraudShieldAI | Produced transaction 0ae26608-858a-4d17-a0ee-57155c2e52d8 to Kafka (36)
2026-09-10 00:09:39,125 | INFO | FraudShieldAI | Produced transaction 58bc7bcb-bbeb-4709-bbeb-c25331430994 to Kafka (37)
2026-09-10 00:09:41,150 | INFO | FraudShieldAI | Produced transaction e19cd412-4ede-48db-9e42-3143e1456fc3 to Kafka (38)
2026-09-10 00:09:43,167 | INFO | FraudShieldAI | Produced transaction ba54c588-3510-41a9-b294-6af1773992b7 to Kafka (39)
2026-09-10 00:09:45,171 | INFO | FraudShieldAI | Produced transaction cc09cdda-2aff-46a9-93ee-27f05a7b97d5 to Kafka (40)
2026-09-10 00:09:47,189 | INFO | FraudShieldAI | Produced transaction 656bc5b0-f058-44a1-a2f6-f60949cc6fbe to Kafka (41)
2026-09-10 00:09:49,211 | INFO | FraudShieldAI | Produced transaction bc0fb312-7d93-4af3-b480-eaf5dc5ffdbe to Kafka (42)
2026-09-10 00:09:51,234 | INFO | FraudShieldAI | Produced transaction 7b3afa49-6fd5-4bd7-9bf2-ed73937c0e79 to Kafka (43)
2026-09-10 00:09:53,249 | INFO | FraudShieldAI | Produced transaction 432a0aa3-787e-4233-91b4-d173e10dd52e to Kafka (44)
2026-09-10 00:09:55,255 | INFO | FraudShieldAI | Produced transaction 8b23d97f-bfad-4b66-af9e-32ff75ffcbfe to Kafka (45)
2026-09-10 00:09:57,259 | INFO | FraudShieldAI | Produced transaction 257d2991-264b-44c5-9b91-315b2d4ea27f to Kafka (46)
2026-09-10 00:09:59,286 | INFO | FraudShieldAI | Produced transaction 3360e87c-ca25-408c-aca9-4306472b73e3 to Kafka (47)
2026-09-10 00:10:01,330 | INFO | FraudShieldAI | Produced transaction 13b4c0e2-2998-4a72-8be1-e18f57e8dc4c to Kafka (48)
2026-09-10 00:10:03,347 | INFO | FraudShieldAI | Produced transaction cb189bf0-3ade-4f18-a45f-2bdf851369cf to Kafka (49)
2026-09-10 00:10:06,166 | INFO | FraudShieldAI | Produced transaction 46a2c2ca-fdd0-4885-a0c6-cf706c92366f to Kafka (50)
2026-09-10 00:10:08,160 | INFO | FraudShieldAI | Produced transaction 809d630a-9607-4ae4-a7ed-e506f2e04cf5 to Kafka (51)
2026-09-10 00:10:10,158 | INFO | FraudShieldAI | Produced transaction fd980c89-2b77-4069-8037-04fed2965e8a to Kafka (52)
2026-09-10 00:10:12,182 | INFO | FraudShieldAI | Produced transaction ce4d0206-4be8-4349-85a3-46a3c32bacb7 to Kafka (53)
2026-09-10 00:10:14,217 | INFO | FraudShieldAI | Produced transaction 0ed05683-c0f2-45d6-9b3b-d2a439eb404c to Kafka (54)
2026-09-10 00:10:16,239 | INFO | FraudShieldAI | Produced transaction 1029926a-bac8-4b16-91c7-6436416ea33a to Kafka (55)
2026-09-10 00:10:18,240 | INFO | FraudShieldAI | Produced transaction add55faa-ad75-41eb-9aa5-35d1c75d9444 to Kafka (56)
2026-09-10 00:10:20,281 | INFO | FraudShieldAI | Produced transaction 75e457bb-119a-48bb-921e-2f60463d9eee to Kafka (57)
2026-09-10 00:10:22,325 | INFO | FraudShieldAI | Produced transaction 5792a25d-3f0b-4a56-9299-7b2d5726f4a6 to Kafka (58)
2026-09-10 00:10:24,374 | INFO | FraudShieldAI | Produced transaction 815a1bfd-fa01-446d-b429-51365f751833 to Kafka (59)
2026-09-10 00:10:26,411 | INFO | FraudShieldAI | Produced transaction e17df054-5d2e-4867-baf2-ad48f17c7f1d to Kafka (60)
2026-09-10 00:10:28,436 | INFO | FraudShieldAI | Produced transaction 98da2ba3-82e8-415b-91ee-09451ed98ef5 to Kafka (61)
2026-09-10 00:10:30,482 | INFO | FraudShieldAI | Produced transaction 105cb60d-a31a-45d2-9e13-f4cc175f5dd8 to Kafka (62)
2026-09-10 00:10:32,514 | INFO | FraudShieldAI | Produced transaction 8c2a3517-3d2e-44ae-bb90-df34a653d5d3 to Kafka (63)
2026-09-10 00:10:34,515 | INFO | FraudShieldAI | Produced transaction fa5c5c35-4263-4305-a22a-459ca75f9f4a to Kafka (64)
2026-09-10 00:10:36,535 | INFO | FraudShieldAI | Produced transaction 93d74bc7-57b7-41fc-9711-c6d6849f0fbf to Kafka (65)
2026-09-10 00:10:38,552 | INFO | FraudShieldAI | Produced transaction 4ff54e9a-2732-4a26-a1cb-b74a83e59d7f to Kafka (66)
2026-09-10 00:10:40,580 | INFO | FraudShieldAI | Produced transaction 130ce508-f121-4be3-9e21-68879a26f2b9 to Kafka (67)
2026-09-10 00:10:42,599 | INFO | FraudShieldAI | Produced transaction 510e5a0e-960a-47a0-90b5-1e3f1c054b31 to Kafka (68)
2026-09-10 00:10:44,638 | INFO | FraudShieldAI | Produced transaction 7086bef9-1e3e-4817-bf07-58b5129488aa to Kafka (69)
2026-09-10 00:10:46,674 | INFO | FraudShieldAI | Produced transaction e5fe7a87-185e-4e6c-a1d3-18e72e76632b to Kafka (70)
2026-09-10 00:10:48,716 | INFO | FraudShieldAI | Produced transaction 3c1e28e7-dde5-4869-bcc6-fe6a5cd212c2 to Kafka (71)
2026-09-10 00:10:57,638 | INFO | FraudShieldAI | Produced transaction 269941fa-343e-44ff-9592-29330153ca64 to Kafka (72)
2026-09-10 00:10:59,652 | INFO | FraudShieldAI | Produced transaction 48324490-fdba-4cee-a4f0-23d9edcb6331 to Kafka (73)
2026-09-10 00:11:01,667 | INFO | FraudShieldAI | Produced transaction 45b060a5-4a04-4aac-bce6-1d2f56f1506b to Kafka (74)
2026-09-10 00:11:03,694 | INFO | FraudShieldAI | Produced transaction 2cdca655-0afc-4fec-8048-0660ec3710a5 to Kafka (75)
2026-09-10 00:11:05,717 | INFO | FraudShieldAI | Produced transaction 67e12f5d-5b98-4942-9038-16a987ea3e93 to Kafka (76)
2026-09-10 00:11:07,735 | INFO | FraudShieldAI | Produced transaction c8222acd-1077-47d0-a06c-172b1760b3e0 to Kafka (77)
2026-09-10 00:11:09,755 | INFO | FraudShieldAI | Produced transaction 90ea5e81-cb92-4c57-a2c2-023b4125b68e to Kafka (78)
2026-09-10 00:11:11,791 | INFO | FraudShieldAI | Produced transaction 5505f920-a85b-4d98-9706-056fac639c4b to Kafka (79)
2026-09-10 00:11:13,788 | INFO | FraudShieldAI | Produced transaction 84342540-2fc0-4736-bef3-b1ce9c93e6ee to Kafka (80)
2026-09-10 00:11:15,806 | INFO | FraudShieldAI | Produced transaction e41554f4-a110-4d94-ada3-6725c84ff4ad to Kafka (81)
2026-09-10 00:11:17,834 | INFO | FraudShieldAI | Produced transaction 0017a284-a174-49f6-b12f-706599156cd2 to Kafka (82)
2026-09-10 00:11:19,864 | INFO | FraudShieldAI | Produced transaction ef47323f-ab07-4d50-9b5f-979347403e23 to Kafka (83)
2026-09-10 00:11:21,897 | INFO | FraudShieldAI | Produced transaction 940263b9-facb-47ce-b79b-17b86ed2765b to Kafka (84)
2026-09-10 00:11:23,909 | INFO | FraudShieldAI | Produced transaction e21e1b59-5af6-427a-9d15-d39d722d6a0c to Kafka (85)
2026-09-10 00:11:25,941 | INFO | FraudShieldAI | Produced transaction 126f2f1b-582d-426d-af37-1b2fc426e3ab to Kafka (86)
2026-09-10 00:11:27,971 | INFO | FraudShieldAI | Produced transaction d84408bb-fa0d-441c-bdb2-e4719ef00c0b to Kafka (87)
2026-09-10 00:11:29,990 | INFO | FraudShieldAI | Produced transaction 99ce4be6-99a2-4b5a-a877-778779629358 to Kafka (88)
2026-09-10 00:11:32,231 | INFO | FraudShieldAI | Produced transaction 3324ca52-1d16-4ca7-9b03-0126f77cf078 to Kafka (89)
2026-09-10 00:11:34,293 | INFO | FraudShieldAI | Produced transaction 4d82e745-95b0-46c3-8125-d6ee181bc18c to Kafka (90)
2026-09-10 00:11:36,407 | INFO | FraudShieldAI | Produced transaction 8e7cde1c-25da-4f86-804c-8ff8daa7f88f to Kafka (91)
2026-09-10 00:11:39,087 | INFO | FraudShieldAI | Produced transaction 0a60a688-1ef6-4844-9a19-91c61f7c081c to Kafka (92)
2026-09-10 00:11:41,407 | INFO | FraudShieldAI | Produced transaction 3d907730-ecd8-452d-a75a-45d52bb97042 to Kafka (93)
2026-09-10 00:11:43,936 | INFO | FraudShieldAI | Produced transaction de2048e5-a1b1-4fea-bc34-8a40823ef333 to Kafka (94)
2026-09-10 00:11:47,630 | INFO | FraudShieldAI | Produced transaction efd4e7e2-40fe-41f9-9c1a-ee032b5ee2d5 to Kafka (95)
2026-09-10 00:11:50,412 | INFO | FraudShieldAI | Produced transaction 49f960e5-8453-4cbc-b713-48735708d81d to Kafka (96)
2026-09-10 00:11:54,361 | INFO | FraudShieldAI | Produced transaction 74960869-4d8c-4783-a2b6-cc97601152cf to Kafka (97)
2026-09-10 00:11:56,739 | INFO | FraudShieldAI | Produced transaction 9b5c4728-1af9-490c-b9ef-a10e79b9a544 to Kafka (98)
2026-09-10 00:12:01,001 | INFO | FraudShieldAI | Produced transaction 635cf2b5-cc0e-4ec3-b86c-00e2ee2c67f2 to Kafka (99)
2026-09-10 00:12:03,108 | INFO | FraudShieldAI | Produced transaction 8ef20824-598a-42a3-8f5f-40a8563197db to Kafka (100)
2026-09-10 00:12:05,378 | INFO | FraudShieldAI | Produced transaction b731ad01-0c64-4dd1-b5b6-c43a28670193 to Kafka (101)
2026-09-10 00:12:07,393 | INFO | FraudShieldAI | Produced transaction edb6a2df-f134-4a84-8d64-fc9d99763373 to Kafka (102)
2026-09-10 00:12:09,441 | INFO | FraudShieldAI | Produced transaction 3256db63-3810-4f9e-aec6-e7b82b1734b9 to Kafka (103)
2026-09-10 00:12:13,669 | INFO | FraudShieldAI | Produced transaction fcd463aa-10a7-4ddb-999e-f6bbaaee694e to Kafka (104)
2026-09-10 00:12:15,715 | INFO | FraudShieldAI | Produced transaction 60121e31-eeed-40db-9bd8-066d629aae40 to Kafka (105)
2026-09-10 00:12:17,719 | INFO | FraudShieldAI | Produced transaction 2226bbc2-ed41-4ef4-8049-074bac745e0e to Kafka (106)
2026-09-10 00:12:19,740 | INFO | FraudShieldAI | Produced transaction 7a6eda69-b52c-44aa-82fc-0110ab6a20d5 to Kafka (107)
2026-09-10 00:12:22,011 | INFO | FraudShieldAI | Produced transaction 73d6c27c-4ee4-4f78-b0f8-198df0a5a0b9 to Kafka (108)
2026-09-10 00:12:24,486 | INFO | FraudShieldAI | Produced transaction 0863ceb9-7317-45f7-97e7-6bab6de0f2b7 to Kafka (109)
2026-09-10 00:12:26,507 | INFO | FraudShieldAI | Produced transaction 96e1ad5f-b0f2-4993-a8bd-d58f0db47974 to Kafka (110)
2026-09-10 00:12:28,825 | INFO | FraudShieldAI | Produced transaction 5c71980d-5957-4ecf-ab14-fc4c35b549d9 to Kafka (111)
2026-09-10 00:12:30,858 | INFO | FraudShieldAI | Produced transaction 730ce9ec-61eb-4c12-8625-b046e358426e to Kafka (112)
2026-09-10 00:12:32,864 | INFO | FraudShieldAI | Produced transaction 5e23c370-8101-456d-bcf3-623b51dd155f to Kafka (113)
2026-09-10 00:12:34,865 | INFO | FraudShieldAI | Produced transaction 8376926d-86a2-43e9-bbfa-21b11db4b30d to Kafka (114)
2026-09-10 00:12:36,902 | INFO | FraudShieldAI | Produced transaction 0b5ab836-5570-4d5a-8c45-602f1cc3b2aa to Kafka (115)
2026-09-10 00:12:38,951 | INFO | FraudShieldAI | Produced transaction 0cd820c4-64e4-4f2b-bb43-901afb0a5f77 to Kafka (116)
2026-09-10 00:12:41,012 | INFO | FraudShieldAI | Produced transaction bfbba0b6-d70b-403c-b31b-214d3baeb041 to Kafka (117)
2026-09-10 00:12:43,035 | INFO | FraudShieldAI | Produced transaction d5330725-4f43-4e84-9a56-043b88c0c996 to Kafka (118)
2026-09-10 00:12:45,050 | INFO | FraudShieldAI | Produced transaction c971dc11-2965-4730-944f-7bed44fb2a69 to Kafka (119)
2026-09-10 00:12:47,072 | INFO | FraudShieldAI | Produced transaction bcb960e9-8a08-46c6-8ba6-6e52607ced81 to Kafka (120)
2026-09-10 00:12:49,086 | INFO | FraudShieldAI | Produced transaction d4e25ce5-35ee-42dd-a0c4-48ead7d8dde5 to Kafka (121)
2026-09-10 00:12:51,125 | INFO | FraudShieldAI | Produced transaction 3ed6af84-efb0-41bb-8329-7ed3e650cf2b to Kafka (122)
2026-09-10 00:12:53,139 | INFO | FraudShieldAI | Produced transaction 62ebd882-c160-4135-aa72-27ae60042393 to Kafka (123)
2026-09-10 00:12:55,172 | INFO | FraudShieldAI | Produced transaction 57a64620-4ab5-498b-a707-b8a71ee1046d to Kafka (124)
2026-09-10 00:12:57,204 | INFO | FraudShieldAI | Produced transaction d7d665d8-f804-49b4-93e7-d8af95ca7fd6 to Kafka (125)
2026-09-10 00:12:59,208 | INFO | FraudShieldAI | Produced transaction 5874cc1a-410c-43a1-94a9-694ddd1cbf4a to Kafka (126)
2026-09-10 00:13:01,220 | INFO | FraudShieldAI | Produced transaction 209be7a9-9fc2-4145-93df-32e23b14665d to Kafka (127)
2026-09-10 00:13:03,250 | INFO | FraudShieldAI | Produced transaction e8c13607-73b3-4b3d-9bab-1b10e4c90dcd to Kafka (128)
2026-09-10 00:13:05,300 | INFO | FraudShieldAI | Produced transaction 6cbe9aae-9936-4663-bee3-ab965daec383 to Kafka (129)
2026-09-10 00:13:07,302 | INFO | FraudShieldAI | Produced transaction ae3639dc-aaf5-4fc0-b90b-81a9b36ce40d to Kafka (130)
2026-09-10 00:13:09,336 | INFO | FraudShieldAI | Produced transaction 86e72269-ecc1-491e-94ca-8a31b12f5a66 to Kafka (131)
2026-09-10 00:13:11,369 | INFO | FraudShieldAI | Produced transaction ddd40196-c80e-406e-a84a-3a774e90c1f0 to Kafka (132)
2026-09-10 00:13:13,405 | INFO | FraudShieldAI | Produced transaction d4260b62-cd13-4d24-bd92-e6ec7661ca34 to Kafka (133)
2026-09-10 00:13:15,443 | INFO | FraudShieldAI | Produced transaction 9720e92f-c2d1-4509-b61e-4437c82836d0 to Kafka (134)
2026-09-10 00:13:17,462 | INFO | FraudShieldAI | Produced transaction 5bd74e72-d673-420b-8553-e2aae7574ea6 to Kafka (135)
2026-09-10 00:13:19,488 | INFO | FraudShieldAI | Produced transaction 1dcf4657-2ae5-418f-90e7-56d034083ac1 to Kafka (136)
2026-09-10 00:13:21,512 | INFO | FraudShieldAI | Produced transaction 912bdfad-4f12-4a67-ae85-90371e3d8223 to Kafka (137)
2026-09-10 00:13:23,539 | INFO | FraudShieldAI | Produced transaction cf0a9a0e-c163-4c1a-999e-c113f1d0e844 to Kafka (138)
2026-09-10 00:13:25,582 | INFO | FraudShieldAI | Produced transaction a0d315b5-b2c3-4aaa-8335-eb024e51b401 to Kafka (139)
2026-09-10 00:13:27,587 | INFO | FraudShieldAI | Produced transaction 50672e85-6bf4-471d-9713-3f58b3dba92a to Kafka (140)
2026-09-10 00:13:29,611 | INFO | FraudShieldAI | Produced transaction 0ce0868c-abfe-46e0-bc37-302ad8b9d300 to Kafka (141)
2026-09-10 00:13:31,618 | INFO | FraudShieldAI | Produced transaction e82b5cd7-1b42-44ae-a56d-9973f51938a5 to Kafka (142)
2026-09-10 00:13:33,631 | INFO | FraudShieldAI | Produced transaction 814550b3-0dad-4da1-916c-be2d921aeabb to Kafka (143)
2026-09-10 00:13:35,660 | INFO | FraudShieldAI | Produced transaction 5ac457a8-6b43-4cc6-bfaf-4c960d6393fe to Kafka (144)
2026-09-10 00:13:37,684 | INFO | FraudShieldAI | Produced transaction 230569dd-806a-4fe4-8ec8-423f3fe163d5 to Kafka (145)
2026-09-10 00:13:39,692 | INFO | FraudShieldAI | Produced transaction e17ec00c-5aaf-446d-b9b3-3941354d6831 to Kafka (146)
2026-09-10 00:13:41,696 | INFO | FraudShieldAI | Produced transaction 300db78f-5e28-4048-8525-fcedd37f69bb to Kafka (147)
2026-09-10 00:13:43,720 | INFO | FraudShieldAI | Produced transaction 2a2edb8f-e62b-4962-ab4f-e702d53de2a1 to Kafka (148)
2026-09-10 00:13:45,723 | INFO | FraudShieldAI | Produced transaction f428b361-45b5-44ae-9c87-f0fec5ae457d to Kafka (149)
2026-09-10 00:13:47,754 | INFO | FraudShieldAI | Produced transaction 43d10d71-bf90-4795-99ec-5885aa9e889f to Kafka (150)
2026-09-10 00:13:49,782 | INFO | FraudShieldAI | Produced transaction 1e14c24f-84f0-4389-8117-7fb309fb63a6 to Kafka (151)
2026-09-10 00:13:51,806 | INFO | FraudShieldAI | Produced transaction bbc80e24-3e90-42e2-a93a-c9cceea2fdd3 to Kafka (152)
2026-09-10 00:13:53,821 | INFO | FraudShieldAI | Produced transaction 045f107f-7a4c-4932-baff-5b317fffdf55 to Kafka (153)
2026-09-10 00:13:55,831 | INFO | FraudShieldAI | Produced transaction d4ff1d8c-f788-48db-97ed-4f19e8c7e645 to Kafka (154)
2026-09-10 00:13:57,843 | INFO | FraudShieldAI | Produced transaction 557a9be9-b7ab-4688-be0e-e0da7ba52cd3 to Kafka (155)
2026-09-10 00:13:59,886 | INFO | FraudShieldAI | Produced transaction ca4b7d87-5190-417a-9eb3-80b9d8f298ca to Kafka (156)
2026-09-10 00:14:01,907 | INFO | FraudShieldAI | Produced transaction d800a5c4-7003-4e3a-accf-0069327a7c82 to Kafka (157)
2026-09-10 00:14:03,929 | INFO | FraudShieldAI | Produced transaction 6a8d83de-870e-48aa-b959-9bf7dad98711 to Kafka (158)
2026-09-10 00:14:05,961 | INFO | FraudShieldAI | Produced transaction b03a3c18-f9f5-4159-8cce-d425708a189e to Kafka (159)
2026-09-10 00:14:07,977 | INFO | FraudShieldAI | Produced transaction fd27f27f-7478-4f98-81b4-35d2761016eb to Kafka (160)
2026-09-10 00:14:09,993 | INFO | FraudShieldAI | Produced transaction 3e220a2f-98ec-4a18-966e-70b6bcf2742e to Kafka (161)
2026-09-10 00:14:11,988 | INFO | FraudShieldAI | Produced transaction 31ef2314-50cd-4d01-9e16-fc93f8669f56 to Kafka (162)
2026-09-10 00:14:14,001 | INFO | FraudShieldAI | Produced transaction e681c1f2-3259-42d6-aaf0-84d16c6aa483 to Kafka (163)
2026-09-10 00:14:16,023 | INFO | FraudShieldAI | Produced transaction b79142cb-5061-4014-9a16-6ad86da0fd0c to Kafka (164)
2026-09-10 00:14:18,046 | INFO | FraudShieldAI | Produced transaction b5ea6080-123a-482d-be86-d4554e86f201 to Kafka (165)
2026-09-10 00:14:20,050 | INFO | FraudShieldAI | Produced transaction a2e7b8ed-7d83-4443-bbb8-09738b0b0b3e to Kafka (166)
2026-09-10 00:14:22,049 | INFO | FraudShieldAI | Produced transaction 1e3495d6-8d10-4962-affd-94098531124b to Kafka (167)
2026-09-10 00:14:24,047 | INFO | FraudShieldAI | Produced transaction 6f591216-b4c1-4fa5-8bfc-5f3312b910fc to Kafka (168)
2026-09-10 00:14:26,055 | INFO | FraudShieldAI | Produced transaction 9c2ac246-d596-454e-ad30-b30b65fb099a to Kafka (169)
2026-09-10 00:14:28,078 | INFO | FraudShieldAI | Produced transaction 3615a963-31b4-4b40-ab08-1a0403cb9457 to Kafka (170)
2026-09-10 00:14:30,089 | INFO | FraudShieldAI | Produced transaction c995a86b-a47c-4009-8dcb-c19fff504c56 to Kafka (171)
2026-09-10 00:14:32,100 | INFO | FraudShieldAI | Produced transaction c2ea1264-1d68-4830-87f0-03799a946e8d to Kafka (172)
2026-09-10 00:14:34,131 | INFO | FraudShieldAI | Produced transaction 378aeff0-3198-49e6-805f-68ae7699c6c9 to Kafka (173)
2026-09-10 00:14:36,166 | INFO | FraudShieldAI | Produced transaction 5a2d94b6-b113-4156-a78a-ed4b31bab13c to Kafka (174)
2026-09-10 00:14:38,170 | INFO | FraudShieldAI | Produced transaction 8c5c7d61-d8e4-4f81-b1d8-3d2048b39d4a to Kafka (175)
2026-09-10 00:14:40,193 | INFO | FraudShieldAI | Produced transaction f722b2ec-f622-49f3-9115-14953b715fc1 to Kafka (176)
2026-09-10 00:14:42,211 | INFO | FraudShieldAI | Produced transaction d63bb696-a87c-410f-a5f8-9f36f9398401 to Kafka (177)
2026-09-10 00:14:44,225 | INFO | FraudShieldAI | Produced transaction a6a6255a-9183-4fcf-8414-8765a527b3d7 to Kafka (178)
2026-09-10 00:14:46,261 | INFO | FraudShieldAI | Produced transaction da9fac21-c6be-4937-b441-34aaf9eba90f to Kafka (179)
2026-09-10 00:14:48,283 | INFO | FraudShieldAI | Produced transaction 699c1391-c372-49f8-b603-c3098ebda7f0 to Kafka (180)
2026-09-10 00:14:50,295 | INFO | FraudShieldAI | Produced transaction d40505aa-2071-4813-867d-11bc5910059b to Kafka (181)
2026-09-10 00:14:52,320 | INFO | FraudShieldAI | Produced transaction bd1f3d60-49a8-47a7-a373-fe7e8de0b1ca to Kafka (182)
2026-09-10 00:14:54,327 | INFO | FraudShieldAI | Produced transaction 446dacad-3999-4584-a71a-c6f56aa3cad0 to Kafka (183)
2026-09-10 00:14:56,341 | INFO | FraudShieldAI | Produced transaction f4e99fdb-e1e6-4c97-9406-09c1e8af271e to Kafka (184)
2026-09-10 00:14:58,344 | INFO | FraudShieldAI | Produced transaction 01a8cca1-1e7a-4d64-8529-ee07b914d5a1 to Kafka (185)
2026-09-10 00:15:00,351 | INFO | FraudShieldAI | Produced transaction b2b8ba0f-f4c6-47a5-9ca2-9852b38411d0 to Kafka (186)
2026-09-10 00:15:02,378 | INFO | FraudShieldAI | Produced transaction 91b1a2e8-58e5-4500-b4be-d7a32a45539b to Kafka (187)
2026-09-10 00:15:04,379 | INFO | FraudShieldAI | Produced transaction c258942c-8c57-4bfc-ae65-9cf5f7d79ce5 to Kafka (188)
2026-09-10 00:15:06,387 | INFO | FraudShieldAI | Produced transaction b448b07e-fd42-4a44-848b-69bc0fd1af45 to Kafka (189)
2026-09-10 00:15:08,403 | INFO | FraudShieldAI | Produced transaction 055096f8-f01e-44d2-98de-b64584725ebc to Kafka (190)
2026-09-10 00:15:10,427 | INFO | FraudShieldAI | Produced transaction afcbb03f-ef6e-49ea-917d-5cb196a2e188 to Kafka (191)
2026-09-10 00:15:12,451 | INFO | FraudShieldAI | Produced transaction 53c399cd-a383-425f-9d15-6ff4999a4928 to Kafka (192)
2026-09-10 00:15:14,468 | INFO | FraudShieldAI | Produced transaction d348fb5f-4e88-4221-8918-adb9fcee4cf4 to Kafka (193)
2026-09-10 00:15:16,482 | INFO | FraudShieldAI | Produced transaction e65031ed-d3d6-4f5c-b139-a36a1812f9b1 to Kafka (194)
2026-09-10 00:15:18,484 | INFO | FraudShieldAI | Produced transaction 545be691-1531-4451-9b20-0d249c5db3d7 to Kafka (195)
2026-09-10 00:15:20,488 | INFO | FraudShieldAI | Produced transaction bc3c98f0-1d94-41be-8aa0-8e36b5804fad to Kafka (196)
2026-09-10 00:15:22,502 | INFO | FraudShieldAI | Produced transaction f2fb18f1-0d2d-42cd-9d01-7444dd6a5685 to Kafka (197)
2026-09-10 00:15:24,499 | INFO | FraudShieldAI | Produced transaction 0ca2c618-c892-4722-83f8-024233cc1469 to Kafka (198)
2026-09-10 00:15:26,523 | INFO | FraudShieldAI | Produced transaction 5bfa190f-4c29-4bec-be25-921c999ac2bb to Kafka (199)
2026-09-10 00:15:28,550 | INFO | FraudShieldAI | Produced transaction 42bb282c-0732-43f2-8149-e200d5103734 to Kafka (200)
2026-09-10 00:15:30,556 | INFO | FraudShieldAI | Produced transaction 0dbfea53-edce-4b0c-bd51-bcf67c9b7522 to Kafka (201)
2026-09-10 00:15:32,569 | INFO | FraudShieldAI | Produced transaction a37b3416-dbad-4413-b970-66c113eb8af8 to Kafka (202)
2026-09-10 00:15:34,605 | INFO | FraudShieldAI | Produced transaction 20da277e-c6b6-423e-96ae-53961e223b26 to Kafka (203)
2026-09-10 00:15:36,635 | INFO | FraudShieldAI | Produced transaction 0370ae85-ef71-48a7-a516-76a5ac5a040c to Kafka (204)
2026-09-10 00:15:38,663 | INFO | FraudShieldAI | Produced transaction 144388b3-1e3f-41a7-aad1-134fcbbe1a02 to Kafka (205)
2026-09-10 00:15:40,691 | INFO | FraudShieldAI | Produced transaction 07d194bb-ae39-4806-a4e1-75781a702ed5 to Kafka (206)
2026-09-10 00:15:42,707 | INFO | FraudShieldAI | Produced transaction a3e00509-2cde-4985-886a-34141d52e184 to Kafka (207)
2026-09-10 00:15:44,741 | INFO | FraudShieldAI | Produced transaction 746afbf7-e1ca-42fd-b6db-ff4b8f515394 to Kafka (208)
2026-09-10 00:15:46,742 | INFO | FraudShieldAI | Produced transaction 4c0e94eb-6b42-49a6-8064-6cf2b9cdd42b to Kafka (209)
2026-09-10 00:15:48,781 | INFO | FraudShieldAI | Produced transaction 5e4566d9-e50e-40aa-97e2-6da996f77bdd to Kafka (210)
2026-09-10 00:15:50,802 | INFO | FraudShieldAI | Produced transaction e3a75794-fdbd-43bc-8612-2cf01fa37736 to Kafka (211)
2026-09-10 00:15:52,828 | INFO | FraudShieldAI | Produced transaction 61ff225f-e1cb-43f7-b171-03b794ad99ee to Kafka (212)
2026-09-10 00:15:54,828 | INFO | FraudShieldAI | Produced transaction 1148b818-a405-4ac8-bf7a-5a587ddab6d5 to Kafka (213)
2026-09-10 00:15:56,821 | INFO | FraudShieldAI | Produced transaction 696e200c-c6b2-4df6-aff7-aa4e06acbdda to Kafka (214)
2026-09-10 00:15:58,842 | INFO | FraudShieldAI | Produced transaction 11e8c64e-639d-404d-b33b-bae94b494a90 to Kafka (215)
2026-09-10 00:16:00,866 | INFO | FraudShieldAI | Produced transaction c2c503ee-521c-4100-a3a5-182e62c6b36c to Kafka (216)
2026-09-10 00:16:02,897 | INFO | FraudShieldAI | Produced transaction be644da1-a95f-4737-b704-7963544238c1 to Kafka (217)
2026-09-10 00:16:04,920 | INFO | FraudShieldAI | Produced transaction 5f8c5010-0d1e-40ec-8fef-9a791d6b1678 to Kafka (218)
2026-09-10 00:16:06,936 | INFO | FraudShieldAI | Produced transaction 1801652d-f168-4f6d-a80c-23a8c58d2316 to Kafka (219)
2026-09-10 00:16:08,944 | INFO | FraudShieldAI | Produced transaction afb1cb21-e273-40ab-874e-95f6a65220b5 to Kafka (220)
2026-09-10 00:16:10,955 | INFO | FraudShieldAI | Produced transaction 30d6ec24-6e96-4ccf-bf19-221244aedf9e to Kafka (221)
2026-09-10 00:16:12,979 | INFO | FraudShieldAI | Produced transaction 0e8cec31-7e28-47e6-a5b7-af31863ac400 to Kafka (222)
2026-09-10 00:16:14,998 | INFO | FraudShieldAI | Produced transaction eb8b36f4-e98a-477e-bba5-72b8603e3595 to Kafka (223)
2026-09-10 00:16:17,013 | INFO | FraudShieldAI | Produced transaction d4d68185-6f6f-425f-b81d-6279062f6935 to Kafka (224)
2026-09-10 00:16:19,035 | INFO | FraudShieldAI | Produced transaction 3f4500b7-53bc-4e11-ab2f-0c44dca60f24 to Kafka (225)
2026-09-10 00:16:21,052 | INFO | FraudShieldAI | Produced transaction d9e28e20-785a-43fc-8abf-ff97b3324a87 to Kafka (226)
2026-09-10 00:16:23,084 | INFO | FraudShieldAI | Produced transaction 226dfe73-9aa4-4c14-bd27-fddf09cb6b63 to Kafka (227)
2026-09-10 00:16:25,114 | INFO | FraudShieldAI | Produced transaction ae883fa1-998d-4fa1-bfdb-7141225b8f10 to Kafka (228)
2026-09-10 00:16:27,137 | INFO | FraudShieldAI | Produced transaction cd450648-52f3-49a0-a596-33cc30ca1c12 to Kafka (229)
2026-09-10 00:16:29,148 | INFO | FraudShieldAI | Produced transaction d96b61c8-651b-4186-b8af-503783c9c4a0 to Kafka (230)
2026-09-10 00:16:31,170 | INFO | FraudShieldAI | Produced transaction 76c839f1-0ab3-40b5-bb16-1ce9ac119083 to Kafka (231)
2026-09-10 00:16:33,182 | INFO | FraudShieldAI | Produced transaction 5c8e6378-31b0-4e5e-94e8-10fd9a761555 to Kafka (232)
2026-09-10 00:16:35,211 | INFO | FraudShieldAI | Produced transaction f4c5309b-ea1c-404e-abea-ecca6283bf68 to Kafka (233)
2026-09-10 00:16:37,236 | INFO | FraudShieldAI | Produced transaction acfb1a9c-e438-4de2-b477-1be4a2f818d9 to Kafka (234)
2026-09-10 00:16:39,255 | INFO | FraudShieldAI | Produced transaction 71480d5c-8705-4b7d-9efe-2aaf1b52b6c6 to Kafka (235)
2026-09-10 00:16:41,278 | INFO | FraudShieldAI | Produced transaction 36623e21-9f66-4e25-8422-f5681ef82eae to Kafka (236)
2026-09-10 00:16:43,307 | INFO | FraudShieldAI | Produced transaction 5463f41d-f59b-4ffa-8184-0904ea257892 to Kafka (237)
2026-09-10 00:16:45,324 | INFO | FraudShieldAI | Produced transaction 48c4a40f-51ff-4f57-b3b6-3a7e72b0dbe9 to Kafka (238)
2026-09-10 00:16:47,351 | INFO | FraudShieldAI | Produced transaction c4e6699f-e6ca-41d6-97e6-febec81abd80 to Kafka (239)
2026-09-10 00:16:49,385 | INFO | FraudShieldAI | Produced transaction 4524c778-f4d8-4a82-8cd6-bb65712eec02 to Kafka (240)
2026-09-10 00:16:51,417 | INFO | FraudShieldAI | Produced transaction 4245ddaa-d1d3-41a2-92c7-38b249ef6998 to Kafka (241)
2026-09-10 00:16:53,438 | INFO | FraudShieldAI | Produced transaction be2d9d45-69fc-4d37-89c8-b1666df3e423 to Kafka (242)
2026-09-10 00:16:55,464 | INFO | FraudShieldAI | Produced transaction a25f41fd-c34c-4f0b-87dc-9384b785d05d to Kafka (243)
2026-09-10 00:16:57,474 | INFO | FraudShieldAI | Produced transaction 1ee021b3-0b9e-4a70-a58a-dd9c03596dea to Kafka (244)
2026-09-10 00:16:59,517 | INFO | FraudShieldAI | Produced transaction 7faa3b4c-037b-40e3-9f40-a2442c7eec44 to Kafka (245)
2026-09-10 00:17:01,532 | INFO | FraudShieldAI | Produced transaction 43eddc97-60e7-454e-a942-1882a447f722 to Kafka (246)
2026-09-10 00:17:03,543 | INFO | FraudShieldAI | Produced transaction 4008123f-d4e6-4882-87ab-423830a5f429 to Kafka (247)
2026-09-10 00:17:05,564 | INFO | FraudShieldAI | Produced transaction 80f191b5-e0a3-43df-9ec0-d995102de35d to Kafka (248)
2026-09-10 00:17:07,586 | INFO | FraudShieldAI | Produced transaction 084cdb8f-bf09-4f19-8a64-a661e4c64076 to Kafka (249)
2026-09-10 00:17:09,616 | INFO | FraudShieldAI | Produced transaction 2a349c1d-3efb-4ca4-a3b5-5e349d4e4210 to Kafka (250)
2026-09-10 00:17:11,652 | INFO | FraudShieldAI | Produced transaction ad8476c5-8fef-435e-ac02-385c50535ebf to Kafka (251)
2026-09-10 00:17:13,666 | INFO | FraudShieldAI | Produced transaction c1a27cad-557f-490a-bb74-80d574c75dc6 to Kafka (252)
2026-09-10 00:17:15,685 | INFO | FraudShieldAI | Produced transaction 7f964539-d442-4f8f-86ea-f4caf2e16d71 to Kafka (253)
2026-09-10 00:17:17,711 | INFO | FraudShieldAI | Produced transaction 88dec2b0-8b5d-4268-a7dc-5e7fdb18b1bd to Kafka (254)
2026-09-10 00:17:19,743 | INFO | FraudShieldAI | Produced transaction 637d7c09-af1e-47cb-b047-3cd2b97dfaef to Kafka (255)
2026-09-10 00:17:21,785 | INFO | FraudShieldAI | Produced transaction 2e63a0c0-eb8d-4b40-b92b-3b0fec566e04 to Kafka (256)
2026-09-10 00:17:23,809 | INFO | FraudShieldAI | Produced transaction a65d67cd-7c20-43ff-ba3f-e53ef82aca1e to Kafka (257)
2026-09-10 00:17:25,839 | INFO | FraudShieldAI | Produced transaction 32fa2f95-887c-490c-b2dc-974dfd1f5485 to Kafka (258)
2026-09-10 00:17:27,847 | INFO | FraudShieldAI | Produced transaction c3b0065f-261b-4f7a-a7d1-94bd7c318d7f to Kafka (259)
2026-09-10 00:17:29,850 | INFO | FraudShieldAI | Produced transaction 9265045c-0d70-4b7b-954a-320110816385 to Kafka (260)
2026-09-10 00:17:31,879 | INFO | FraudShieldAI | Produced transaction 1192cf2f-fcb9-4df4-bcfe-6803bd8804cd to Kafka (261)
2026-09-10 00:17:33,881 | INFO | FraudShieldAI | Produced transaction db58780e-06c4-495e-9d12-34f9afbca388 to Kafka (262)
2026-09-10 00:17:35,894 | INFO | FraudShieldAI | Produced transaction 040d18e2-0ee0-4d9e-b463-2570ef8e1319 to Kafka (263)
2026-09-10 00:17:37,909 | INFO | FraudShieldAI | Produced transaction 63e4f936-f746-4fe7-a28b-1b2316a01dfb to Kafka (264)
2026-09-10 00:17:39,929 | INFO | FraudShieldAI | Produced transaction a49f0b0f-0ae5-4eb9-a38e-395f9fc00742 to Kafka (265)
2026-09-10 00:17:41,941 | INFO | FraudShieldAI | Produced transaction 34e0f7dd-e30d-497c-b4af-cf6edfef6461 to Kafka (266)
2026-09-10 00:17:43,965 | INFO | FraudShieldAI | Produced transaction ff6946dc-3fe4-476a-9442-1ec58b18a736 to Kafka (267)
2026-09-10 00:17:45,979 | INFO | FraudShieldAI | Produced transaction 78931678-d074-4322-bfb6-abe81d6bb18e to Kafka (268)
2026-09-10 00:17:48,005 | INFO | FraudShieldAI | Produced transaction 29c9dbbc-17ba-43af-a18e-69bfad1c3d50 to Kafka (269)
2026-09-10 00:17:50,042 | INFO | FraudShieldAI | Produced transaction 43d996f5-3d62-47ce-85a1-8101dc7e0183 to Kafka (270)
2026-09-10 00:17:52,047 | INFO | FraudShieldAI | Produced transaction c643a7cd-6568-4237-bae1-670eb8a70a65 to Kafka (271)
2026-09-10 00:17:54,061 | INFO | FraudShieldAI | Produced transaction 69586a95-0b7b-4462-b91d-5d7e42a9cd5e to Kafka (272)
2026-09-10 00:17:56,089 | INFO | FraudShieldAI | Produced transaction 77af19ca-d49e-4e11-9c99-3a23c5aaefae to Kafka (273)
2026-09-10 00:17:58,102 | INFO | FraudShieldAI | Produced transaction e46f8695-d83d-4839-9294-8cf92521863c to Kafka (274)
2026-09-10 00:18:00,106 | INFO | FraudShieldAI | Produced transaction 318e0985-87b2-4f45-9713-5cbc88ed9136 to Kafka (275)
2026-09-10 00:18:02,117 | INFO | FraudShieldAI | Produced transaction 0b29f8a8-9073-4057-979d-868c99e45089 to Kafka (276)
2026-09-10 00:18:04,160 | INFO | FraudShieldAI | Produced transaction ba1b1e56-b243-4454-bbe0-379342543557 to Kafka (277)
2026-09-10 00:18:06,201 | INFO | FraudShieldAI | Produced transaction f3618edb-a4a3-4674-a9cd-0a7f20261d20 to Kafka (278)
2026-09-10 00:18:08,240 | INFO | FraudShieldAI | Produced transaction 47aeccea-446c-4e35-8f6f-e2ab66d1a784 to Kafka (279)
2026-09-10 00:18:10,275 | INFO | FraudShieldAI | Produced transaction 53fb7e22-cb44-4116-878d-7f549628ce02 to Kafka (280)
2026-09-10 00:18:12,281 | INFO | FraudShieldAI | Produced transaction f72aabd8-5fc5-4a31-98c8-b290fdc50631 to Kafka (281)
2026-09-10 00:18:14,301 | INFO | FraudShieldAI | Produced transaction d366f0d8-30ba-4b45-ba87-dd09830451fc to Kafka (282)
2026-09-10 00:18:16,326 | INFO | FraudShieldAI | Produced transaction 3a8cd227-a73e-4db8-8ebf-86089a166e06 to Kafka (283)
2026-09-10 00:18:18,331 | INFO | FraudShieldAI | Produced transaction c0d09a93-2c3c-4221-b34a-20305662c0c2 to Kafka (284)
2026-09-10 00:18:20,324 | INFO | FraudShieldAI | Produced transaction 24660c12-1033-4937-bf60-a8fe9689b999 to Kafka (285)
2026-09-10 00:18:22,333 | INFO | FraudShieldAI | Produced transaction 58cbcf55-1d10-4c87-9876-ca9b61d3c3e3 to Kafka (286)
2026-09-10 00:18:24,356 | INFO | FraudShieldAI | Produced transaction ad2ee6c0-ed35-44b0-a460-d2141da39dc2 to Kafka (287)
2026-09-10 00:18:26,372 | INFO | FraudShieldAI | Produced transaction 74487b92-42d9-4a5e-851e-eb50a23f387c to Kafka (288)
2026-09-10 00:18:28,399 | INFO | FraudShieldAI | Produced transaction 8b569229-420a-4651-8bd4-6c01037a7ea9 to Kafka (289)
2026-09-10 00:18:30,425 | INFO | FraudShieldAI | Produced transaction 80dde431-ccf3-408b-bd60-28d17fe21797 to Kafka (290)
2026-09-10 00:18:32,404 | INFO | FraudShieldAI | Produced transaction be3bd17b-0f15-4cee-bb09-54087a7c14a1 to Kafka (291)
2026-09-10 00:18:34,423 | INFO | FraudShieldAI | Produced transaction 80f13bb7-470f-452f-8097-0375d0fd108b to Kafka (292)
2026-09-10 00:18:36,443 | INFO | FraudShieldAI | Produced transaction 7081be24-2224-4952-bee7-e8b355b8ee5a to Kafka (293)
2026-09-10 00:18:38,472 | INFO | FraudShieldAI | Produced transaction e2de5bff-8055-43c4-8378-b8126936a501 to Kafka (294)
2026-09-10 00:18:40,496 | INFO | FraudShieldAI | Produced transaction eef799a8-a131-410a-97a0-f492f5aef060 to Kafka (295)
2026-09-10 00:18:42,505 | INFO | FraudShieldAI | Produced transaction 7e8011a8-8418-4acf-9aae-adee50104bed to Kafka (296)
2026-09-10 00:18:44,527 | INFO | FraudShieldAI | Produced transaction 0fc7ee03-bf11-4399-8291-e758839d8452 to Kafka (297)
2026-09-10 00:18:46,556 | INFO | FraudShieldAI | Produced transaction 9ef7632d-8e0e-431f-9e77-1ad04f706332 to Kafka (298)
2026-09-10 00:18:48,575 | INFO | FraudShieldAI | Produced transaction a820fd05-2cef-43bd-ab7a-ee7de3afe445 to Kafka (299)
2026-09-10 00:18:50,588 | INFO | FraudShieldAI | Produced transaction 8b685a69-39e9-47f2-a452-0e670d2d948e to Kafka (300)
2026-09-10 00:18:52,610 | INFO | FraudShieldAI | Produced transaction f9d6d1e9-72e1-49e0-a472-590017be472d to Kafka (301)
2026-09-10 00:18:54,631 | INFO | FraudShieldAI | Produced transaction 1f2dfbdb-d5a1-491b-832e-17a978f14557 to Kafka (302)
2026-09-10 00:18:56,647 | INFO | FraudShieldAI | Produced transaction 64e2f661-4cdc-4bbb-a710-f5f7c185f467 to Kafka (303)
2026-09-10 00:18:58,672 | INFO | FraudShieldAI | Produced transaction 9428ca5a-20ad-49fd-96fd-06db9bf08f48 to Kafka (304)
2026-09-10 00:19:00,688 | INFO | FraudShieldAI | Produced transaction 7b46d8f4-4233-44fc-b5b4-4923ea459a83 to Kafka (305)
2026-09-10 00:19:02,723 | INFO | FraudShieldAI | Produced transaction 448dfd6b-f968-463d-b9ca-f81c1f18cf5b to Kafka (306)
2026-09-10 00:19:04,755 | INFO | FraudShieldAI | Produced transaction 35b14cba-aafa-46a3-ac74-df3447248111 to Kafka (307)
2026-09-10 00:19:06,754 | INFO | FraudShieldAI | Produced transaction 4e36e015-b9fd-49f5-982a-b610dd9bba61 to Kafka (308)
2026-09-10 00:19:08,760 | INFO | FraudShieldAI | Produced transaction e021264d-169a-470b-a559-f671a6d00aab to Kafka (309)
2026-09-10 00:19:10,782 | INFO | FraudShieldAI | Produced transaction cbe6b416-9465-4cb1-a155-4d80290f0b93 to Kafka (310)
2026-09-10 00:19:12,797 | INFO | FraudShieldAI | Produced transaction f47a9e3c-b795-41a6-8a90-b23aede3f0ef to Kafka (311)
2026-09-10 00:19:14,807 | INFO | FraudShieldAI | Produced transaction c58cc412-b734-463a-bff8-171dde4a392c to Kafka (312)
2026-09-10 00:19:16,835 | INFO | FraudShieldAI | Produced transaction 603a124a-343c-4860-b0f6-7d6301d1b4c0 to Kafka (313)
2026-09-10 00:19:18,864 | INFO | FraudShieldAI | Produced transaction e146f9ec-0dd4-4d07-8a53-499d988db477 to Kafka (314)
2026-09-10 00:19:20,888 | INFO | FraudShieldAI | Produced transaction 74b9a821-0717-4502-b3f0-42763ee5c9cd to Kafka (315)
2026-09-10 00:19:22,936 | INFO | FraudShieldAI | Produced transaction c4ec3a0a-9a44-4fae-8952-f36fb18f0300 to Kafka (316)
2026-09-10 00:19:24,948 | INFO | FraudShieldAI | Produced transaction 1b1b2956-b622-4520-a520-1dd7f48e9b62 to Kafka (317)
2026-09-10 00:19:26,987 | INFO | FraudShieldAI | Produced transaction ecf43c97-dd40-47af-83b2-240fff961969 to Kafka (318)
2026-09-10 00:19:29,017 | INFO | FraudShieldAI | Produced transaction 27d1096c-9924-48b3-a1dc-bb2b2e9db573 to Kafka (319)
2026-09-10 00:19:31,037 | INFO | FraudShieldAI | Produced transaction 61992620-29a3-4d9a-8e17-7a4baf87c978 to Kafka (320)
2026-09-10 00:19:33,074 | INFO | FraudShieldAI | Produced transaction 41c8ed04-18c8-4cd1-8336-741e315c99a5 to Kafka (321)
2026-09-10 00:19:35,107 | INFO | FraudShieldAI | Produced transaction d242dd00-85cd-460b-a42b-25ca81abba89 to Kafka (322)
2026-09-10 00:19:37,157 | INFO | FraudShieldAI | Produced transaction 50c514b4-21de-4de6-8c34-64ddecaa3687 to Kafka (323)
2026-09-10 00:19:39,164 | INFO | FraudShieldAI | Produced transaction ec3d09d8-d2fb-4a26-8bcc-b154e39498f6 to Kafka (324)
2026-09-10 00:19:41,205 | INFO | FraudShieldAI | Produced transaction 2b13ec09-2a2a-4b46-9a5f-fdb4b77867d4 to Kafka (325)
2026-09-10 00:19:43,219 | INFO | FraudShieldAI | Produced transaction 1fa421f1-35a2-4617-8382-365bca297adc to Kafka (326)
2026-09-10 00:19:45,241 | INFO | FraudShieldAI | Produced transaction 3a1e8c63-bb3d-4838-b0fb-1fc846f71a10 to Kafka (327)
2026-09-10 00:19:47,277 | INFO | FraudShieldAI | Produced transaction b5cbd894-6d5e-4b2b-ba49-8d5a46cde94d to Kafka (328)
2026-09-10 00:19:49,282 | INFO | FraudShieldAI | Produced transaction 4d365677-8aa8-463a-96e3-59a7dd3a1260 to Kafka (329)
2026-09-10 00:19:51,310 | INFO | FraudShieldAI | Produced transaction 5b960f6e-be7f-4c7d-b532-bcea4c1b4b1b to Kafka (330)
2026-09-10 00:19:53,323 | INFO | FraudShieldAI | Produced transaction d7516fa2-d7cc-46d2-82cb-236b7389f244 to Kafka (331)
2026-09-10 00:19:55,332 | INFO | FraudShieldAI | Produced transaction d4b5585a-f5a6-4408-baa3-1998757b28c8 to Kafka (332)
2026-09-10 00:19:57,334 | INFO | FraudShieldAI | Produced transaction bfbd6521-9998-42b7-9ad5-21431eb9f6c7 to Kafka (333)
2026-09-10 00:19:59,354 | INFO | FraudShieldAI | Produced transaction 1eb9fcb5-816c-466d-b721-7ba185e776c0 to Kafka (334)
2026-09-10 00:20:01,382 | INFO | FraudShieldAI | Produced transaction 86ea537c-9a64-4204-859c-74c8d952013b to Kafka (335)
2026-09-10 00:20:03,419 | INFO | FraudShieldAI | Produced transaction e7778f3d-56b4-44b7-92a8-0483529785fc to Kafka (336)
2026-09-10 00:20:05,436 | INFO | FraudShieldAI | Produced transaction beb265ba-a671-4f8e-8cda-ba92d79ce991 to Kafka (337)
2026-09-10 00:20:07,452 | INFO | FraudShieldAI | Produced transaction 16406b78-f828-484d-8d64-cb338bceb60c to Kafka (338)
2026-09-10 00:20:09,454 | INFO | FraudShieldAI | Produced transaction 09e8a597-6f52-4db1-8715-91e3d365f991 to Kafka (339)
2026-09-10 00:20:11,451 | INFO | FraudShieldAI | Produced transaction 2a8fc955-8608-46c9-8a98-7f14665f323b to Kafka (340)
2026-09-10 00:20:13,457 | INFO | FraudShieldAI | Produced transaction a0821127-5e18-44ff-8b40-220a53d9ee0d to Kafka (341)
2026-09-10 00:20:15,463 | INFO | FraudShieldAI | Produced transaction e0149315-920f-4ee9-86d6-2cc1423bce0f to Kafka (342)
2026-09-10 00:20:17,485 | INFO | FraudShieldAI | Produced transaction da317444-e232-4a8e-bfcc-ebc29d958dd0 to Kafka (343)
2026-09-10 00:20:19,514 | INFO | FraudShieldAI | Produced transaction 180b33fb-76b6-4ff7-9679-662d7b347c85 to Kafka (344)
2026-09-10 00:20:21,520 | INFO | FraudShieldAI | Produced transaction 77f59ff0-a2c1-483a-8fe1-e3bee69af6f7 to Kafka (345)
2026-09-10 00:20:23,542 | INFO | FraudShieldAI | Produced transaction 49ab4e4e-9aaf-4df4-a330-08a0f56e6775 to Kafka (346)
2026-09-10 00:20:25,547 | INFO | FraudShieldAI | Produced transaction 820936d7-dd3b-4e1d-ab27-6a00df13386a to Kafka (347)
2026-09-10 00:20:27,570 | INFO | FraudShieldAI | Produced transaction 9163f931-99c6-48e2-b20f-6aa8e1684218 to Kafka (348)
2026-09-10 00:20:29,587 | INFO | FraudShieldAI | Produced transaction 1c722b55-01e1-470a-908b-6bc3f622b527 to Kafka (349)
2026-09-10 00:20:31,605 | INFO | FraudShieldAI | Produced transaction 8ccec4a2-10cf-48f6-bfaa-6228006d2d4e to Kafka (350)
2026-09-10 00:20:33,618 | INFO | FraudShieldAI | Produced transaction 59b6a769-0fa7-4e9f-adab-f6de2aee16b5 to Kafka (351)
2026-09-10 00:20:35,621 | INFO | FraudShieldAI | Produced transaction cc338b6c-70de-4849-8c57-86f960fb63a6 to Kafka (352)
2026-09-10 00:20:37,627 | INFO | FraudShieldAI | Produced transaction 8974428a-c053-46a4-aabf-157256d84eff to Kafka (353)
2026-09-10 00:20:39,647 | INFO | FraudShieldAI | Produced transaction bafb0a8d-e809-4370-b1ea-51398b321502 to Kafka (354)
2026-09-10 00:20:41,672 | INFO | FraudShieldAI | Produced transaction 32aee43e-31b2-4e83-ba3f-562cf3d23e5d to Kafka (355)
2026-09-10 00:20:43,678 | INFO | FraudShieldAI | Produced transaction a56469a0-3ce1-43ea-be63-0338f6a8bf78 to Kafka (356)
2026-09-10 00:20:45,715 | INFO | FraudShieldAI | Produced transaction af03a8d7-6aec-4486-9c6d-43a212f0e8af to Kafka (357)
2026-09-10 00:20:47,764 | INFO | FraudShieldAI | Produced transaction 3be9b368-a80b-45f2-b36f-899a29e447ba to Kafka (358)
2026-09-10 00:20:49,910 | INFO | FraudShieldAI | Produced transaction 3a0a886a-cdbd-4f5d-a1d4-c722ae0a9cd4 to Kafka (359)
2026-09-10 00:20:51,921 | INFO | FraudShieldAI | Produced transaction d09faba0-2c1e-4fe5-9117-3cc21a760d5d to Kafka (360)
2026-09-10 00:20:53,932 | INFO | FraudShieldAI | Produced transaction e2a17cd6-364e-4885-9787-4e24ab95bc2a to Kafka (361)
2026-09-10 00:20:55,943 | INFO | FraudShieldAI | Produced transaction 841a7199-b6b7-4c8c-a509-4f89dd64b52c to Kafka (362)
2026-09-10 00:20:57,960 | INFO | FraudShieldAI | Produced transaction 45f38d29-b7de-4272-8ebb-2ab0ed8be5c8 to Kafka (363)
2026-09-10 00:20:59,994 | INFO | FraudShieldAI | Produced transaction 9237cecf-1410-4b48-a1da-e7869ccce5cb to Kafka (364)
2026-09-10 00:21:02,031 | INFO | FraudShieldAI | Produced transaction 71734c6b-6c9c-44bd-8fec-cb3899014dce to Kafka (365)
2026-09-10 00:21:04,058 | INFO | FraudShieldAI | Produced transaction ca7144d0-a609-44f1-852e-190b5d84fc06 to Kafka (366)
2026-09-10 00:21:06,095 | INFO | FraudShieldAI | Produced transaction b79c4543-3cdc-4ca9-bb1a-e316493bde2b to Kafka (367)
2026-09-10 00:21:08,112 | INFO | FraudShieldAI | Produced transaction 08b576c3-1bbc-41cd-8d0c-9b508d21df5a to Kafka (368)
2026-09-10 00:21:10,153 | INFO | FraudShieldAI | Produced transaction 90f563ba-add9-4fd2-8a99-8876479f5600 to Kafka (369)
2026-09-10 00:21:12,168 | INFO | FraudShieldAI | Produced transaction ed8ace97-f552-4d95-bcda-4d83cbfef4e1 to Kafka (370)
2026-09-10 00:21:14,190 | INFO | FraudShieldAI | Produced transaction 1eeda890-1d5b-4b04-94cb-50a9edac72c5 to Kafka (371)
2026-09-10 00:21:16,186 | INFO | FraudShieldAI | Produced transaction 87e6b52c-c7ab-4c48-95ce-74872ca6d67f to Kafka (372)
2026-09-10 00:21:18,214 | INFO | FraudShieldAI | Produced transaction 62b9dc52-dc4b-4230-a04c-2daa29624df4 to Kafka (373)
2026-09-10 00:21:20,227 | INFO | FraudShieldAI | Produced transaction bccbaf1c-f09a-4240-aa70-0f62fa8e3c1d to Kafka (374)
2026-09-10 00:21:22,252 | INFO | FraudShieldAI | Produced transaction 513b2691-c8ce-4557-be09-9737bd46f1f1 to Kafka (375)
2026-09-10 00:21:24,265 | INFO | FraudShieldAI | Produced transaction db4df1e7-16eb-44c4-b3bb-91a4fef4d7d4 to Kafka (376)
2026-09-10 00:21:26,301 | INFO | FraudShieldAI | Produced transaction f206f206-bdd9-47ac-b36b-8aafa52e9dca to Kafka (377)
2026-09-10 00:21:28,296 | INFO | FraudShieldAI | Produced transaction af2ac1eb-91d2-4222-b430-96d03a893904 to Kafka (378)
2026-09-10 00:21:30,299 | INFO | FraudShieldAI | Produced transaction 06f7a983-bd29-41b4-a814-d33c29c741f1 to Kafka (379)
2026-09-10 00:21:32,331 | INFO | FraudShieldAI | Produced transaction e128f5f6-8a9e-49ba-965a-ebdbe1113f5c to Kafka (380)
2026-09-10 00:21:34,314 | INFO | FraudShieldAI | Produced transaction cd22b258-4fa8-4658-a3cc-6329119a4e28 to Kafka (381)
2026-09-10 00:21:36,338 | INFO | FraudShieldAI | Produced transaction af4be86d-d341-4680-a3f2-3a38f7428c19 to Kafka (382)
2026-09-10 00:21:38,356 | INFO | FraudShieldAI | Produced transaction a9a55d92-bb8a-4187-af38-ecaf133ff2cc to Kafka (383)
2026-09-10 00:21:40,360 | INFO | FraudShieldAI | Produced transaction e558cd5b-7698-43e6-8635-2c43d6b5d8a3 to Kafka (384)
2026-09-10 00:21:42,380 | INFO | FraudShieldAI | Produced transaction 072009a7-f308-4cc9-a25a-886a53e94d72 to Kafka (385)
2026-09-10 00:21:44,407 | INFO | FraudShieldAI | Produced transaction 9d8d12ec-0f36-418e-bd96-6a412963ecd8 to Kafka (386)
2026-09-10 00:21:46,445 | INFO | FraudShieldAI | Produced transaction ee9939e4-738e-4742-b7d9-8952a3f4f49e to Kafka (387)
2026-09-10 00:21:48,469 | INFO | FraudShieldAI | Produced transaction 562b3469-3c34-4f1a-8ace-48f1a1ccd14f to Kafka (388)
2026-09-10 00:21:49,046 | INFO | FraudShieldAI | Stopping Kafka streaming pipeline...
2026-09-10 00:21:49,047 | INFO | FraudShieldAI | Kafka producer loop cancelled.
2026-09-10 00:21:49,049 | INFO | FraudShieldAI | Kafka producer loop terminated. Produced=388
2026-09-10 00:21:49,057 | INFO | FraudShieldAI | Kafka streaming pipeline stopped.
2026-09-10 00:25:30,215 | INFO | FraudShieldAI | Kafka consumer start result: {'started': False, 'message': 'Kafka consumer is already running.'}
2026-09-10 00:25:30,222 | INFO | FraudShieldAI | Kafka streaming pipeline started.
2026-09-10 00:25:30,372 | INFO | FraudShieldAI | Kafka producer initialized successfully.
2026-09-10 00:25:30,375 | INFO | FraudShieldAI | Kafka producer loop started. interval=2.00s max_transactions=None
2026-09-10 00:25:30,493 | INFO | FraudShieldAI | Produced transaction 1f62029e-1992-4e72-b63f-edb9a378cef8 to Kafka (1)
2026-09-10 00:25:32,502 | INFO | FraudShieldAI | Produced transaction 267948a1-ae83-4ade-b312-4ebe8dec9675 to Kafka (2)
2026-09-10 00:25:34,523 | INFO | FraudShieldAI | Produced transaction a9a0b446-30f1-4c35-9815-975057a3dd6e to Kafka (3)
2026-09-10 00:25:36,559 | INFO | FraudShieldAI | Produced transaction 5189f88a-2ce6-467e-a8f1-086c4819b852 to Kafka (4)
2026-09-10 00:25:38,569 | INFO | FraudShieldAI | Produced transaction 5b695959-54f6-433a-acce-131767cb5609 to Kafka (5)
2026-09-10 00:25:40,580 | INFO | FraudShieldAI | Produced transaction 8bccd515-fbce-49d7-94c8-32033a69fb20 to Kafka (6)
2026-09-10 00:25:42,637 | INFO | FraudShieldAI | Produced transaction ceed3b23-ff56-49d6-be8b-d744a2e0ce65 to Kafka (7)
2026-09-10 00:25:44,715 | INFO | FraudShieldAI | Produced transaction c8981fe1-b6e8-4720-944a-9545ecb6995b to Kafka (8)
2026-09-10 00:25:46,776 | INFO | FraudShieldAI | Produced transaction 9815554b-be24-4e63-85ce-4c42e62e235a to Kafka (9)
2026-09-10 00:25:48,831 | INFO | FraudShieldAI | Produced transaction 726e0b4c-bccc-4366-bdc7-2c163d44287a to Kafka (10)
2026-09-10 00:25:50,851 | INFO | FraudShieldAI | Produced transaction d299a80a-6f8c-4e14-ac35-ab82a75686ea to Kafka (11)
2026-09-10 00:25:52,883 | INFO | FraudShieldAI | Produced transaction ee99bf8b-eafa-46f5-883f-63d87065af95 to Kafka (12)
2026-09-10 00:25:54,913 | INFO | FraudShieldAI | Produced transaction 2ec02e7b-2c20-47d4-a39d-ba35f3ea8837 to Kafka (13)
2026-09-10 00:25:56,934 | INFO | FraudShieldAI | Produced transaction c9a769e1-0cf1-4b2f-bc80-992df34f77c1 to Kafka (14)
2026-09-10 00:25:58,949 | INFO | FraudShieldAI | Produced transaction 44c3005f-58e3-4c5f-a8f8-5f5c476f504f to Kafka (15)
2026-09-10 00:26:00,963 | INFO | FraudShieldAI | Produced transaction acea87a8-ea22-42ba-af8e-e6a186302f99 to Kafka (16)
2026-09-10 00:26:02,992 | INFO | FraudShieldAI | Produced transaction 7df56e46-95cc-4f6c-bd4c-4050a04ed18f to Kafka (17)
2026-09-10 00:26:05,019 | INFO | FraudShieldAI | Produced transaction ab000c20-9aca-4fd6-921e-15cb2828cf7c to Kafka (18)
2026-09-10 00:26:07,075 | INFO | FraudShieldAI | Produced transaction af1ab1aa-ef72-4e1b-b8a9-0b904e878e17 to Kafka (19)
2026-09-10 00:26:09,092 | INFO | FraudShieldAI | Produced transaction db914ca5-0e37-43a9-9e1a-3c38dc296638 to Kafka (20)
2026-09-10 00:26:11,126 | INFO | FraudShieldAI | Produced transaction eea87751-c226-443f-9f1e-a21efa79cf9a to Kafka (21)
2026-09-10 00:26:13,186 | INFO | FraudShieldAI | Produced transaction d62bfd87-b320-41dd-b647-a9f4e8d074db to Kafka (22)
2026-09-10 00:26:15,203 | INFO | FraudShieldAI | Produced transaction 71308a8f-5a76-4396-985d-63e042edd387 to Kafka (23)
2026-09-10 00:26:17,210 | INFO | FraudShieldAI | Produced transaction 0f3abb0c-fd5d-4ec5-bbbb-cd4556e8d46c to Kafka (24)
2026-09-10 00:26:19,233 | INFO | FraudShieldAI | Produced transaction e06dd5f4-ad1a-4fe9-8a36-15e447fb9e7d to Kafka (25)
2026-09-10 00:26:21,255 | INFO | FraudShieldAI | Produced transaction 7637af29-b7d9-4924-9ca6-6d6d1c5f0400 to Kafka (26)
2026-09-10 00:26:23,293 | INFO | FraudShieldAI | Produced transaction 7a03940b-5ebc-4e08-bb00-de9456632c89 to Kafka (27)
2026-09-10 00:26:25,327 | INFO | FraudShieldAI | Produced transaction 208b9d82-6140-4a92-a04c-127c0bae3322 to Kafka (28)
2026-09-10 00:26:27,337 | INFO | FraudShieldAI | Produced transaction 588f4883-e31a-4bad-94a9-816efd952cdd to Kafka (29)
2026-09-10 00:26:29,348 | INFO | FraudShieldAI | Produced transaction 2fb53b0c-6ee9-418f-88c9-3c9023e0cd57 to Kafka (30)
2026-09-10 00:26:31,560 | INFO | FraudShieldAI | Produced transaction 077d386d-6717-4845-a1fe-36b688e98136 to Kafka (31)
2026-09-10 00:26:33,606 | INFO | FraudShieldAI | Produced transaction 1dd42088-abd5-43a0-b515-402f8b977db7 to Kafka (32)
2026-09-10 00:26:35,730 | INFO | FraudShieldAI | Produced transaction 97158724-bee4-4c8d-8849-93c4ba85c49a to Kafka (33)
2026-09-10 00:26:37,752 | INFO | FraudShieldAI | Produced transaction eee6b5b1-c092-4ea8-8d10-425e88698b5b to Kafka (34)
2026-09-10 00:26:39,799 | INFO | FraudShieldAI | Produced transaction 344eb2f2-0e20-458e-8d2a-9fdae0c4c973 to Kafka (35)
2026-09-10 00:26:41,850 | INFO | FraudShieldAI | Produced transaction dcf2ed28-d251-4b7c-8bd4-4f4aa0ebc1d7 to Kafka (36)
2026-09-10 00:26:43,882 | INFO | FraudShieldAI | Produced transaction 62b6efc3-0d17-439d-9be0-9b7cd3de0148 to Kafka (37)
2026-09-10 00:26:45,909 | INFO | FraudShieldAI | Produced transaction bad34649-4257-4ba1-a0af-06f5d8b5d2ba to Kafka (38)
2026-09-10 00:26:47,924 | INFO | FraudShieldAI | Produced transaction 5ed675e6-d76b-4cab-8f4d-b6a56f96a808 to Kafka (39)
2026-09-10 00:26:49,922 | INFO | FraudShieldAI | Produced transaction c95a782a-1faf-43f8-b364-b18d2fda8363 to Kafka (40)
2026-09-10 00:26:52,419 | INFO | FraudShieldAI | Produced transaction 1f4126e0-2dcf-4502-a5a7-5fd3259c675a to Kafka (41)
2026-09-10 00:26:54,434 | INFO | FraudShieldAI | Produced transaction 05bea3ef-ad67-407a-81bd-6d9da6075333 to Kafka (42)
2026-09-10 00:26:56,474 | INFO | FraudShieldAI | Produced transaction 9bc8806e-7745-45c7-82fa-b47daeb0fb85 to Kafka (43)
2026-09-10 00:26:58,504 | INFO | FraudShieldAI | Produced transaction bf1d4e42-5099-47e2-9c35-4d8744674718 to Kafka (44)
2026-09-10 00:27:00,543 | INFO | FraudShieldAI | Produced transaction 5978bca8-3923-4de6-b5c3-f4d486b8d507 to Kafka (45)
2026-09-10 00:27:02,569 | INFO | FraudShieldAI | Produced transaction 2fbe7d0c-cbe6-4dbb-8c55-7c5282c7c204 to Kafka (46)
2026-09-10 00:27:04,604 | INFO | FraudShieldAI | Produced transaction 7f60c204-ae15-4c9d-ad62-d6b61260a5de to Kafka (47)
2026-09-10 00:27:06,633 | INFO | FraudShieldAI | Produced transaction 831e9bf9-a55b-4059-9006-4608192160ef to Kafka (48)
2026-09-10 00:27:08,642 | INFO | FraudShieldAI | Produced transaction 6c3ce0d5-bd66-4fa8-93e4-85daf2546d78 to Kafka (49)
2026-09-10 00:27:10,647 | INFO | FraudShieldAI | Produced transaction 8230bd46-148f-4042-b82d-ffaabf8c660d to Kafka (50)
2026-09-10 00:27:12,681 | INFO | FraudShieldAI | Produced transaction 16bfeb65-ba18-4ccd-91eb-9b676b8132f2 to Kafka (51)
2026-09-10 00:27:14,689 | INFO | FraudShieldAI | Produced transaction 686097fc-0a56-4776-a00f-417e61344e81 to Kafka (52)
2026-09-10 00:27:16,694 | INFO | FraudShieldAI | Produced transaction 898fd0d0-57c3-4bde-9d1a-32bc02d09fbb to Kafka (53)
2026-09-10 00:27:18,726 | INFO | FraudShieldAI | Produced transaction 67f11820-ea52-4e36-b2b7-eebcbc3f67ed to Kafka (54)
2026-09-10 00:27:20,758 | INFO | FraudShieldAI | Produced transaction 9adfc121-d6d9-418b-9d8f-710678644969 to Kafka (55)
2026-09-10 00:27:22,780 | INFO | FraudShieldAI | Produced transaction 7e41f053-a825-403f-8cdf-93cc3d2aa034 to Kafka (56)
2026-09-10 00:27:24,799 | INFO | FraudShieldAI | Produced transaction cc0285b9-46b0-46cb-ab0a-4079e0b1045c to Kafka (57)
2026-09-10 00:27:26,807 | INFO | FraudShieldAI | Produced transaction 4e4d1f8b-05c3-4d90-88fd-72b3359a4872 to Kafka (58)
2026-09-10 00:27:28,834 | INFO | FraudShieldAI | Produced transaction 39b97dd8-e572-4683-93ce-1186911054e8 to Kafka (59)
2026-09-10 00:27:30,847 | INFO | FraudShieldAI | Produced transaction 8fb5b3f3-3931-4f4f-a9a3-59f84f72e20f to Kafka (60)
2026-09-10 00:27:32,843 | INFO | FraudShieldAI | Produced transaction 45ba73a1-4283-4ea8-a82d-9ba6ec545364 to Kafka (61)
2026-09-10 00:27:34,865 | INFO | FraudShieldAI | Produced transaction 70fc93b9-50e2-4566-a644-a5c14359ff21 to Kafka (62)
2026-09-10 00:27:36,884 | INFO | FraudShieldAI | Produced transaction 1dc71275-83b9-4199-a2fe-b241e0ee7830 to Kafka (63)
2026-09-10 00:27:38,919 | INFO | FraudShieldAI | Produced transaction 64d3780c-d5f3-43dc-b67a-82de87697a8c to Kafka (64)
2026-09-10 00:27:40,941 | INFO | FraudShieldAI | Produced transaction b32deb01-f266-4e06-9b88-4df307dc27c6 to Kafka (65)
2026-09-10 00:27:42,954 | INFO | FraudShieldAI | Produced transaction 99950107-61c5-464b-8b67-252de82f201a to Kafka (66)
2026-09-10 00:27:44,963 | INFO | FraudShieldAI | Produced transaction f42f0e16-af9d-406c-a0a6-f34243a74542 to Kafka (67)
2026-09-10 00:27:46,982 | INFO | FraudShieldAI | Produced transaction 806085c8-c22d-4a96-82fc-36c5a20e242e to Kafka (68)
2026-09-10 00:27:48,984 | INFO | FraudShieldAI | Produced transaction 2e1fe9d7-acb0-46f9-86d9-5480e9da3dc2 to Kafka (69)
2026-09-10 00:27:50,990 | INFO | FraudShieldAI | Produced transaction f12092cf-66e2-4a78-bd41-bc1e97730274 to Kafka (70)
2026-09-10 00:27:53,021 | INFO | FraudShieldAI | Produced transaction aa09096a-5a16-4d9e-b6a0-1d76788ffab9 to Kafka (71)
2026-09-10 00:27:55,045 | INFO | FraudShieldAI | Produced transaction 8140c3d9-1de9-4ec8-806f-32f19e366b0c to Kafka (72)
2026-09-10 00:27:57,071 | INFO | FraudShieldAI | Produced transaction 6348e32b-19f3-47f1-aaa8-ad6131be039e to Kafka (73)
2026-09-10 00:27:59,092 | INFO | FraudShieldAI | Produced transaction 4f4cc8c9-e10a-468e-9097-57a213472b28 to Kafka (74)
2026-09-10 00:28:01,094 | INFO | FraudShieldAI | Produced transaction 73cd4e66-7bef-409e-8715-ad80f733b6e2 to Kafka (75)
2026-09-10 00:28:03,094 | INFO | FraudShieldAI | Produced transaction 81308d33-705b-48fb-b615-37d90dd15e87 to Kafka (76)
2026-09-10 00:28:05,119 | INFO | FraudShieldAI | Produced transaction 3c62e6c7-a6b8-42a3-b378-e2174203ac5b to Kafka (77)
2026-09-10 00:28:07,131 | INFO | FraudShieldAI | Produced transaction 1cb3a95a-a206-4701-a01d-508312fe77b1 to Kafka (78)
2026-09-10 00:28:09,156 | INFO | FraudShieldAI | Produced transaction 0b0bda18-50b0-4e2c-b904-243905e73895 to Kafka (79)
2026-09-10 00:28:11,171 | INFO | FraudShieldAI | Produced transaction ac4ca606-512a-4010-a834-04ea3feace0c to Kafka (80)
2026-09-10 00:28:13,189 | INFO | FraudShieldAI | Produced transaction 6a4ab220-d540-4285-b20e-3e7fa50c867f to Kafka (81)
2026-09-10 00:28:15,208 | INFO | FraudShieldAI | Produced transaction 1e1d943e-d638-4aca-b449-36023eaae0f0 to Kafka (82)
2026-09-10 00:28:17,222 | INFO | FraudShieldAI | Produced transaction e8671f74-631f-4921-b334-2146c6db64ee to Kafka (83)
2026-09-10 00:28:19,232 | INFO | FraudShieldAI | Produced transaction 23eef4ee-c91e-43bc-926c-d1a850df512e to Kafka (84)
2026-09-10 00:28:21,251 | INFO | FraudShieldAI | Produced transaction 6bd7a56f-01fa-45c9-ad62-7ff7e69d5a3a to Kafka (85)
2026-09-10 00:28:23,264 | INFO | FraudShieldAI | Produced transaction c833e213-7cff-4e86-832d-3d7700c8d916 to Kafka (86)
2026-09-10 00:28:25,283 | INFO | FraudShieldAI | Produced transaction 646d0595-6794-4fff-8d85-c1267dba7af8 to Kafka (87)
2026-09-10 00:28:27,283 | INFO | FraudShieldAI | Produced transaction a6a4fab2-7ca9-4616-9367-820055b7e50c to Kafka (88)
2026-09-10 00:28:29,304 | INFO | FraudShieldAI | Produced transaction 46e633f0-4402-47b2-868e-0d3ac3668628 to Kafka (89)
2026-09-10 00:28:31,335 | INFO | FraudShieldAI | Produced transaction 3e4816c5-cd39-4715-a710-28da21d69de1 to Kafka (90)
2026-09-10 00:28:33,360 | INFO | FraudShieldAI | Produced transaction 13a57fe5-afec-422b-b8fe-4b11c28ef178 to Kafka (91)
2026-09-10 00:28:35,356 | INFO | FraudShieldAI | Produced transaction 5776a71f-7d39-44e8-abc7-475c4883cb6f to Kafka (92)
2026-09-10 00:28:37,376 | INFO | FraudShieldAI | Produced transaction d6362b89-3bad-4ee0-a25c-12da5af17060 to Kafka (93)
2026-09-10 00:28:39,389 | INFO | FraudShieldAI | Produced transaction e517dd07-8283-4141-9c8f-55c632562ad2 to Kafka (94)
2026-09-10 00:28:41,430 | INFO | FraudShieldAI | Produced transaction 54b46740-6ee7-43ca-9a8d-ad3f1474c0db to Kafka (95)
2026-09-10 00:28:43,466 | INFO | FraudShieldAI | Produced transaction e35760e0-bbc9-49a3-9e7e-9c6103939e57 to Kafka (96)
2026-09-10 00:28:45,495 | INFO | FraudShieldAI | Produced transaction 046ab7ba-333d-48ac-b679-c31d3147cb75 to Kafka (97)
2026-09-10 00:28:47,503 | INFO | FraudShieldAI | Produced transaction 91019105-2f4e-4f52-b169-96a40beeb0a7 to Kafka (98)
2026-09-10 00:28:49,515 | INFO | FraudShieldAI | Produced transaction 5de88b4b-6f54-4be4-9a15-bebc9f837a6a to Kafka (99)
2026-09-10 00:28:51,538 | INFO | FraudShieldAI | Produced transaction 07fd74bd-90ea-4395-9672-dbdb402a9fe0 to Kafka (100)
2026-09-10 00:28:53,561 | INFO | FraudShieldAI | Produced transaction 619e2bec-7a83-4962-9180-fd5ed0a1c026 to Kafka (101)
2026-09-10 00:28:55,584 | INFO | FraudShieldAI | Produced transaction 7bb08f65-e3ab-4a74-bc74-91c4d6b8ce13 to Kafka (102)
2026-09-10 00:28:57,591 | INFO | FraudShieldAI | Produced transaction ac9beafe-df88-4bad-9602-5cf94ccb8f1a to Kafka (103)
2026-09-10 00:28:59,615 | INFO | FraudShieldAI | Produced transaction 294f7473-172a-4ba9-855b-3c2a17be45fa to Kafka (104)
2026-09-10 00:29:01,619 | INFO | FraudShieldAI | Produced transaction 1a97ddd0-5b4b-47f6-8f2f-635797fdb336 to Kafka (105)
2026-09-10 00:29:03,569 | INFO | FraudShieldAI | Closed MongoDB connection
2026-09-10 00:29:03,571 | INFO | FraudShieldAI | Kafka producer loop cancelled.
2026-09-10 00:29:03,573 | INFO | FraudShieldAI | Kafka producer loop terminated. Produced=105
2026-09-10 01:16:54,280 | INFO | FraudShieldAI | Connected to MongoDB
2026-09-10 01:17:37,127 | INFO | FraudShieldAI | Kafka consumer start result: {'started': True, 'message': 'Kafka consumer started successfully.'}
2026-09-10 01:17:37,129 | INFO | FraudShieldAI | Kafka streaming pipeline started.
2026-09-10 01:17:37,348 | INFO | FraudShieldAI | Kafka producer initialized successfully.
2026-09-10 01:17:37,348 | INFO | FraudShieldAI | Kafka producer loop started. interval=2.00s max_transactions=None
2026-09-10 01:17:37,926 | INFO | FraudShieldAI | Produced transaction fcd518d2-47a4-4d6d-b9a4-5c823b1144c2 to Kafka (1)
2026-09-10 01:17:39,962 | INFO | FraudShieldAI | Produced transaction 8e967e02-a929-4e2c-a29e-2a0d2964b94c to Kafka (2)
2026-09-10 01:17:42,006 | INFO | FraudShieldAI | Produced transaction d358d4f3-0f75-42c3-af48-c46539baceef to Kafka (3)
2026-09-10 01:17:44,054 | INFO | FraudShieldAI | Produced transaction 8df1fc70-9cd7-4985-92d3-8bda5f660205 to Kafka (4)
2026-09-10 01:17:46,105 | INFO | FraudShieldAI | Produced transaction 1c52b62e-e124-441c-8aac-2ea7c7e19405 to Kafka (5)
2026-09-10 01:17:48,142 | INFO | FraudShieldAI | Produced transaction 89d86398-4af2-4f1a-bbdb-d40ae1460a2f to Kafka (6)
2026-09-10 01:17:50,166 | INFO | FraudShieldAI | Produced transaction 4428a271-cf9b-4158-8f16-82e3953004fb to Kafka (7)
2026-09-10 01:17:52,202 | INFO | FraudShieldAI | Produced transaction 5eff4b31-84f4-46d9-bb90-6aab1ade5258 to Kafka (8)
2026-09-10 01:17:54,231 | INFO | FraudShieldAI | Produced transaction 38fd1da5-1f9e-42f5-aeb5-812c027e51fd to Kafka (9)
2026-09-10 01:17:56,261 | INFO | FraudShieldAI | Produced transaction 9743eda8-8f9e-4de1-9df8-9da327e4a98b to Kafka (10)
2026-09-10 01:17:58,280 | INFO | FraudShieldAI | Produced transaction 24aad00e-9ea6-4728-95d2-40f4ac855600 to Kafka (11)
2026-09-10 01:18:00,305 | INFO | FraudShieldAI | Produced transaction 92b05448-6ca2-4cc1-a0ab-bb9d2fe58cf6 to Kafka (12)
2026-09-10 01:18:02,344 | INFO | FraudShieldAI | Produced transaction e317fd11-9590-4b60-ae70-6f8c93c5733e to Kafka (13)
2026-09-10 01:18:04,365 | INFO | FraudShieldAI | Produced transaction 4a16ad1f-8865-4038-b1c5-248631830760 to Kafka (14)
2026-09-10 01:18:06,414 | INFO | FraudShieldAI | Produced transaction 49160cdd-b530-4580-a970-c7dc0ea62350 to Kafka (15)
2026-09-10 01:18:08,459 | INFO | FraudShieldAI | Produced transaction 68238d94-3d08-4a6a-abb2-e2a0121cec70 to Kafka (16)
2026-09-10 01:18:10,503 | INFO | FraudShieldAI | Produced transaction bce6ab7e-6bbc-4f89-9b0e-5b4d2f70c927 to Kafka (17)
2026-09-10 01:18:12,556 | INFO | FraudShieldAI | Produced transaction 8088ad78-73d1-4aa3-be0e-bf074d2e7ed4 to Kafka (18)
2026-09-10 01:18:14,607 | INFO | FraudShieldAI | Produced transaction b58fa433-3e1d-4fcf-bf94-2d56bc147c8f to Kafka (19)
2026-09-10 01:18:16,637 | INFO | FraudShieldAI | Produced transaction 2d1e8eb2-437b-4f2f-b9b9-e94fe600474f to Kafka (20)
2026-09-10 01:18:18,683 | INFO | FraudShieldAI | Produced transaction 5f4356e9-c933-483d-9ea8-4d0a2bfe78ab to Kafka (21)
2026-09-10 01:18:20,712 | INFO | FraudShieldAI | Produced transaction ce8b9044-40a2-477d-a9b0-f053ba727123 to Kafka (22)
2026-09-10 01:18:22,733 | INFO | FraudShieldAI | Produced transaction 446439ed-5988-4330-80a2-288ae9423bfb to Kafka (23)
2026-09-10 01:18:24,778 | INFO | FraudShieldAI | Produced transaction 622044a0-9546-41a1-b43d-ce7393e1a372 to Kafka (24)
2026-09-10 01:18:26,817 | INFO | FraudShieldAI | Produced transaction 4af227e8-65be-4c05-84cd-d740b7280d81 to Kafka (25)
2026-09-10 01:18:28,866 | INFO | FraudShieldAI | Produced transaction 61a2deea-e6e6-4e92-9a06-fc6078e0af30 to Kafka (26)
2026-09-10 01:18:30,914 | INFO | FraudShieldAI | Produced transaction dccb45c0-0b80-47a7-bb1d-aede8e7681e6 to Kafka (27)
2026-09-10 01:18:32,963 | INFO | FraudShieldAI | Produced transaction 2f9016f2-23a6-480b-aed8-b01dedf6bda4 to Kafka (28)
2026-09-10 01:18:34,997 | INFO | FraudShieldAI | Produced transaction 343f1906-fff1-4e4c-b626-28633db4cd2d to Kafka (29)
2026-09-10 01:18:37,042 | INFO | FraudShieldAI | Produced transaction 4dd3dbda-bece-41ab-b2e2-c06547fd61d8 to Kafka (30)
2026-09-10 01:18:39,065 | INFO | FraudShieldAI | Produced transaction 4822db2e-64c8-4edf-a2de-ee02b5f4773d to Kafka (31)
2026-09-10 01:18:41,094 | INFO | FraudShieldAI | Produced transaction fb699e5d-20e2-4dbd-8a51-21e8fbe60827 to Kafka (32)
2026-09-10 01:18:43,120 | INFO | FraudShieldAI | Produced transaction 67d87cdb-8ba6-4d52-ba18-9b23b1af15b1 to Kafka (33)
2026-09-10 01:18:45,149 | INFO | FraudShieldAI | Produced transaction 2ec0044c-2928-4943-8d6f-0b1cfe82c19e to Kafka (34)
2026-09-10 01:18:47,163 | INFO | FraudShieldAI | Produced transaction aeb88f57-9e9f-4249-a8fb-ec32adf07f7f to Kafka (35)
2026-09-10 01:18:49,216 | INFO | FraudShieldAI | Produced transaction 1bc48a68-d0a1-4a57-b634-cee59507d1c9 to Kafka (36)
2026-09-10 01:18:51,239 | INFO | FraudShieldAI | Produced transaction ff13e2c6-9820-4991-9321-bd541559143c to Kafka (37)
2026-09-10 01:18:53,286 | INFO | FraudShieldAI | Produced transaction 03b6f457-b430-4807-9ef6-96ab9057bee2 to Kafka (38)
2026-09-10 01:18:55,316 | INFO | FraudShieldAI | Produced transaction d9668877-7588-45e5-af6d-4ee4e6b28c0b to Kafka (39)
2026-09-10 01:18:57,318 | INFO | FraudShieldAI | Produced transaction af9f5746-601d-4bb4-91d6-83f620935e12 to Kafka (40)
2026-09-10 01:18:59,342 | INFO | FraudShieldAI | Produced transaction fa1d9a78-97b9-4ced-bc4e-9ed743d42388 to Kafka (41)
2026-09-10 01:19:01,356 | INFO | FraudShieldAI | Produced transaction 16deb405-4547-478b-acdc-0a4cf170fddf to Kafka (42)
2026-09-10 01:19:03,381 | INFO | FraudShieldAI | Produced transaction d0a220c5-d20d-4ff8-aed0-794e1faec00d to Kafka (43)
2026-09-10 01:19:05,426 | INFO | FraudShieldAI | Produced transaction ecfd204e-5615-4bdd-897e-a5b4235d76de to Kafka (44)
2026-09-10 01:19:07,458 | INFO | FraudShieldAI | Produced transaction b3f64f53-6c60-4872-a3b5-e7d47b2fa7e8 to Kafka (45)
2026-09-10 01:19:09,500 | INFO | FraudShieldAI | Produced transaction cfc0d1be-d433-4420-a1cf-59ca2f2a204a to Kafka (46)
2026-09-10 01:19:11,509 | INFO | FraudShieldAI | Produced transaction b27654b9-5909-4abb-9063-5f29dcc786e3 to Kafka (47)
2026-09-10 01:19:15,529 | INFO | FraudShieldAI | Produced transaction 948f759a-6f0f-450f-a795-4bc94c8bf7e5 to Kafka (48)
2026-09-10 01:19:17,878 | INFO | FraudShieldAI | Produced transaction 8541b67d-ab20-4df7-b780-a554fbca85a2 to Kafka (49)
2026-09-10 01:19:19,922 | INFO | FraudShieldAI | Produced transaction 3774b9e9-5a6d-42f5-ab19-79443ed3f604 to Kafka (50)
2026-09-10 01:19:21,941 | INFO | FraudShieldAI | Produced transaction 9f1d1ba5-c5c3-45ba-9267-c3d4ca1ad783 to Kafka (51)
2026-09-10 01:19:23,960 | INFO | FraudShieldAI | Produced transaction 5b03797c-562c-4d8d-855a-62c8612dd80b to Kafka (52)
2026-09-10 01:19:25,988 | INFO | FraudShieldAI | Produced transaction 6b79297e-1fda-4b65-822b-7433d9686fa1 to Kafka (53)
2026-09-10 01:19:28,014 | INFO | FraudShieldAI | Produced transaction 4193066c-3679-481f-9c3b-f345b400b8a0 to Kafka (54)
2026-09-10 01:19:30,024 | INFO | FraudShieldAI | Produced transaction ac765fd4-520c-4bba-914a-1d3a61dab9cf to Kafka (55)
2026-09-10 01:19:32,061 | INFO | FraudShieldAI | Produced transaction e65a362f-9179-4c52-a240-33edd9408bbf to Kafka (56)
2026-09-10 01:19:34,096 | INFO | FraudShieldAI | Produced transaction dd0ee523-150e-4dfc-bb5d-3a9dc39885b2 to Kafka (57)
2026-09-10 01:19:36,108 | INFO | FraudShieldAI | Produced transaction 4dc86781-b024-4873-b2bf-b435bf74cd35 to Kafka (58)
2026-09-10 01:19:38,130 | INFO | FraudShieldAI | Produced transaction 603b30e4-b5a5-442e-9579-d3dac9bfcf65 to Kafka (59)
2026-09-10 01:19:40,167 | INFO | FraudShieldAI | Produced transaction 1b9b7a4b-1fb2-429d-b05c-72b0441791bf to Kafka (60)
2026-09-10 01:19:42,171 | INFO | FraudShieldAI | Produced transaction 2ae9709f-5b92-43b2-8252-4978c655bacc to Kafka (61)
2026-09-10 01:19:44,197 | INFO | FraudShieldAI | Produced transaction 7b14ba48-d1fd-4f9f-ba87-cb6654c5c9e0 to Kafka (62)
2026-09-10 01:19:46,227 | INFO | FraudShieldAI | Produced transaction 6d928c2e-1069-4827-ace0-cb586cb96a0d to Kafka (63)
2026-09-10 01:19:48,253 | INFO | FraudShieldAI | Produced transaction b3fc6469-0dda-4312-b69d-1623f14e7f33 to Kafka (64)
2026-09-10 01:19:50,261 | INFO | FraudShieldAI | Produced transaction 564f7cda-ffad-48fe-b4bb-a07634cbdfb7 to Kafka (65)
2026-09-10 01:19:52,286 | INFO | FraudShieldAI | Produced transaction 3a5cb02d-7508-4088-b7fd-d19b907fe51a to Kafka (66)
2026-09-10 01:19:54,297 | INFO | FraudShieldAI | Produced transaction 3e952ffa-38f4-4022-b34c-1babd05ee11c to Kafka (67)
2026-09-10 01:19:56,313 | INFO | FraudShieldAI | Produced transaction ccc29d8f-d996-4842-bfd8-ceed7e9c735e to Kafka (68)
2026-09-10 01:19:58,320 | INFO | FraudShieldAI | Produced transaction ccd6ecd4-92c0-4d00-b169-5c70f80d8e73 to Kafka (69)
2026-09-10 01:20:00,348 | INFO | FraudShieldAI | Produced transaction 80cf7a1c-2bf7-4792-bdd0-a9e57dd04756 to Kafka (70)
2026-09-10 01:20:03,015 | INFO | FraudShieldAI | Produced transaction d88f9b30-f543-4596-a4ea-78b36073c9b5 to Kafka (71)
2026-09-10 01:20:06,237 | INFO | FraudShieldAI | Produced transaction 4fb54254-c776-4d84-96b1-24de0f8a7463 to Kafka (72)
2026-09-10 01:20:08,269 | INFO | FraudShieldAI | Produced transaction 97126da5-5b9f-44c0-bedc-d5764822864b to Kafka (73)
2026-09-10 01:20:10,291 | INFO | FraudShieldAI | Produced transaction e9cf5fbf-3d07-4792-b052-33909ac9aa1c to Kafka (74)
2026-09-10 01:20:12,297 | INFO | FraudShieldAI | Produced transaction ab6e4864-7c49-4cf3-9a40-31a3e399e916 to Kafka (75)
2026-09-10 01:20:14,321 | INFO | FraudShieldAI | Produced transaction df825b21-c478-413f-8311-ff9041d2dc27 to Kafka (76)
2026-09-10 01:20:16,344 | INFO | FraudShieldAI | Produced transaction 89610067-d1a9-4ee6-a3fb-990a84cfa7f1 to Kafka (77)
2026-09-10 01:20:18,354 | INFO | FraudShieldAI | Produced transaction b732b857-f5b7-4a8b-b8cb-13be365f33aa to Kafka (78)
2026-09-10 01:20:20,389 | INFO | FraudShieldAI | Produced transaction 5f1137fe-245f-4bf1-aa3c-df69064eb99e to Kafka (79)
2026-09-10 01:20:22,412 | INFO | FraudShieldAI | Produced transaction 40457816-a4a1-43c6-8799-48594f6100b8 to Kafka (80)
2026-09-10 01:20:24,440 | INFO | FraudShieldAI | Produced transaction d1777f90-f7eb-4936-8340-89c874933fcc to Kafka (81)
2026-09-10 01:20:26,684 | INFO | FraudShieldAI | Produced transaction 5a7298dc-af4d-4662-a1a0-ca2aaad2f60b to Kafka (82)
2026-09-10 01:20:33,853 | INFO | FraudShieldAI | Produced transaction 42ffaeb4-3e65-4aca-9b00-096758523ac1 to Kafka (83)
2026-09-10 01:20:35,883 | INFO | FraudShieldAI | Produced transaction 0906a3b3-ecf6-439e-887c-d5e85d1b2b1c to Kafka (84)
2026-09-10 01:20:37,921 | INFO | FraudShieldAI | Produced transaction 69f143dc-ee3d-4928-87de-b5e033b2fa03 to Kafka (85)
2026-09-10 01:20:40,006 | INFO | FraudShieldAI | Produced transaction 3b903d8e-e973-4543-900e-a3a4864c3fbe to Kafka (86)
2026-09-10 01:20:42,061 | INFO | FraudShieldAI | Produced transaction ebc1e1e0-461b-4d39-a145-3d939e1eaf46 to Kafka (87)
2026-09-10 01:20:44,110 | INFO | FraudShieldAI | Produced transaction e54e25f9-5bcd-4d58-bf7d-aa833dcfd805 to Kafka (88)
2026-09-10 01:20:46,140 | INFO | FraudShieldAI | Produced transaction 5d815556-e58d-459e-af1e-ae0c3205b386 to Kafka (89)
2026-09-10 01:20:48,153 | INFO | FraudShieldAI | Produced transaction 62e40270-b3a0-4f5f-b755-c8ec13491b0a to Kafka (90)
2026-09-10 01:20:51,063 | INFO | FraudShieldAI | Produced transaction 2b550eb7-696d-40e1-8c8f-83479313bb68 to Kafka (91)
2026-09-10 01:20:58,111 | INFO | FraudShieldAI | Produced transaction f94ae204-e7f6-47b1-86ed-fd9b44646001 to Kafka (92)
2026-09-10 01:21:00,166 | INFO | FraudShieldAI | Produced transaction f3fe1a9f-acdf-4e0b-a3a1-c216aabbec52 to Kafka (93)
2026-09-10 01:21:02,193 | INFO | FraudShieldAI | Produced transaction 3f91a648-55b2-45ff-ae49-6ae07ab8b75a to Kafka (94)
2026-09-10 01:21:04,208 | INFO | FraudShieldAI | Produced transaction a060766d-34e3-400d-a05e-c0f8a967b9bc to Kafka (95)
2026-09-10 01:21:06,250 | INFO | FraudShieldAI | Produced transaction b1d79581-88b0-45e8-a282-f615a1e3a9b2 to Kafka (96)
2026-09-10 01:21:08,273 | INFO | FraudShieldAI | Produced transaction 6abf4dbe-8bcb-443e-9c64-6093b89dd62a to Kafka (97)
2026-09-10 01:21:10,304 | INFO | FraudShieldAI | Produced transaction c9b1cb0f-8080-4042-b717-9f6cf21102c8 to Kafka (98)
2026-09-10 01:21:12,328 | INFO | FraudShieldAI | Produced transaction 13ffb2c6-d5e2-4599-9980-ba0e272c3d04 to Kafka (99)
2026-09-10 01:21:14,344 | INFO | FraudShieldAI | Produced transaction 896817ce-72dc-424f-8dfc-40f6d8bc20e5 to Kafka (100)
2026-09-10 01:21:16,382 | INFO | FraudShieldAI | Produced transaction 89fa727f-c967-419e-a74c-7475d8ab4160 to Kafka (101)
2026-09-10 01:21:18,419 | INFO | FraudShieldAI | Produced transaction affbce0f-96e8-428f-b018-fcad2541782e to Kafka (102)
2026-09-10 01:21:20,432 | INFO | FraudShieldAI | Produced transaction 518dc742-3ee0-4b97-a3cb-89e91a3f07dc to Kafka (103)
2026-09-10 01:21:22,449 | INFO | FraudShieldAI | Produced transaction fdb438eb-bce6-4c22-944f-7c40a0e58a41 to Kafka (104)
2026-09-10 01:21:24,463 | INFO | FraudShieldAI | Produced transaction c0a0009f-76c7-4a83-a2ab-be0abde9ea2b to Kafka (105)
2026-09-10 01:21:27,105 | INFO | FraudShieldAI | Produced transaction 63322b70-4490-42d8-8881-c56a926fd1e2 to Kafka (106)
2026-09-10 01:21:34,026 | INFO | FraudShieldAI | Produced transaction 32771042-b158-4f4d-8146-03feb4538cb3 to Kafka (107)
2026-09-10 01:21:36,143 | INFO | FraudShieldAI | Produced transaction 1cde659d-11fb-4c1e-9cb4-20fb56ebb496 to Kafka (108)
2026-09-10 01:21:38,178 | INFO | FraudShieldAI | Produced transaction bda7533a-749b-4dc0-8c95-57aaa9cef5c4 to Kafka (109)
2026-09-10 01:21:40,219 | INFO | FraudShieldAI | Produced transaction 3a444bdf-0136-47ac-904c-1df7283148c6 to Kafka (110)
2026-09-10 01:21:42,232 | INFO | FraudShieldAI | Produced transaction 46e3b1dd-c5f1-4a62-a702-e236484a9e7b to Kafka (111)
2026-09-10 01:21:44,254 | INFO | FraudShieldAI | Produced transaction eb6c91eb-2c42-49b1-b3d6-077806e06ac5 to Kafka (112)
2026-09-10 01:21:46,289 | INFO | FraudShieldAI | Produced transaction 907c6f56-d51a-40d4-80c5-e6a1699f6ffb to Kafka (113)
2026-09-10 01:21:48,297 | INFO | FraudShieldAI | Produced transaction e891a15c-1db3-4ac4-bc97-b9a9dc21d74c to Kafka (114)
2026-09-10 01:21:50,320 | INFO | FraudShieldAI | Produced transaction caf653ce-8a1b-49bd-8d30-08f48a67e7ed to Kafka (115)
2026-09-10 01:21:52,334 | INFO | FraudShieldAI | Produced transaction 3c9e9a13-f84f-4817-a6c0-fa259cf726b7 to Kafka (116)
2026-09-10 01:21:54,362 | INFO | FraudShieldAI | Produced transaction 8ca04f1f-995e-4ac5-b481-287bb3d2d8ad to Kafka (117)
2026-09-10 01:21:56,381 | INFO | FraudShieldAI | Produced transaction 6356f2cf-221e-4371-97c3-06746fd37e55 to Kafka (118)
2026-09-10 01:21:58,413 | INFO | FraudShieldAI | Produced transaction 68d50642-b65e-47bb-bc27-b9ba64045376 to Kafka (119)
2026-09-10 01:22:00,451 | INFO | FraudShieldAI | Produced transaction c2541cb3-d704-4cab-aede-be1e275870cf to Kafka (120)
2026-09-10 01:22:02,465 | INFO | FraudShieldAI | Produced transaction 1b9cbf3e-f139-489f-b9ed-b7f275dc223b to Kafka (121)
2026-09-10 01:22:04,606 | INFO | FraudShieldAI | Produced transaction 5ce4da1e-0b21-42e1-ba0d-0da755f8f4ff to Kafka (122)
2026-09-10 01:22:09,046 | INFO | FraudShieldAI | Produced transaction 221aeb17-2894-47f4-aab2-751c9c2ea27c to Kafka (123)
2026-09-10 01:22:11,075 | INFO | FraudShieldAI | Produced transaction bbf42333-2fde-4b9f-9bc5-f48e1c3b2935 to Kafka (124)
2026-09-10 01:22:13,097 | INFO | FraudShieldAI | Produced transaction 9ece7a8d-5fdd-4e27-887b-46b3d5efac66 to Kafka (125)
2026-09-10 01:22:15,136 | INFO | FraudShieldAI | Produced transaction 7fba2895-0798-4277-8a76-9797f994e05c to Kafka (126)
2026-09-10 01:22:17,856 | INFO | FraudShieldAI | Produced transaction 69508c50-25fa-426c-97c4-e2b21edf9b3c to Kafka (127)
2026-09-10 01:22:19,977 | INFO | FraudShieldAI | Produced transaction 56dd9aed-bd47-4a9f-9ef6-4fc22bc34929 to Kafka (128)
2026-09-10 01:22:22,000 | INFO | FraudShieldAI | Produced transaction bb8d8f9e-4337-44cb-a7b2-0f60837795cf to Kafka (129)
2026-09-10 01:22:24,009 | INFO | FraudShieldAI | Produced transaction c75bef8a-0d2d-4ba4-a8ff-06c14cfaff84 to Kafka (130)
2026-09-10 01:22:26,030 | INFO | FraudShieldAI | Produced transaction d331008a-271b-4483-b22a-ddc1ae64d871 to Kafka (131)
2026-09-10 01:22:28,082 | INFO | FraudShieldAI | Produced transaction b5a3fd8c-4f5d-43a1-8d4c-c795d45cd69b to Kafka (132)
2026-09-10 01:22:30,114 | INFO | FraudShieldAI | Produced transaction 251d9f08-d1f6-4256-9e31-b0fe001e9268 to Kafka (133)
2026-09-10 01:22:32,153 | INFO | FraudShieldAI | Produced transaction b28b8a4c-4100-4455-bf8e-12e630e224a2 to Kafka (134)
2026-09-10 01:22:34,173 | INFO | FraudShieldAI | Produced transaction e2dae3b7-46a9-420b-8288-0bd66ad22866 to Kafka (135)
2026-09-10 01:22:36,194 | INFO | FraudShieldAI | Produced transaction 0f62aa2a-6212-48f9-925b-25bc1db2ad86 to Kafka (136)
2026-09-10 01:22:38,208 | INFO | FraudShieldAI | Produced transaction be19a94f-13ad-486c-b2e3-fae01a8db7ac to Kafka (137)
2026-09-10 01:22:40,238 | INFO | FraudShieldAI | Produced transaction 58bde6d2-9d36-433d-83dd-26ad85aabf25 to Kafka (138)
2026-09-10 01:22:42,270 | INFO | FraudShieldAI | Produced transaction 303d97d7-5e75-4dd4-adb6-9f733f873c60 to Kafka (139)
2026-09-10 01:22:44,300 | INFO | FraudShieldAI | Produced transaction 22b857fd-7e73-46bf-ac05-532fafad6e4d to Kafka (140)
2026-09-10 01:22:46,324 | INFO | FraudShieldAI | Produced transaction 3c57ba90-2666-44cd-82e3-583d7a1bcf03 to Kafka (141)
2026-09-10 01:22:48,546 | INFO | FraudShieldAI | Produced transaction b0db0a89-86e4-4037-b6d4-4fd4995d4a69 to Kafka (142)
2026-09-10 01:22:50,575 | INFO | FraudShieldAI | Produced transaction 04878389-6f07-48cc-9bff-4f08f81cc20e to Kafka (143)
2026-09-10 01:22:52,611 | INFO | FraudShieldAI | Produced transaction 94edcd18-d0c7-42ec-b7ae-e059d5699648 to Kafka (144)
2026-09-10 01:22:54,628 | INFO | FraudShieldAI | Produced transaction a4af5993-22f4-408e-8afa-c0920294f378 to Kafka (145)
2026-09-10 01:22:56,673 | INFO | FraudShieldAI | Produced transaction c307a250-9d4e-460d-bbcc-277580d1f989 to Kafka (146)
2026-09-10 01:22:58,693 | INFO | FraudShieldAI | Produced transaction b4bf7138-89b8-4621-89c2-99bb469b0842 to Kafka (147)
2026-09-10 01:23:00,729 | INFO | FraudShieldAI | Produced transaction 19a7661d-efb6-4265-a528-2c44651b99c0 to Kafka (148)
2026-09-10 01:23:02,767 | INFO | FraudShieldAI | Produced transaction d79af300-cfd8-49de-9aff-d2c6d6ee72be to Kafka (149)
2026-09-10 01:23:04,801 | INFO | FraudShieldAI | Produced transaction fe2ea33a-7ab6-4277-9489-c709d5b31502 to Kafka (150)
2026-09-10 01:23:06,845 | INFO | FraudShieldAI | Produced transaction 23a38581-d65f-4fef-9454-f43ed11004a4 to Kafka (151)
2026-09-10 01:23:08,861 | INFO | FraudShieldAI | Produced transaction 72d89b33-dd94-4736-b3cf-abad9b661c51 to Kafka (152)
2026-09-10 01:23:10,884 | INFO | FraudShieldAI | Produced transaction 2d9d13a3-0079-4b80-af99-fda7afe48ab4 to Kafka (153)
2026-09-10 01:23:12,918 | INFO | FraudShieldAI | Produced transaction 1c43cf25-92fb-4d34-93c7-65022703971b to Kafka (154)
2026-09-10 01:23:14,949 | INFO | FraudShieldAI | Produced transaction c2695b80-5c44-4adf-b17c-7c51eeca8c01 to Kafka (155)
2026-09-10 01:23:17,005 | INFO | FraudShieldAI | Produced transaction 5de56620-8bac-4101-9979-889a9347da25 to Kafka (156)
2026-09-10 01:23:19,064 | INFO | FraudShieldAI | Produced transaction 554356ef-a0ba-46a6-8aad-a801557c3e8d to Kafka (157)
2026-09-10 01:23:21,293 | INFO | FraudShieldAI | Produced transaction 73d48b02-d236-4f0f-9956-bb4e09918337 to Kafka (158)
2026-09-10 01:23:23,938 | INFO | FraudShieldAI | Produced transaction 9a594d5b-835f-47c0-ab19-2a0953f770d4 to Kafka (159)
2026-09-10 01:23:25,974 | INFO | FraudShieldAI | Produced transaction 8d7446f5-885c-4ef4-8fa6-c2ac57eef2b2 to Kafka (160)
2026-09-10 01:23:28,076 | INFO | FraudShieldAI | Produced transaction 9b1d07ab-db22-427b-82b1-f4acf15df48d to Kafka (161)
2026-09-10 01:23:31,180 | INFO | FraudShieldAI | Produced transaction c040be1c-9015-4c49-9128-cd73f9f8fe7d to Kafka (162)
2026-09-10 01:23:33,225 | INFO | FraudShieldAI | Produced transaction b58a1afd-903e-47e9-8082-eeba2c25538a to Kafka (163)
2026-09-10 01:23:35,257 | INFO | FraudShieldAI | Produced transaction 3e92a150-f53b-424b-aac4-b8db20e73f95 to Kafka (164)
2026-09-10 01:23:37,276 | INFO | FraudShieldAI | Produced transaction a162a5f3-0c91-413f-af65-84dd38754486 to Kafka (165)
2026-09-10 01:23:39,320 | INFO | FraudShieldAI | Produced transaction 89e73a61-e764-4039-a66b-af07013ddead to Kafka (166)
2026-09-10 01:23:41,368 | INFO | FraudShieldAI | Produced transaction 2f460710-6ee5-4585-ac4e-915a7cc01f05 to Kafka (167)
2026-09-10 01:23:43,370 | INFO | FraudShieldAI | Produced transaction 6f7f7302-b498-4d69-b570-5e89290b3c0a to Kafka (168)
2026-09-10 01:23:45,399 | INFO | FraudShieldAI | Produced transaction 31080059-759d-4f46-83ff-93c04fe4202f to Kafka (169)
2026-09-10 01:23:47,422 | INFO | FraudShieldAI | Produced transaction 79498052-771c-4ccc-bcdf-08d4676c41da to Kafka (170)
2026-09-10 01:23:49,453 | INFO | FraudShieldAI | Produced transaction a8e5c43a-c0e9-45c1-8c20-4b4b04d873a7 to Kafka (171)
2026-09-10 01:23:51,486 | INFO | FraudShieldAI | Produced transaction 960f21a9-6bf4-4f4c-b9b0-b34b8a254de0 to Kafka (172)
2026-09-10 01:23:53,543 | INFO | FraudShieldAI | Produced transaction 4a41e9b6-484b-4282-9fc3-9be5825a22db to Kafka (173)
2026-09-10 01:23:55,565 | INFO | FraudShieldAI | Produced transaction 0b463c45-371f-4660-a3ce-d199e4ac94be to Kafka (174)
2026-09-10 01:23:57,594 | INFO | FraudShieldAI | Produced transaction 02fc8ba6-e185-4c66-8cb3-423dd4c8a064 to Kafka (175)
2026-09-10 01:23:59,630 | INFO | FraudShieldAI | Produced transaction 5495b0d1-15f5-460d-bc91-d584b0bb834d to Kafka (176)
2026-09-10 01:24:01,666 | INFO | FraudShieldAI | Produced transaction bd629d6d-5570-4dc0-9830-8e45996e77d6 to Kafka (177)
2026-09-10 01:24:03,700 | INFO | FraudShieldAI | Produced transaction 71cd86c5-6523-4adc-af3b-93cbf36917cc to Kafka (178)
2026-09-10 01:24:05,735 | INFO | FraudShieldAI | Produced transaction 54a62009-7cc4-41a4-8dde-25e197a9f5d2 to Kafka (179)
2026-09-10 01:24:07,739 | INFO | FraudShieldAI | Produced transaction 74c739e5-3997-4afc-98d0-66162d6da23a to Kafka (180)
2026-09-10 01:24:09,778 | INFO | FraudShieldAI | Produced transaction 66932000-7cd7-4947-a357-36408efcbbe7 to Kafka (181)
2026-09-10 01:24:11,812 | INFO | FraudShieldAI | Produced transaction 7c6546f4-582c-48fc-9208-20b1a814e4c8 to Kafka (182)
2026-09-10 01:24:13,840 | INFO | FraudShieldAI | Produced transaction ade3c651-1dda-4330-aa15-bcd773bcc1f2 to Kafka (183)
2026-09-10 01:24:15,872 | INFO | FraudShieldAI | Produced transaction a2e42494-6156-468a-b93d-6c41f71dc548 to Kafka (184)
2026-09-10 01:24:17,891 | INFO | FraudShieldAI | Produced transaction a25a18a6-bcda-4247-a40d-e9f4726f973d to Kafka (185)
2026-09-10 01:24:19,918 | INFO | FraudShieldAI | Produced transaction 21e3899a-9ddf-475f-ae77-b6c9a35cd61b to Kafka (186)
2026-09-10 01:24:24,501 | INFO | FraudShieldAI | Produced transaction a5cf13d5-8be5-4e3b-addd-f63ef12eecaa to Kafka (187)
2026-09-10 01:24:26,544 | INFO | FraudShieldAI | Produced transaction 4d97a8f0-5215-47c4-80dd-4948f76bab1a to Kafka (188)
2026-09-10 01:24:28,580 | INFO | FraudShieldAI | Produced transaction 856d5b0f-b856-4d79-b16d-ae588441da09 to Kafka (189)
2026-09-10 01:24:30,584 | INFO | FraudShieldAI | Produced transaction fb8de960-1036-4b16-adca-9d4525090aaf to Kafka (190)
2026-09-10 01:24:32,622 | INFO | FraudShieldAI | Produced transaction 9aad4ac9-2bc2-401d-b695-e276fe0f90f2 to Kafka (191)
2026-09-10 01:24:34,641 | INFO | FraudShieldAI | Produced transaction a1538586-a170-436e-8ea5-6c4a95d66671 to Kafka (192)
2026-09-10 01:24:36,686 | INFO | FraudShieldAI | Produced transaction cf334e52-3e89-41b4-bf4e-3c85e1e76199 to Kafka (193)
2026-09-10 01:24:38,717 | INFO | FraudShieldAI | Produced transaction e1aac3a3-0a9f-4f29-8444-d6294872f441 to Kafka (194)
2026-09-10 01:24:40,778 | INFO | FraudShieldAI | Produced transaction fa758547-ae3e-48fd-9858-f57e594ac65a to Kafka (195)
2026-09-10 01:24:48,206 | INFO | FraudShieldAI | Produced transaction ccb4a47e-4942-4bec-8f6f-207dbbab0966 to Kafka (196)
2026-09-10 01:24:50,229 | INFO | FraudShieldAI | Produced transaction 3dd856cf-554f-461e-ba4e-aa5b3e61377d to Kafka (197)
2026-09-10 01:24:52,244 | INFO | FraudShieldAI | Produced transaction 93dc9b3d-545b-4e60-af3b-bf7b3258b089 to Kafka (198)
2026-09-10 01:24:54,253 | INFO | FraudShieldAI | Produced transaction ca5b786e-a082-4039-a7f7-cc2f7df1597b to Kafka (199)
2026-09-10 01:24:56,290 | INFO | FraudShieldAI | Produced transaction 7098a2ef-ddd9-4f66-96e8-03c45e3a23a2 to Kafka (200)
2026-09-10 01:24:58,317 | INFO | FraudShieldAI | Produced transaction 0b857d1b-964f-42f6-a296-e22f4722e9f5 to Kafka (201)
2026-09-10 01:25:00,336 | INFO | FraudShieldAI | Produced transaction 873f29a2-cb6d-4466-907b-3588211fe04a to Kafka (202)
2026-09-10 01:25:02,354 | INFO | FraudShieldAI | Produced transaction 3a2d27c0-0ee6-46ab-a7b7-2f9df0cf3889 to Kafka (203)
2026-09-10 01:25:04,368 | INFO | FraudShieldAI | Produced transaction f8185e5e-13df-44ae-a36f-ef821650fdaf to Kafka (204)
2026-09-10 01:25:06,394 | INFO | FraudShieldAI | Produced transaction 2ee92d62-7fdf-464e-acd5-2d02195dce67 to Kafka (205)
2026-09-10 01:25:08,413 | INFO | FraudShieldAI | Produced transaction 2281e3ec-cefe-4200-bed4-11ff5f83e08d to Kafka (206)
2026-09-10 01:25:10,452 | INFO | FraudShieldAI | Produced transaction aa106121-bb92-4d00-8f48-9b9a5b14724a to Kafka (207)
2026-09-10 01:25:14,098 | INFO | FraudShieldAI | Produced transaction 6728a5c6-9045-40d9-ae75-1b6af8910c04 to Kafka (208)
2026-09-10 01:25:24,400 | INFO | FraudShieldAI | Produced transaction 36c351f4-9bf9-4a4a-be51-d65c35d0f814 to Kafka (209)
2026-09-10 01:25:26,431 | INFO | FraudShieldAI | Produced transaction be7cb2b4-f4a7-4de3-8930-ca1fa2e813bb to Kafka (210)
2026-09-10 01:25:28,472 | INFO | FraudShieldAI | Produced transaction e047ae0a-2fb2-4e08-aaf7-9262e378f616 to Kafka (211)
2026-09-10 01:25:30,494 | INFO | FraudShieldAI | Produced transaction 94867df5-95ae-4ccb-96de-021b472fb18d to Kafka (212)
2026-09-10 01:25:32,533 | INFO | FraudShieldAI | Produced transaction 2e4d61ae-904d-472e-a534-8d6422ca5d45 to Kafka (213)
2026-09-10 01:25:34,543 | INFO | FraudShieldAI | Produced transaction 072c1981-62a7-416a-94c8-fd2c29df66f4 to Kafka (214)
2026-09-10 01:25:36,572 | INFO | FraudShieldAI | Produced transaction e4beb4e9-893a-4533-9f01-f9e76a24e6bb to Kafka (215)
2026-09-10 01:25:38,611 | INFO | FraudShieldAI | Produced transaction d8fe1126-3db9-4c49-a64d-01d4c796b134 to Kafka (216)
2026-09-10 01:25:40,635 | INFO | FraudShieldAI | Produced transaction 82aae792-d3bb-42eb-9344-e19440a2a3bc to Kafka (217)
2026-09-10 01:25:42,668 | INFO | FraudShieldAI | Produced transaction 1e72545f-ec0e-45fd-8b50-1cfc27f74cfb to Kafka (218)
2026-09-10 01:25:44,720 | INFO | FraudShieldAI | Produced transaction 8c72103b-6b8d-4cc8-beb1-45c8c7a6ff8c to Kafka (219)
2026-09-10 01:25:46,761 | INFO | FraudShieldAI | Produced transaction 8ddf0eda-8042-4fa5-8069-b79ddf36a36d to Kafka (220)
2026-09-10 01:25:48,796 | INFO | FraudShieldAI | Produced transaction 95e5c877-5d22-401d-b25f-adcdb9354d0e to Kafka (221)
2026-09-10 01:25:50,827 | INFO | FraudShieldAI | Produced transaction 872c05c0-0480-4335-b981-6aa75956ec04 to Kafka (222)
2026-09-10 01:25:52,845 | INFO | FraudShieldAI | Produced transaction 7614417b-389e-44fb-b2d7-97785e2cd440 to Kafka (223)
2026-09-10 01:25:54,847 | INFO | FraudShieldAI | Produced transaction fff2f184-47bd-4e4f-ac52-bb1fbfc6c223 to Kafka (224)
2026-09-10 01:25:56,878 | INFO | FraudShieldAI | Produced transaction ec854d77-7dec-4f3e-b766-7804f2666836 to Kafka (225)
2026-09-10 01:25:58,899 | INFO | FraudShieldAI | Produced transaction f4c64b14-bad1-4ca6-97d6-6aad3c476d27 to Kafka (226)
2026-09-10 01:26:00,931 | INFO | FraudShieldAI | Produced transaction 6f8b3be3-0327-4ba3-b67d-35c841b2801b to Kafka (227)
2026-09-10 01:26:02,956 | INFO | FraudShieldAI | Produced transaction 006a8ea9-3733-4cea-86ce-fc2f8176a79a to Kafka (228)
2026-09-10 01:26:04,986 | INFO | FraudShieldAI | Produced transaction 64e71c56-6fd8-4b0a-ba97-c17abcc7e170 to Kafka (229)
2026-09-10 01:26:07,036 | INFO | FraudShieldAI | Produced transaction ed712020-bbb4-4738-9717-ed37597585f9 to Kafka (230)
2026-09-10 01:26:09,056 | INFO | FraudShieldAI | Produced transaction 071c15c5-0ff0-4547-bfef-27f1c51a08a8 to Kafka (231)
2026-09-10 01:26:10,842 | INFO | FraudShieldAI | Stopping Kafka streaming pipeline...
2026-09-10 01:26:10,844 | INFO | FraudShieldAI | Kafka producer loop cancelled.
2026-09-10 01:26:10,851 | INFO | FraudShieldAI | Kafka producer loop terminated. Produced=231
2026-09-10 01:26:10,860 | INFO | FraudShieldAI | Kafka streaming pipeline stopped.
2026-09-10 02:15:52,511 | INFO | FraudShieldAI | Closed MongoDB connection
2026-09-10 02:16:22,317 | INFO | FraudShieldAI | Connected to MongoDB
2026-09-10 02:26:52,793 | INFO | FraudShieldAI | Closed MongoDB connection
2026-09-10 02:27:12,287 | INFO | FraudShieldAI | Connected to MongoDB
2026-09-10 07:33:50,287 | INFO | FraudShieldAI | Closed MongoDB connection
2026-09-10 07:34:04,413 | INFO | FraudShieldAI | Connected to MongoDB
2026-09-10 08:02:04,798 | INFO | FraudShieldAI | Closed MongoDB connection
2026-09-10 08:02:21,802 | INFO | FraudShieldAI | Connected to MongoDB
2026-09-10 08:05:29,949 | INFO | FraudShieldAI | Kafka consumer start result: {'started': True, 'message': 'Kafka consumer started successfully.'}
2026-09-10 08:05:29,958 | INFO | FraudShieldAI | Kafka streaming pipeline started.
2026-09-10 08:05:30,230 | INFO | FraudShieldAI | Kafka producer initialized successfully.
2026-09-10 08:05:30,234 | INFO | FraudShieldAI | Kafka producer loop started. interval=2.00s max_transactions=None
2026-09-10 08:05:30,599 | INFO | FraudShieldAI | Produced transaction 42d6322d-35bc-410a-b5b0-cf86a1889192 to Kafka (1)
2026-09-10 08:05:32,176 | INFO | FraudShieldAI | Stopping Kafka streaming pipeline...
2026-09-10 08:05:32,269 | INFO | FraudShieldAI | Kafka producer loop cancelled.
2026-09-10 08:05:32,584 | INFO | FraudShieldAI | Kafka producer loop terminated. Produced=1
2026-09-10 08:05:32,877 | INFO | FraudShieldAI | Kafka streaming pipeline stopped.
